operation,name,component,padstack,start,end,width,layer,net,position,delta,angle,origin,refdes,symbol,rotation,mirror,symbolType
MOVE_COMPONENT_TO,,U1,,,,,,,7620.406:38401.781,,,,,,,,
MOVE_COMPONENT_TO,,U3,,,,,,,-20822.562:41521.188,,,,,,,,
MOVE_COMPONENT_TO,,J2,,,,,,,-31595.875:45152.562,,,,,,,,
MOVE_COMPONENT_TO,,SW2,,,,,,,-42459.938:1371.312,,,,,,,,
ROTATE_COMPONENT,,SW2,,,,,,,,,180.0,,,,,,
MOVE_COMPONENT_TO,,D1,,,,,,,-10634.281:37972.875,,,,,,,,
ROTATE_COMPONENT,,D1,,,,,,,,,180.0,,,,,,
MOVE_COMPONENT_TO,,D10,,,,,,,-11376.469:45394.750,,,,,,,,
MOVE_COMPONENT_TO,,D11,,,,,,,-18804.469:33154.781,,,,,,,,
ROTATE_COMPONENT,,D11,,,,,,,,,-90.0,,,,,,
MOVE_COMPONENT_TO,,D12,,,,,,,-28452.906:39463.375,,,,,,,,
ROTATE_COMPONENT,,D12,,,,,,,,,-90.0,,,,,,
MOVE_COMPONENT_TO,,D13,,,,,,,-18433.375:25361.812,,,,,,,,
ROTATE_COMPONENT,,D13,,,,,,,,,-90.0,,,,,,
MOVE_COMPONENT_TO,,D2,,,,,,,43174.312:18676.000,,,,,,,,
ROTATE_COMPONENT,,D2,,,,,,,,,180.0,,,,,,
MOVE_COMPONENT_TO,,D3,,,,,,,-37730.250:-24735.844,,,,,,,,
ROTATE_COMPONENT,,D3,,,,,,,,,90.0,,,,,,
MOVE_COMPONENT_TO,,D4,,,,,,,3096.188:-44038.844,,,,,,,,
MOVE_COMPONENT_TO,,D5,,,,,,,-38101.344:44287.594,,,,,,,,
ROTATE_COMPONENT,,D5,,,,,,,,,90.0,,,,,,
MOVE_COMPONENT_TO,,D6,,,,,,,22764.156:43168.188,,,,,,,,
ROTATE_COMPONENT,,D6,,,,,,,,,180.0,,,,,,
MOVE_COMPONENT_TO,,D7,,,,,,,-43661.625:24613.500,,,,,,,,
ROTATE_COMPONENT,,D7,,,,,,,,,180.0,,,,,,
MOVE_COMPONENT_TO,,D8,,,,,,,-249.781:10889.156,,,,,,,,
ROTATE_COMPONENT,,D8,,,,,,,,,90.0,,,,,,
MOVE_COMPONENT_TO,,D9,,,,,,,12002.438:18304.906,,,,,,,,
MOVE_COMPONENT_TO,,C2,,,,,,,-27109.625:42567.094,,,,,,,,
ROTATE_COMPONENT,,C2,,,,,,,,,180.0,,,,,,
MOVE_COMPONENT_TO,,C4,,,,,,,11113.031:38485.062,,,,,,,,
MOVE_COMPONENT_TO,,C5,,,,,,,6199.906:41171.625,,,,,,,,
ROTATE_COMPONENT,,C5,,,,,,,,,90.0,,,,,,
MOVE_COMPONENT_TO,,C6,,,,,,,13339.594:38485.062,,,,,,,,
MOVE_COMPONENT_TO,,C7,,,,,,,6199.906:43398.188,,,,,,,,
ROTATE_COMPONENT,,C7,,,,,,,,,90.0,,,,,,
MOVE_COMPONENT_TO,,C8,,,,,,,8055.375:44511.469,,,,,,,,
ROTATE_COMPONENT,,C8,,,,,,,,,90.0,,,,,,
MOVE_COMPONENT_TO,,C9,,,,,,,9539.750:44882.562,,,,,,,,
ROTATE_COMPONENT,,C9,,,,,,,,,90.0,,,,,,
MOVE_COMPONENT_TO,,C10,,,,,,,15566.156:38485.062,,,,,,,,
MOVE_COMPONENT_TO,,C13,,,,,,,11024.125:44882.562,,,,,,,,
ROTATE_COMPONENT,,C13,,,,,,,,,90.0,,,,,,
MOVE_COMPONENT_TO,,C14,,,,,,,15937.250:39969.438,,,,,,,,
MOVE_COMPONENT_TO,,C15,,,,,,,12508.500:44882.562,,,,,,,,
ROTATE_COMPONENT,,C15,,,,,,,,,90.0,,,,,,
MOVE_COMPONENT_TO,,C16,,,,,,,6571.000:45624.750,,,,,,,,
ROTATE_COMPONENT,,C16,,,,,,,,,90.0,,,,,,
MOVE_COMPONENT_TO,,C17,,,,,,,15937.250:41453.812,,,,,,,,
MOVE_COMPONENT_TO,,C18,,,,,,,13992.875:44511.469,,,,,,,,
ROTATE_COMPONENT,,C18,,,,,,,,,90.0,,,,,,
MOVE_COMPONENT_TO,,C19,,,,,,,15937.250:42938.188,,,,,,,,
MOVE_COMPONENT_TO,,C20,,,,,,,17792.719:38485.062,,,,,,,,
MOVE_COMPONENT_TO,,C21,,,,,,,351.312:35516.312,,,,,,,,
ROTATE_COMPONENT,,C21,,,,,,,,,180.0,,,,,,
MOVE_COMPONENT_TO,,C22,,,,,,,15937.250:44422.562,,,,,,,,
MOVE_COMPONENT_TO,,C23,,,,,,,18163.812:39969.438,,,,,,,,
MOVE_COMPONENT_TO,,C24,,,,,,,18163.812:41453.812,,,,,,,,
MOVE_COMPONENT_TO,,C25,,,,,,,18074.906:36718.500,,,,,,,,
ROTATE_COMPONENT,,C25,,,,,,,,,-90.0,,,,,,
MOVE_COMPONENT_TO,,C26,,,,,,,351.312:34031.938,,,,,,,,
ROTATE_COMPONENT,,C26,,,,,,,,,180.0,,,,,,
MOVE_COMPONENT_TO,,C27,,,,,,,18163.812:42938.188,,,,,,,,
MOVE_COMPONENT_TO,,R1,,,,,,,-14952.438:45624.750,,,,,,,,
ROTATE_COMPONENT,,R1,,,,,,,,,-90.0,,,,,,
MOVE_COMPONENT_TO,,U2,,,,,,,43616.500:500.219,,,,,,,,
ROTATE_COMPONENT,,U2,,,,,,,,,180.0,,,,,,
MOVE_COMPONENT_TO,,C1,,,,,,,42567.094:-2246.344,,,,,,,,
ROTATE_COMPONENT,,C1,,,,,,,,,-90.0,,,,,,
MOVE_COMPONENT_TO,,C3,,,,,,,40429.438:-108.688,,,,,,,,
ROTATE_COMPONENT,,C3,,,,,,,,,180.0,,,,,,
MOVE_COMPONENT_TO,,C12,,,,,,,44051.469:-2246.344,,,,,,,,
ROTATE_COMPONENT,,C12,,,,,,,,,-90.0,,,,,,
MOVE_COMPONENT_TO,,R2,,,,,,,-6417.281:42656.000,,,,,,,,
ROTATE_COMPONENT,,R2,,,,,,,,,-90.0,,,,,,
MOVE_COMPONENT_TO,,C11,,,,,,,16322.750:46002.438,,,,,,,,
MOVE_COMPONENT_TO,,R3,,,,,,,-6417.281:40429.438,,,,,,,,
ROTATE_COMPONENT,,R3,,,,,,,,,90.0,,,,,,
CREATE_PADSTACK,,,VIA_610_305,,,305.105,circle,via,610.210:610.210,,,,,,,,
CREATE_LINE,,,,15427.250000:42938.187500,15427.000000:42938.000000,152.552400,ETCH/F.CU,VBUS,,,,,,,,,
CREATE_LINE,,,,15427.000000:42938.000000,15427.000000:42618.000000,152.552400,ETCH/F.CU,VBUS,,,,,,,,,
CREATE_LINE,,,,15427.000000:42618.000000,15427.000000:42178.696761,152.552400,ETCH/F.CU,VBUS,,,,,,,,,
CREATE_LINE,,,,15427.000000:42178.696761,15427.000000:41774.000000,152.552400,ETCH/F.CU,VBUS,,,,,,,,,
CREATE_LINE,,,,15427.000000:41774.000000,15427.000000:41454.000000,152.552400,ETCH/F.CU,VBUS,,,,,,,,,
CREATE_LINE,,,,15427.000000:41454.000000,15427.000000:41134.000000,152.552400,ETCH/F.CU,VBUS,,,,,,,,,
CREATE_LINE,,,,15427.000000:41134.000000,15427.000000:40694.696761,152.552400,ETCH/F.CU,VBUS,,,,,,,,,
CREATE_LINE,,,,15427.000000:40694.696761,15427.000000:40289.000000,152.552400,ETCH/F.CU,VBUS,,,,,,,,,
CREATE_LINE,,,,15427.000000:40289.000000,15427.000000:39969.000000,152.552400,ETCH/F.CU,VBUS,,,,,,,,,
CREATE_LINE,,,,15427.000000:39969.000000,15427.000000:39649.000000,152.552400,ETCH/F.CU,VBUS,,,,,,,,,
CREATE_LINE,,,,15427.000000:39649.000000,15427.000000:39419.980709,152.552400,ETCH/F.CU,VBUS,,,,,,,,,
CREATE_LINE,,,,15427.000000:39419.980709,15529.674925:39317.305785,152.552400,ETCH/F.CU,VBUS,,,,,,,,,
CREATE_LINE,,,,15529.674925:39317.305785,15529.674925:39311.813419,152.552400,ETCH/F.CU,VBUS,,,,,,,,,
CREATE_LINE,,,,15529.674925:39311.813419,15333.794129:39311.813419,152.552400,ETCH/F.CU,VBUS,,,,,,,,,
CREATE_LINE,,,,15333.794129:39311.813419,15056.000000:39034.019291,152.552400,ETCH/F.CU,VBUS,,,,,,,,,
CREATE_LINE,,,,15056.000000:39034.019291,15056.000000:38805.000000,152.552400,ETCH/F.CU,VBUS,,,,,,,,,
CREATE_LINE,,,,15056.000000:38805.000000,15056.000000:38485.000000,152.552400,ETCH/F.CU,VBUS,,,,,,,,,
CREATE_LINE,,,,15056.000000:38485.000000,15056.000000:38435.000000,152.552400,ETCH/F.CU,VBUS,,,,,,,,,
CREATE_LINE,,,,15056.000000:38435.000000,14475.365700:37854.365700,152.552400,ETCH/F.CU,VBUS,,,,,,,,,
CREATE_LINE,,,,14475.365700:37854.365700,14475.365700:36143.312459,152.552400,ETCH/F.CU,VBUS,,,,,,,,,
CREATE_LINE,,,,14475.365700:36143.312459,10410.667936:32078.614694,152.552400,ETCH/F.CU,VBUS,,,,,,,,,
CREATE_LINE,,,,10410.667936:32078.614694,10410.667936:24121.364697,152.552400,ETCH/F.CU,VBUS,,,,,,,,,
CREATE_LINE,,,,10410.667936:24121.364697,9414.303239:23125.000000,152.552400,ETCH/F.CU,VBUS,,,,,,,,,
CREATE_LINE,,,,9414.303239:23125.000000,8975.000000:23125.000000,152.552400,ETCH/F.CU,VBUS,,,,,,,,,
CREATE_LINE,,,,8975.000000:23125.000000,8300.000000:23125.000000,152.552400,ETCH/F.CU,VBUS,,,,,,,,,
CREATE_LINE,,,,8300.000000:23125.000000,7625.000000:23125.000000,152.552400,ETCH/F.CU,VBUS,,,,,,,,,
CREATE_LINE,,,,7625.000000:23125.000000,7185.696761:23125.000000,152.552400,ETCH/F.CU,VBUS,,,,,,,,,
CREATE_LINE,,,,7185.696761:23125.000000,-956.295100:23125.000000,152.552400,ETCH/F.CU,VBUS,,,,,,,,,
CREATE_LINE,,,,-956.295100:23125.000000,-3100.420371:25269.125271,152.552400,ETCH/F.CU,VBUS,,,,,,,,,
CREATE_LINE,,,,-3100.420371:25269.125271,-6245.937810:25269.125271,152.552400,ETCH/F.CU,VBUS,,,,,,,,,
CREATE_LINE,,,,-6245.937810:25269.125271,-8390.063081:23125.000000,152.552400,ETCH/F.CU,VBUS,,,,,,,,,
CREATE_LINE,,,,-8390.063081:23125.000000,-9750.397096:23125.000000,152.552400,ETCH/F.CU,VBUS,,,,,,,,,
CREATE_LINE,,,,-9750.397096:23125.000000,-10075.000000:23125.000000,152.552400,ETCH/F.CU,VBUS,,,,,,,,,
CREATE_LINE,,,,-10075.000000:23125.000000,-10750.000000:23125.000000,152.552400,ETCH/F.CU,VBUS,,,,,,,,,
CREATE_LINE,,,,-10750.000000:23125.000000,-10750.000000:22715.000000,152.552400,ETCH/F.CU,VBUS,,,,,,,,,
CREATE_LINE,,,,-10750.000000:22715.000000,-10750.000000:22275.696761,152.552400,ETCH/F.CU,VBUS,,,,,,,,,
CREATE_LINE,,,,-10750.000000:22275.696761,-6126.018833:17651.715593,152.552400,ETCH/F.CU,VBUS,,,,,,,,,
CREATE_LINE,,,,-6126.018833:17651.715593,-6126.018833:7784.254590,152.552400,ETCH/F.CU,VBUS,,,,,,,,,
CREATE_LINE,,,,-6126.018833:7784.254590,-3632.224005:7784.254590,152.552400,ETCH/F.CU,VBUS,,,,,,,,,
CREATE_LINE,,,,-3632.224005:7784.254590,77.030586:4075.000000,152.552400,ETCH/F.CU,VBUS,,,,,,,,,
CREATE_LINE,,,,77.030586:4075.000000,7185.696761:4075.000000,152.552400,ETCH/F.CU,VBUS,,,,,,,,,
CREATE_LINE,,,,7185.696761:4075.000000,7625.000000:4075.000000,152.552400,ETCH/F.CU,VBUS,,,,,,,,,
CREATE_LINE,,,,7625.000000:4075.000000,8300.000000:4075.000000,152.552400,ETCH/F.CU,VBUS,,,,,,,,,
CREATE_LINE,,,,14475.365700:37854.365700,14310.828325:37854.365700,152.552400,ETCH/F.CU,VBUS,,,,,,,,,
CREATE_LINE,,,,14310.828325:37854.365700,13908.767215:37452.304590,152.552400,ETCH/F.CU,VBUS,,,,,,,,,
CREATE_LINE,,,,13908.767215:37452.304590,13237.209229:37452.304590,152.552400,ETCH/F.CU,VBUS,,,,,,,,,
CREATE_LINE,,,,13237.209229:37452.304590,12830.000000:37859.513819,152.552400,ETCH/F.CU,VBUS,,,,,,,,,
CREATE_LINE,,,,12830.000000:37859.513819,12830.000000:38165.000000,152.552400,ETCH/F.CU,VBUS,,,,,,,,,
CREATE_LINE,,,,12830.000000:38165.000000,12830.000000:38485.000000,152.552400,ETCH/F.CU,VBUS,,,,,,,,,
CREATE_LINE,,,,12830.000000:38485.000000,12560.000000:38485.000000,152.552400,ETCH/F.CU,VBUS,,,,,,,,,
CREATE_LINE,,,,12560.000000:38485.000000,12350.097432:38485.000000,152.552400,ETCH/F.CU,VBUS,,,,,,,,,
CREATE_LINE,,,,12350.097432:38485.000000,12350.097432:38264.248790,152.552400,ETCH/F.CU,VBUS,,,,,,,,,
CREATE_LINE,,,,12350.097432:38264.248790,11910.797347:37824.948705,152.552400,ETCH/F.CU,VBUS,,,,,,,,,
CREATE_LINE,,,,11910.797347:37824.948705,11213.051295:37824.948705,152.552400,ETCH/F.CU,VBUS,,,,,,,,,
CREATE_LINE,,,,11213.051295:37824.948705,11089.011350:37948.988650,152.552400,ETCH/F.CU,VBUS,,,,,,,,,
CREATE_LINE,,,,11089.011350:37948.988650,10603.000000:38435.000000,152.552400,ETCH/F.CU,VBUS,,,,,,,,,
CREATE_LINE,,,,10603.000000:38435.000000,10603.000000:38485.000000,152.552400,ETCH/F.CU,VBUS,,,,,,,,,
CREATE_LINE,,,,10603.000000:38485.000000,10520.000000:38402.000000,152.552400,ETCH/F.CU,VBUS,,,,,,,,,
CREATE_LINE,,,,10520.000000:38402.000000,9420.000000:38402.000000,152.552400,ETCH/F.CU,VBUS,,,,,,,,,
CREATE_LINE,,,,9420.000000:38402.000000,8757.500000:38402.000000,152.552400,ETCH/F.CU,VBUS,,,,,,,,,
CREATE_LINE,,,,8757.500000:38402.000000,8095.000000:38402.000000,152.552400,ETCH/F.CU,VBUS,,,,,,,,,
CREATE_LINE,,,,8095.000000:38402.000000,7655.696761:38402.000000,152.552400,ETCH/F.CU,VBUS,,,,,,,,,
CREATE_LINE,,,,7655.696761:38402.000000,7388.930035:38668.766725,152.552400,ETCH/F.CU,VBUS,,,,,,,,,
CREATE_LINE,,,,7388.930035:38668.766725,7388.930035:40117.672868,152.552400,ETCH/F.CU,VBUS,,,,,,,,,
CREATE_LINE,,,,7388.930035:40117.672868,6844.602904:40662.000000,152.552400,ETCH/F.CU,VBUS,,,,,,,,,
CREATE_LINE,,,,6844.602904:40662.000000,6520.000000:40662.000000,152.552400,ETCH/F.CU,VBUS,,,,,,,,,
CREATE_LINE,,,,6520.000000:40662.000000,6200.000000:40662.000000,152.552400,ETCH/F.CU,VBUS,,,,,,,,,
CREATE_LINE,,,,6200.000000:40662.000000,6250.000000:40662.000000,152.552400,ETCH/F.CU,VBUS,,,,,,,,,
CREATE_LINE,,,,6250.000000:40662.000000,6830.634300:41242.634300,152.552400,ETCH/F.CU,VBUS,,,,,,,,,
CREATE_LINE,,,,6830.634300:41242.634300,7153.331060:41242.634300,152.552400,ETCH/F.CU,VBUS,,,,,,,,,
CREATE_LINE,,,,7153.331060:41242.634300,7160.696761:41250.000000,152.552400,ETCH/F.CU,VBUS,,,,,,,,,
CREATE_LINE,,,,7160.696761:41250.000000,7600.000000:41250.000000,152.552400,ETCH/F.CU,VBUS,,,,,,,,,
CREATE_LINE,,,,7600.000000:41250.000000,8275.000000:41250.000000,152.552400,ETCH/F.CU,VBUS,,,,,,,,,
CREATE_LINE,,,,8275.000000:41250.000000,8010.000000:41250.000000,152.552400,ETCH/F.CU,VBUS,,,,,,,,,
CREATE_LINE,,,,8010.000000:41250.000000,7289.365700:41970.634300,152.552400,ETCH/F.CU,VBUS,,,,,,,,,
CREATE_LINE,,,,7289.365700:41970.634300,7289.365700:42358.358666,152.552400,ETCH/F.CU,VBUS,,,,,,,,,
CREATE_LINE,,,,7289.365700:42358.358666,6759.724366:42888.000000,152.552400,ETCH/F.CU,VBUS,,,,,,,,,
CREATE_LINE,,,,6759.724366:42888.000000,6520.000000:42888.000000,152.552400,ETCH/F.CU,VBUS,,,,,,,,,
CREATE_LINE,,,,6520.000000:42888.000000,6200.000000:42888.000000,152.552400,ETCH/F.CU,VBUS,,,,,,,,,
CREATE_LINE,,,,6200.000000:42888.000000,6250.000000:42888.000000,152.552400,ETCH/F.CU,VBUS,,,,,,,,,
CREATE_LINE,,,,6250.000000:42888.000000,6547.377391:43185.377391,152.552400,ETCH/F.CU,VBUS,,,,,,,,,
CREATE_LINE,,,,6547.377391:43185.377391,6782.365700:43420.365700,152.552400,ETCH/F.CU,VBUS,,,,,,,,,
CREATE_LINE,,,,6782.365700:43420.365700,7424.365700:43420.365700,152.552400,ETCH/F.CU,VBUS,,,,,,,,,
CREATE_LINE,,,,7424.365700:43420.365700,8005.000000:44001.000000,152.552400,ETCH/F.CU,VBUS,,,,,,,,,
CREATE_LINE,,,,8005.000000:44001.000000,8055.000000:44001.000000,152.552400,ETCH/F.CU,VBUS,,,,,,,,,
CREATE_LINE,,,,8055.000000:44001.000000,8375.000000:44001.000000,152.552400,ETCH/F.CU,VBUS,,,,,,,,,
CREATE_LINE,,,,8375.000000:44001.000000,8384.891254:44001.000000,152.552400,ETCH/F.CU,VBUS,,,,,,,,,
CREATE_LINE,,,,8384.891254:44001.000000,8756.891254:44373.000000,152.552400,ETCH/F.CU,VBUS,,,,,,,,,
CREATE_LINE,,,,8756.891254:44373.000000,9029.214155:44373.000000,152.552400,ETCH/F.CU,VBUS,,,,,,,,,
CREATE_LINE,,,,9029.214155:44373.000000,9220.000000:44373.000000,152.552400,ETCH/F.CU,VBUS,,,,,,,,,
CREATE_LINE,,,,9220.000000:44373.000000,9540.000000:44373.000000,152.552400,ETCH/F.CU,VBUS,,,,,,,,,
CREATE_LINE,,,,9540.000000:44373.000000,9860.000000:44373.000000,152.552400,ETCH/F.CU,VBUS,,,,,,,,,
CREATE_LINE,,,,9860.000000:44373.000000,10264.696761:44373.000000,152.552400,ETCH/F.CU,VBUS,,,,,,,,,
CREATE_LINE,,,,10264.696761:44373.000000,10704.000000:44373.000000,152.552400,ETCH/F.CU,VBUS,,,,,,,,,
CREATE_LINE,,,,10704.000000:44373.000000,11024.000000:44373.000000,152.552400,ETCH/F.CU,VBUS,,,,,,,,,
CREATE_LINE,,,,11024.000000:44373.000000,11344.000000:44373.000000,152.552400,ETCH/F.CU,VBUS,,,,,,,,,
CREATE_LINE,,,,11344.000000:44373.000000,11749.696761:44373.000000,152.552400,ETCH/F.CU,VBUS,,,,,,,,,
CREATE_LINE,,,,11749.696761:44373.000000,12189.000000:44373.000000,152.552400,ETCH/F.CU,VBUS,,,,,,,,,
CREATE_LINE,,,,12189.000000:44373.000000,12509.000000:44373.000000,152.552400,ETCH/F.CU,VBUS,,,,,,,,,
CREATE_LINE,,,,12509.000000:44373.000000,12559.000000:44373.000000,152.552400,ETCH/F.CU,VBUS,,,,,,,,,
CREATE_LINE,,,,12559.000000:44373.000000,13139.634300:44953.634300,152.552400,ETCH/F.CU,VBUS,,,,,,,,,
CREATE_LINE,,,,13139.634300:44953.634300,13139.634300:45165.215049,152.552400,ETCH/F.CU,VBUS,,,,,,,,,
CREATE_LINE,,,,13139.634300:45165.215049,13428.658979:45454.239729,152.552400,ETCH/F.CU,VBUS,,,,,,,,,
CREATE_LINE,,,,13428.658979:45454.239729,14080.299955:45668.062448,152.552400,ETCH/F.CU,VBUS,,,,,,,,,
CREATE_LINE,,,,14080.299955:45668.062448,14324.759209:45668.062448,152.552400,ETCH/F.CU,VBUS,,,,,,,,,
CREATE_LINE,,,,14324.759209:45668.062448,14658.696761:46002.000000,152.552400,ETCH/F.CU,VBUS,,,,,,,,,
CREATE_LINE,,,,14658.696761:46002.000000,15098.000000:46002.000000,152.552400,ETCH/F.CU,VBUS,,,,,,,,,
CREATE_LINE,,,,15098.000000:46002.000000,15548.000000:46002.000000,152.552400,ETCH/F.CU,VBUS,,,,,,,,,
CREATE_LINE,,,,15548.000000:46002.000000,15548.000000:45527.000000,152.552400,ETCH/F.CU,VBUS,,,,,,,,,
CREATE_LINE,,,,15548.000000:45527.000000,15548.000000:44544.000000,152.552400,ETCH/F.CU,VBUS,,,,,,,,,
CREATE_LINE,,,,15548.000000:44544.000000,15427.000000:44423.000000,152.552400,ETCH/F.CU,VBUS,,,,,,,,,
CREATE_LINE,,,,15427.000000:44423.000000,15427.250000:44422.562500,152.552400,ETCH/F.CU,VBUS,,,,,,,,,
CREATE_LINE,,,,18074.906250:37228.500000,18075.000000:37229.000000,152.552400,ETCH/F.CU,VBUS,,,,,,,,,
CREATE_LINE,,,,18075.000000:37229.000000,18075.000000:37499.000000,152.552400,ETCH/F.CU,VBUS,,,,,,,,,
CREATE_LINE,,,,18075.000000:37499.000000,18075.000000:37689.785845,152.552400,ETCH/F.CU,VBUS,,,,,,,,,
CREATE_LINE,,,,18075.000000:37689.785845,17740.261413:37689.785845,152.552400,ETCH/F.CU,VBUS,,,,,,,,,
CREATE_LINE,,,,17740.261413:37689.785845,17283.000000:38147.047258,152.552400,ETCH/F.CU,VBUS,,,,,,,,,
CREATE_LINE,,,,17283.000000:38147.047258,17283.000000:38165.000000,152.552400,ETCH/F.CU,VBUS,,,,,,,,,
CREATE_LINE,,,,17283.000000:38165.000000,17283.000000:38485.000000,152.552400,ETCH/F.CU,VBUS,,,,,,,,,
CREATE_LINE,,,,17283.000000:38485.000000,17283.000000:38805.000000,152.552400,ETCH/F.CU,VBUS,,,,,,,,,
CREATE_LINE,,,,17283.000000:38805.000000,17283.000000:38815.623305,152.552400,ETCH/F.CU,VBUS,,,,,,,,,
CREATE_LINE,,,,17283.000000:38815.623305,17654.000000:39186.623305,152.552400,ETCH/F.CU,VBUS,,,,,,,,,
CREATE_LINE,,,,17654.000000:39186.623305,17654.000000:39458.214155,152.552400,ETCH/F.CU,VBUS,,,,,,,,,
CREATE_LINE,,,,17654.000000:39458.214155,17654.000000:39649.000000,152.552400,ETCH/F.CU,VBUS,,,,,,,,,
CREATE_LINE,,,,17654.000000:39649.000000,17654.000000:39969.000000,152.552400,ETCH/F.CU,VBUS,,,,,,,,,
CREATE_LINE,,,,17654.000000:39969.000000,17654.000000:40289.000000,152.552400,ETCH/F.CU,VBUS,,,,,,,,,
CREATE_LINE,,,,17654.000000:40289.000000,17654.000000:40694.696761,152.552400,ETCH/F.CU,VBUS,,,,,,,,,
CREATE_LINE,,,,17654.000000:40694.696761,17654.000000:41134.000000,152.552400,ETCH/F.CU,VBUS,,,,,,,,,
CREATE_LINE,,,,17654.000000:41134.000000,17654.000000:41454.000000,152.552400,ETCH/F.CU,VBUS,,,,,,,,,
CREATE_LINE,,,,17654.000000:41454.000000,17654.000000:41774.000000,152.552400,ETCH/F.CU,VBUS,,,,,,,,,
CREATE_LINE,,,,17654.000000:41774.000000,17654.000000:42178.696761,152.552400,ETCH/F.CU,VBUS,,,,,,,,,
CREATE_LINE,,,,17654.000000:42178.696761,17654.000000:42618.000000,152.552400,ETCH/F.CU,VBUS,,,,,,,,,
CREATE_LINE,,,,17654.000000:42618.000000,17654.000000:42938.000000,152.552400,ETCH/F.CU,VBUS,,,,,,,,,
CREATE_LINE,,,,17654.000000:42938.000000,17653.812500:42938.187500,152.552400,ETCH/F.CU,VBUS,,,,,,,,,
CREATE_LINE,,,,861.312500:34031.937500,861.000000:34032.000000,152.552400,ETCH/F.CU,VBUS,,,,,,,,,
CREATE_LINE,,,,861.000000:34032.000000,861.000000:34352.000000,152.552400,ETCH/F.CU,VBUS,,,,,,,,,
CREATE_LINE,,,,861.000000:34352.000000,861.000000:34791.303239,152.552400,ETCH/F.CU,VBUS,,,,,,,,,
CREATE_LINE,,,,861.000000:34791.303239,861.000000:35196.000000,152.552400,ETCH/F.CU,VBUS,,,,,,,,,
CREATE_LINE,,,,861.000000:35196.000000,861.000000:35516.000000,152.552400,ETCH/F.CU,VBUS,,,,,,,,,
CREATE_LINE,,,,861.000000:35516.000000,861.000000:35836.000000,152.552400,ETCH/F.CU,VBUS,,,,,,,,,
CREATE_LINE,,,,861.000000:35836.000000,861.000000:36275.303239,152.552400,ETCH/F.CU,VBUS,,,,,,,,,
CREATE_LINE,,,,861.000000:36275.303239,2064.664128:37478.967367,152.552400,ETCH/F.CU,VBUS,,,,,,,,,
CREATE_LINE,,,,2064.664128:37478.967367,2064.664128:37577.411392,152.552400,ETCH/F.CU,VBUS,,,,,,,,,
CREATE_LINE,,,,2064.664128:37577.411392,2450.000000:37962.747264,152.552400,ETCH/F.CU,VBUS,,,,,,,,,
CREATE_LINE,,,,2450.000000:37962.747264,2450.000000:38230.000000,152.552400,ETCH/F.CU,VBUS,,,,,,,,,
CREATE_LINE,,,,2450.000000:38230.000000,2450.000000:38955.000000,152.552400,ETCH/F.CU,VBUS,,,,,,,,,
CREATE_LINE,,,,2450.000000:38955.000000,2450.000000:39680.000000,152.552400,ETCH/F.CU,VBUS,,,,,,,,,
CREATE_LINE,,,,2450.000000:39680.000000,2450.000000:39851.669123,152.552400,ETCH/F.CU,VBUS,,,,,,,,,
CREATE_LINE,,,,2450.000000:39851.669123,1343.374212:40958.294911,152.552400,ETCH/F.CU,VBUS,,,,,,,,,
CREATE_LINE,,,,1343.374212:40958.294911,669.204420:40958.294911,152.552400,ETCH/F.CU,VBUS,,,,,,,,,
CREATE_LINE,,,,669.204420:40958.294911,-369.199592:41996.698923,152.552400,ETCH/F.CU,VBUS,,,,,,,,,
CREATE_LINE,,,,-369.199592:41996.698923,-5411.130672:41996.698923,152.552400,ETCH/F.CU,VBUS,,,,,,,,,
CREATE_LINE,,,,-5411.130672:41996.698923,-5865.329595:41542.500000,152.552400,ETCH/F.CU,VBUS,,,,,,,,,
CREATE_LINE,,,,-5865.329595:41542.500000,-6737.000000:41542.500000,152.552400,ETCH/F.CU,VBUS,,,,,,,,,
CREATE_LINE,,,,-6737.000000:41542.500000,-7194.500000:42000.000000,152.552400,ETCH/F.CU,VBUS,,,,,,,,,
CREATE_LINE,,,,-7194.500000:42000.000000,-9862.588671:42000.000000,152.552400,ETCH/F.CU,VBUS,,,,,,,,,
CREATE_LINE,,,,-9862.588671:42000.000000,-10070.016543:41792.572128,152.552400,ETCH/F.CU,VBUS,,,,,,,,,
CREATE_LINE,,,,-10070.016543:41792.572128,-10874.662072:41646.068550,152.552400,ETCH/F.CU,VBUS,,,,,,,,,
CREATE_LINE,,,,-10874.662072:41646.068550,-11270.730623:41250.000000,152.552400,ETCH/F.CU,VBUS,,,,,,,,,
CREATE_LINE,,,,-11270.730623:41250.000000,-12610.696761:41250.000000,152.552400,ETCH/F.CU,VBUS,,,,,,,,,
CREATE_LINE,,,,-12610.696761:41250.000000,-13050.000000:41250.000000,152.552400,ETCH/F.CU,VBUS,,,,,,,,,
CREATE_LINE,,,,-13050.000000:41250.000000,-13725.000000:41250.000000,152.552400,ETCH/F.CU,VBUS,,,,,,,,,
CREATE_LINE,,,,13992.875000:44001.468750,13993.000000:44001.000000,152.552400,ETCH/F.CU,VBUS,,,,,,,,,
CREATE_LINE,,,,13993.000000:44001.000000,13673.000000:44001.000000,152.552400,ETCH/F.CU,VBUS,,,,,,,,,
CREATE_LINE,,,,13673.000000:44001.000000,13482.214155:44001.000000,152.552400,ETCH/F.CU,VBUS,,,,,,,,,
CREATE_LINE,,,,13482.214155:44001.000000,13110.214155:44373.000000,152.552400,ETCH/F.CU,VBUS,,,,,,,,,
CREATE_LINE,,,,13110.214155:44373.000000,12837.891254:44373.000000,152.552400,ETCH/F.CU,VBUS,,,,,,,,,
CREATE_LINE,,,,12837.891254:44373.000000,12829.000000:44373.000000,152.552400,ETCH/F.CU,VBUS,,,,,,,,,
CREATE_LINE,,,,12829.000000:44373.000000,12509.000000:44373.000000,152.552400,ETCH/F.CU,VBUS,,,,,,,,,
CREATE_LINE,,,,12509.000000:44373.000000,12508.500000:44372.562500,152.552400,ETCH/F.CU,VBUS,,,,,,,,,
CREATE_LINE,,,,-6126.018833:7784.254590,-6308.949077:7601.324346,152.552400,ETCH/F.CU,VBUS,,,,,,,,,
CREATE_LINE,,,,-6308.949077:7601.324346,-6319.656364:7601.324346,152.552400,ETCH/F.CU,VBUS,,,,,,,,,
CREATE_LINE,,,,-6319.656364:7601.324346,-9845.980709:4075.000000,152.552400,ETCH/F.CU,VBUS,,,,,,,,,
CREATE_LINE,,,,-9845.980709:4075.000000,-10075.000000:4075.000000,152.552400,ETCH/F.CU,VBUS,,,,,,,,,
CREATE_LINE,,,,-10075.000000:4075.000000,-10750.000000:4075.000000,152.552400,ETCH/F.CU,VBUS,,,,,,,,,
CREATE_LINE,,,,-10750.000000:4075.000000,-11425.000000:4075.000000,152.552400,ETCH/F.CU,VBUS,,,,,,,,,
CREATE_LINE,,,,-11425.000000:4075.000000,-11864.303239:4075.000000,152.552400,ETCH/F.CU,VBUS,,,,,,,,,
CREATE_LINE,,,,-11864.303239:4075.000000,-12521.351841:3417.951399,152.552400,ETCH/F.CU,VBUS,,,,,,,,,
CREATE_LINE,,,,-12521.351841:3417.951399,-28028.648159:3417.951399,152.552400,ETCH/F.CU,VBUS,,,,,,,,,
CREATE_LINE,,,,-28028.648159:3417.951399,-28685.696761:4075.000000,152.552400,ETCH/F.CU,VBUS,,,,,,,,,
CREATE_LINE,,,,-28685.696761:4075.000000,-29125.000000:4075.000000,152.552400,ETCH/F.CU,VBUS,,,,,,,,,
CREATE_LINE,,,,-29125.000000:4075.000000,-29800.000000:4075.000000,152.552400,ETCH/F.CU,VBUS,,,,,,,,,
CREATE_LINE,,,,-29800.000000:4075.000000,-30475.000000:4075.000000,152.552400,ETCH/F.CU,VBUS,,,,,,,,,
CREATE_LINE,,,,-30475.000000:4075.000000,-30914.303239:4075.000000,152.552400,ETCH/F.CU,VBUS,,,,,,,,,
CREATE_LINE,,,,-30914.303239:4075.000000,-35114.303239:8275.000000,152.552400,ETCH/F.CU,VBUS,,,,,,,,,
CREATE_LINE,,,,-35114.303239:8275.000000,-40400.696761:8275.000000,152.552400,ETCH/F.CU,VBUS,,,,,,,,,
CREATE_LINE,,,,-40400.696761:8275.000000,-40840.000000:8275.000000,152.552400,ETCH/F.CU,VBUS,,,,,,,,,
CREATE_LINE,,,,-40840.000000:8275.000000,-41250.000000:8275.000000,152.552400,ETCH/F.CU,VBUS,,,,,,,,,
CREATE_LINE,,,,-41250.000000:8275.000000,-41250.000000:8950.000000,152.552400,ETCH/F.CU,VBUS,,,,,,,,,
CREATE_LINE,,,,-41250.000000:8950.000000,-41250.000000:9274.602904,152.552400,ETCH/F.CU,VBUS,,,,,,,,,
CREATE_LINE,,,,-41250.000000:9274.602904,-43426.798351:11451.401255,152.552400,ETCH/F.CU,VBUS,,,,,,,,,
CREATE_LINE,,,,-43426.798351:11451.401255,-43426.798351:19461.112197,152.552400,ETCH/F.CU,VBUS,,,,,,,,,
CREATE_LINE,,,,-43426.798351:19461.112197,-42733.958875:20153.951673,152.552400,ETCH/F.CU,VBUS,,,,,,,,,
CREATE_LINE,,,,-42733.958875:20153.951673,-42733.958875:25210.653587,152.552400,ETCH/F.CU,VBUS,,,,,,,,,
CREATE_LINE,,,,-42733.958875:25210.653587,-42452.563507:26042.982412,152.552400,ETCH/F.CU,VBUS,,,,,,,,,
CREATE_LINE,,,,-42452.563507:26042.982412,-41250.000000:27245.545919,152.552400,ETCH/F.CU,VBUS,,,,,,,,,
CREATE_LINE,,,,-41250.000000:27245.545919,-41250.000000:29160.696761,152.552400,ETCH/F.CU,VBUS,,,,,,,,,
CREATE_LINE,,,,-41250.000000:29160.696761,-41250.000000:29600.000000,152.552400,ETCH/F.CU,VBUS,,,,,,,,,
CREATE_LINE,,,,-41250.000000:29600.000000,-41250.000000:30275.000000,152.552400,ETCH/F.CU,VBUS,,,,,,,,,
CREATE_LINE,,,,-41250.000000:30275.000000,-41250.000000:30950.000000,152.552400,ETCH/F.CU,VBUS,,,,,,,,,
CREATE_LINE,,,,-41250.000000:30950.000000,-41250.000000:31255.486181,152.552400,ETCH/F.CU,VBUS,,,,,,,,,
CREATE_LINE,,,,-41250.000000:31255.486181,-35725.000000:36780.486181,152.552400,ETCH/F.CU,VBUS,,,,,,,,,
CREATE_LINE,,,,-35725.000000:36780.486181,-35725.000000:40825.066893,152.552400,ETCH/F.CU,VBUS,,,,,,,,,
CREATE_LINE,,,,-35725.000000:40825.066893,-35725.000000:40840.000000,152.552400,ETCH/F.CU,VBUS,,,,,,,,,
CREATE_LINE,,,,-35725.000000:40840.000000,-35725.000000:41250.000000,152.552400,ETCH/F.CU,VBUS,,,,,,,,,
CREATE_LINE,,,,-2450.000000:38955.000000,-2450.000000:38230.000000,152.552400,ETCH/F.CU,VBUS,,,,,,,,,
CREATE_LINE,,,,-2450.000000:38230.000000,-2450.000000:38000.980709,152.552400,ETCH/F.CU,VBUS,,,,,,,,,
CREATE_LINE,,,,-2450.000000:38000.980709,-2450.000000:37809.968506,152.552400,ETCH/F.CU,VBUS,,,,,,,,,
CREATE_LINE,,,,-2450.000000:37809.968506,-2386.799945:37746.768450,152.552400,ETCH/F.CU,VBUS,,,,,,,,,
CREATE_LINE,,,,647.089976:37215.301265,347.953521:36916.164810,152.552400,ETCH/F.CU,VBUS,,,,,,,,,
CREATE_LINE,,,,347.953521:36916.164810,347.953521:36079.046479,152.552400,ETCH/F.CU,VBUS,,,,,,,,,
CREATE_LINE,,,,347.953521:36079.046479,861.000000:35566.000000,152.552400,ETCH/F.CU,VBUS,,,,,,,,,
CREATE_LINE,,,,861.000000:35566.000000,861.000000:35516.000000,152.552400,ETCH/F.CU,VBUS,,,,,,,,,
CREATE_LINE,,,,861.000000:35516.000000,1131.000000:35516.000000,152.552400,ETCH/F.CU,VBUS,,,,,,,,,
CREATE_LINE,,,,1131.000000:35516.000000,1570.303239:35516.000000,152.552400,ETCH/F.CU,VBUS,,,,,,,,,
CREATE_LINE,,,,1570.303239:35516.000000,4543.968335:38489.665096,152.552400,ETCH/F.CU,VBUS,,,,,,,,,
CREATE_LINE,,,,4543.968335:38489.665096,4938.061954:38489.665096,152.552400,ETCH/F.CU,VBUS,,,,,,,,,
CREATE_LINE,,,,4938.061954:38489.665096,5057.491722:38609.094865,152.552400,ETCH/F.CU,VBUS,,,,,,,,,
CREATE_LINE,,,,5057.491722:38609.094865,5057.491722:39235.033096,152.552400,ETCH/F.CU,VBUS,,,,,,,,,
CREATE_LINE,,,,5057.491722:39235.033096,5885.626106:40063.167480,152.552400,ETCH/F.CU,VBUS,,,,,,,,,
CREATE_LINE,,,,5885.626106:40063.167480,6119.303493:40063.167480,152.552400,ETCH/F.CU,VBUS,,,,,,,,,
CREATE_LINE,,,,6119.303493:40063.167480,6200.000000:40143.863987,152.552400,ETCH/F.CU,VBUS,,,,,,,,,
CREATE_LINE,,,,6200.000000:40143.863987,6200.000000:40392.000000,152.552400,ETCH/F.CU,VBUS,,,,,,,,,
CREATE_LINE,,,,6200.000000:40392.000000,6200.000000:40662.000000,152.552400,ETCH/F.CU,VBUS,,,,,,,,,
CREATE_LINE,,,,6200.000000:40662.000000,6199.906250:40661.625000,152.552400,ETCH/F.CU,VBUS,,,,,,,,,
CREATE_LINE,,,,8300.000000:-14975.000000,7625.000000:-14975.000000,152.552400,ETCH/F.CU,VBUS,,,,,,,,,
CREATE_LINE,,,,7625.000000:-14975.000000,7185.696761:-14975.000000,152.552400,ETCH/F.CU,VBUS,,,,,,,,,
CREATE_LINE,,,,7185.696761:-14975.000000,6534.744920:-15625.951841,152.552400,ETCH/F.CU,VBUS,,,,,,,,,
CREATE_LINE,,,,6534.744920:-15625.951841,-8984.744920:-15625.951841,152.552400,ETCH/F.CU,VBUS,,,,,,,,,
CREATE_LINE,,,,-8984.744920:-15625.951841,-9635.696761:-14975.000000,152.552400,ETCH/F.CU,VBUS,,,,,,,,,
CREATE_LINE,,,,-9635.696761:-14975.000000,-10075.000000:-14975.000000,152.552400,ETCH/F.CU,VBUS,,,,,,,,,
CREATE_LINE,,,,-10075.000000:-14975.000000,-10750.000000:-14975.000000,152.552400,ETCH/F.CU,VBUS,,,,,,,,,
CREATE_LINE,,,,-10750.000000:-14975.000000,-11425.000000:-14975.000000,152.552400,ETCH/F.CU,VBUS,,,,,,,,,
CREATE_LINE,,,,-11425.000000:-14975.000000,-11864.303239:-14975.000000,152.552400,ETCH/F.CU,VBUS,,,,,,,,,
CREATE_LINE,,,,-11864.303239:-14975.000000,-18186.676158:-14975.000000,152.552400,ETCH/F.CU,VBUS,,,,,,,,,
CREATE_LINE,,,,-18186.676158:-14975.000000,-22065.321426:-11096.354732,152.552400,ETCH/F.CU,VBUS,,,,,,,,,
CREATE_LINE,,,,-22065.321426:-11096.354732,-25137.339760:-11096.354732,152.552400,ETCH/F.CU,VBUS,,,,,,,,,
CREATE_LINE,,,,-25137.339760:-11096.354732,-25137.339760:-11426.642999,152.552400,ETCH/F.CU,VBUS,,,,,,,,,
CREATE_LINE,,,,-25137.339760:-11426.642999,-28685.696761:-14975.000000,152.552400,ETCH/F.CU,VBUS,,,,,,,,,
CREATE_LINE,,,,-28685.696761:-14975.000000,-29125.000000:-14975.000000,152.552400,ETCH/F.CU,VBUS,,,,,,,,,
CREATE_LINE,,,,-29125.000000:-14975.000000,-29800.000000:-14975.000000,152.552400,ETCH/F.CU,VBUS,,,,,,,,,
CREATE_LINE,,,,-29800.000000:-14975.000000,-30475.000000:-14975.000000,152.552400,ETCH/F.CU,VBUS,,,,,,,,,
CREATE_LINE,,,,-30475.000000:-14975.000000,-30914.303239:-14975.000000,152.552400,ETCH/F.CU,VBUS,,,,,,,,,
CREATE_LINE,,,,-30914.303239:-14975.000000,-32164.303239:-13725.000000,152.552400,ETCH/F.CU,VBUS,,,,,,,,,
CREATE_LINE,,,,-32164.303239:-13725.000000,-40400.696761:-13725.000000,152.552400,ETCH/F.CU,VBUS,,,,,,,,,
CREATE_LINE,,,,-40400.696761:-13725.000000,-40840.000000:-13725.000000,152.552400,ETCH/F.CU,VBUS,,,,,,,,,
CREATE_LINE,,,,-40840.000000:-13725.000000,-41250.000000:-13725.000000,152.552400,ETCH/F.CU,VBUS,,,,,,,,,
CREATE_LINE,,,,-41250.000000:-13725.000000,-41250.000000:-14400.000000,152.552400,ETCH/F.CU,VBUS,,,,,,,,,
CREATE_LINE,,,,-41250.000000:-14400.000000,-41250.000000:-14839.303239,152.552400,ETCH/F.CU,VBUS,,,,,,,,,
CREATE_LINE,,,,-41250.000000:-14839.303239,-40607.259653:-15482.043587,152.552400,ETCH/F.CU,VBUS,,,,,,,,,
CREATE_LINE,,,,-40607.259653:-15482.043587,-40607.259653:-33967.956413,152.552400,ETCH/F.CU,VBUS,,,,,,,,,
CREATE_LINE,,,,-40607.259653:-33967.956413,-41250.000000:-34610.696761,152.552400,ETCH/F.CU,VBUS,,,,,,,,,
CREATE_LINE,,,,-41250.000000:-34610.696761,-41250.000000:-35050.000000,152.552400,ETCH/F.CU,VBUS,,,,,,,,,
CREATE_LINE,,,,-41250.000000:-35050.000000,-41250.000000:-35725.000000,152.552400,ETCH/F.CU,VBUS,,,,,,,,,
CREATE_LINE,,,,-41250.000000:-35725.000000,-41250.000000:-36400.000000,152.552400,ETCH/F.CU,VBUS,,,,,,,,,
CREATE_LINE,,,,-41250.000000:-36400.000000,-41250.000000:-36839.303239,152.552400,ETCH/F.CU,VBUS,,,,,,,,,
CREATE_LINE,,,,-41250.000000:-36839.303239,-41250.000000:-38109.902568,152.552400,ETCH/F.CU,VBUS,,,,,,,,,
CREATE_LINE,,,,-41250.000000:-38109.902568,-36609.902568:-42750.000000,152.552400,ETCH/F.CU,VBUS,,,,,,,,,
CREATE_LINE,,,,-36609.902568:-42750.000000,-36400.000000:-42750.000000,152.552400,ETCH/F.CU,VBUS,,,,,,,,,
CREATE_LINE,,,,-36400.000000:-42750.000000,-35725.000000:-42750.000000,152.552400,ETCH/F.CU,VBUS,,,,,,,,,
CREATE_LINE,,,,42750.000000:-35725.000000,42750.000000:-36400.000000,152.552400,ETCH/F.CU,VBUS,,,,,,,,,
CREATE_LINE,,,,42750.000000:-36400.000000,42750.000000:-36648.136013,152.552400,ETCH/F.CU,VBUS,,,,,,,,,
CREATE_LINE,,,,42750.000000:-36648.136013,41987.267002:-37410.869011,152.552400,ETCH/F.CU,VBUS,,,,,,,,,
CREATE_LINE,,,,41987.267002:-37410.869011,36613.733892:-37410.869011,152.552400,ETCH/F.CU,VBUS,,,,,,,,,
CREATE_LINE,,,,36613.733892:-37410.869011,31274.602904:-42750.000000,152.552400,ETCH/F.CU,VBUS,,,,,,,,,
CREATE_LINE,,,,31274.602904:-42750.000000,30950.000000:-42750.000000,152.552400,ETCH/F.CU,VBUS,,,,,,,,,
CREATE_LINE,,,,30950.000000:-42750.000000,30275.000000:-42750.000000,152.552400,ETCH/F.CU,VBUS,,,,,,,,,
CREATE_LINE,,,,30275.000000:-42750.000000,29600.000000:-42750.000000,152.552400,ETCH/F.CU,VBUS,,,,,,,,,
CREATE_LINE,,,,29600.000000:-42750.000000,29313.630542:-42750.000000,152.552400,ETCH/F.CU,VBUS,,,,,,,,,
CREATE_LINE,,,,29313.630542:-42750.000000,27350.000000:-40786.369458,152.552400,ETCH/F.CU,VBUS,,,,,,,,,
CREATE_LINE,,,,27350.000000:-40786.369458,27350.000000:-34874.303239,152.552400,ETCH/F.CU,VBUS,,,,,,,,,
CREATE_LINE,,,,27350.000000:-34874.303239,27350.000000:-34435.000000,152.552400,ETCH/F.CU,VBUS,,,,,,,,,
CREATE_LINE,,,,27350.000000:-34435.000000,27350.000000:-34025.000000,152.552400,ETCH/F.CU,VBUS,,,,,,,,,
CREATE_LINE,,,,27350.000000:-34025.000000,26675.000000:-34025.000000,152.552400,ETCH/F.CU,VBUS,,,,,,,,,
CREATE_LINE,,,,26675.000000:-34025.000000,26235.696761:-34025.000000,152.552400,ETCH/F.CU,VBUS,,,,,,,,,
CREATE_LINE,,,,26235.696761:-34025.000000,25521.796578:-34738.900182,152.552400,ETCH/F.CU,VBUS,,,,,,,,,
CREATE_LINE,,,,25521.796578:-34738.900182,10128.203422:-34738.900182,152.552400,ETCH/F.CU,VBUS,,,,,,,,,
CREATE_LINE,,,,10128.203422:-34738.900182,9414.303239:-34025.000000,152.552400,ETCH/F.CU,VBUS,,,,,,,,,
CREATE_LINE,,,,9414.303239:-34025.000000,8975.000000:-34025.000000,152.552400,ETCH/F.CU,VBUS,,,,,,,,,
CREATE_LINE,,,,8975.000000:-34025.000000,8300.000000:-34025.000000,152.552400,ETCH/F.CU,VBUS,,,,,,,,,
CREATE_LINE,,,,8300.000000:-34025.000000,8300.000000:-34435.000000,152.552400,ETCH/F.CU,VBUS,,,,,,,,,
CREATE_LINE,,,,8300.000000:-34435.000000,8300.000000:-34874.303239,152.552400,ETCH/F.CU,VBUS,,,,,,,,,
CREATE_LINE,,,,8300.000000:-34874.303239,7343.435957:-35830.867282,152.552400,ETCH/F.CU,VBUS,,,,,,,,,
CREATE_LINE,,,,7343.435957:-35830.867282,7343.435957:-42083.435957,152.552400,ETCH/F.CU,VBUS,,,,,,,,,
CREATE_LINE,,,,7343.435957:-42083.435957,8010.000000:-42750.000000,152.552400,ETCH/F.CU,VBUS,,,,,,,,,
CREATE_LINE,,,,8010.000000:-42750.000000,8275.000000:-42750.000000,152.552400,ETCH/F.CU,VBUS,,,,,,,,,
CREATE_LINE,,,,8275.000000:-42750.000000,7600.000000:-42750.000000,152.552400,ETCH/F.CU,VBUS,,,,,,,,,
CREATE_LINE,,,,7600.000000:-42750.000000,7160.696761:-42750.000000,152.552400,ETCH/F.CU,VBUS,,,,,,,,,
CREATE_LINE,,,,7160.696761:-42750.000000,1992.973910:-37582.277150,152.552400,ETCH/F.CU,VBUS,,,,,,,,,
CREATE_LINE,,,,1992.973910:-37582.277150,-6078.419611:-37582.277150,152.552400,ETCH/F.CU,VBUS,,,,,,,,,
CREATE_LINE,,,,-6078.419611:-37582.277150,-9635.696761:-34025.000000,152.552400,ETCH/F.CU,VBUS,,,,,,,,,
CREATE_LINE,,,,-9635.696761:-34025.000000,-10075.000000:-34025.000000,152.552400,ETCH/F.CU,VBUS,,,,,,,,,
CREATE_LINE,,,,-10075.000000:-34025.000000,-10750.000000:-34025.000000,152.552400,ETCH/F.CU,VBUS,,,,,,,,,
CREATE_LINE,,,,-10750.000000:-34025.000000,-10750.000000:-34435.000000,152.552400,ETCH/F.CU,VBUS,,,,,,,,,
CREATE_LINE,,,,-10750.000000:-34435.000000,-10750.000000:-34874.303239,152.552400,ETCH/F.CU,VBUS,,,,,,,,,
CREATE_LINE,,,,-10750.000000:-34874.303239,-10750.000000:-40040.000000,152.552400,ETCH/F.CU,VBUS,,,,,,,,,
CREATE_LINE,,,,-10750.000000:-40040.000000,-12888.058907:-42178.058907,152.552400,ETCH/F.CU,VBUS,,,,,,,,,
CREATE_LINE,,,,-12888.058907:-42178.058907,-13460.000000:-42750.000000,152.552400,ETCH/F.CU,VBUS,,,,,,,,,
CREATE_LINE,,,,-13460.000000:-42750.000000,-13725.000000:-42750.000000,152.552400,ETCH/F.CU,VBUS,,,,,,,,,
CREATE_LINE,,,,-29800.000000:4075.000000,-29800.000000:3665.000000,152.552400,ETCH/F.CU,VBUS,,,,,,,,,
CREATE_LINE,,,,-29800.000000:3665.000000,-29800.000000:3225.696761,152.552400,ETCH/F.CU,VBUS,,,,,,,,,
CREATE_LINE,,,,-29800.000000:3225.696761,-25137.339760:-1436.963479,152.552400,ETCH/F.CU,VBUS,,,,,,,,,
CREATE_LINE,,,,-25137.339760:-1436.963479,-25137.339760:-11096.354732,152.552400,ETCH/F.CU,VBUS,,,,,,,,,
CREATE_LINE,,,,27350.000000:4075.000000,28025.000000:4075.000000,152.552400,ETCH/F.CU,VBUS,,,,,,,,,
CREATE_LINE,,,,28025.000000:4075.000000,28464.303239:4075.000000,152.552400,ETCH/F.CU,VBUS,,,,,,,,,
CREATE_LINE,,,,28464.303239:4075.000000,38104.105724:-5564.802484,152.552400,ETCH/F.CU,VBUS,,,,,,,,,
CREATE_LINE,,,,38104.105724:-5564.802484,43547.403539:-5564.802484,152.552400,ETCH/F.CU,VBUS,,,,,,,,,
CREATE_LINE,,,,43547.403539:-5564.802484,44754.500000:-4357.706024,152.552400,ETCH/F.CU,VBUS,,,,,,,,,
CREATE_LINE,,,,44754.500000:-4357.706024,44754.500000:-1189.303239,152.552400,ETCH/F.CU,VBUS,,,,,,,,,
CREATE_LINE,,,,44754.500000:-1189.303239,44754.500000:-750.000000,152.552400,ETCH/F.CU,VBUS,,,,,,,,,
CREATE_LINE,,,,44754.500000:-750.000000,44754.500000:-450.000000,152.552400,ETCH/F.CU,VBUS,,,,,,,,,
CREATE_LINE,,,,44754.500000:-450.000000,44092.000000:-450.000000,152.552400,ETCH/F.CU,VBUS,,,,,,,,,
CREATE_LINE,,,,44092.000000:-450.000000,43862.980709:-450.000000,152.552400,ETCH/F.CU,VBUS,,,,,,,,,
CREATE_LINE,,,,43862.980709:-450.000000,43488.251551:-75.270842,152.552400,ETCH/F.CU,VBUS,,,,,,,,,
CREATE_LINE,,,,43488.251551:-75.270842,43488.251551:1285.554790,152.552400,ETCH/F.CU,VBUS,,,,,,,,,
CREATE_LINE,,,,43488.251551:1285.554790,43652.696761:1450.000000,152.552400,ETCH/F.CU,VBUS,,,,,,,,,
CREATE_LINE,,,,43652.696761:1450.000000,44092.000000:1450.000000,152.552400,ETCH/F.CU,VBUS,,,,,,,,,
CREATE_LINE,,,,44092.000000:1450.000000,44754.500000:1450.000000,152.552400,ETCH/F.CU,VBUS,,,,,,,,,
CREATE_LINE,,,,44754.500000:1450.000000,44754.500000:1750.000000,152.552400,ETCH/F.CU,VBUS,,,,,,,,,
CREATE_LINE,,,,44754.500000:1750.000000,44754.500000:2036.369458,152.552400,ETCH/F.CU,VBUS,,,,,,,,,
CREATE_LINE,,,,44754.500000:2036.369458,42750.000000:4040.869458,152.552400,ETCH/F.CU,VBUS,,,,,,,,,
CREATE_LINE,,,,42750.000000:4040.869458,42750.000000:7160.696761,152.552400,ETCH/F.CU,VBUS,,,,,,,,,
CREATE_LINE,,,,42750.000000:7160.696761,42750.000000:7600.000000,152.552400,ETCH/F.CU,VBUS,,,,,,,,,
CREATE_LINE,,,,42750.000000:7600.000000,42750.000000:8275.000000,152.552400,ETCH/F.CU,VBUS,,,,,,,,,
CREATE_LINE,,,,43547.403539:-5564.802484,43547.403539:-11813.293221,152.552400,ETCH/F.CU,VBUS,,,,,,,,,
CREATE_LINE,,,,43547.403539:-11813.293221,42750.000000:-12610.696761,152.552400,ETCH/F.CU,VBUS,,,,,,,,,
CREATE_LINE,,,,42750.000000:-12610.696761,42750.000000:-13050.000000,152.552400,ETCH/F.CU,VBUS,,,,,,,,,
CREATE_LINE,,,,42750.000000:-13050.000000,42750.000000:-13725.000000,152.552400,ETCH/F.CU,VBUS,,,,,,,,,
CREATE_LINE,,,,42750.000000:-13725.000000,42750.000000:-13990.000000,152.552400,ETCH/F.CU,VBUS,,,,,,,,,
CREATE_LINE,,,,42750.000000:-13990.000000,42029.365700:-14710.634300,152.552400,ETCH/F.CU,VBUS,,,,,,,,,
CREATE_LINE,,,,42029.365700:-14710.634300,41026.977267:-15713.022733,152.552400,ETCH/F.CU,VBUS,,,,,,,,,
CREATE_LINE,,,,41026.977267:-15713.022733,29202.325972:-15713.022733,152.552400,ETCH/F.CU,VBUS,,,,,,,,,
CREATE_LINE,,,,29202.325972:-15713.022733,28464.303239:-14975.000000,152.552400,ETCH/F.CU,VBUS,,,,,,,,,
CREATE_LINE,,,,28464.303239:-14975.000000,28025.000000:-14975.000000,152.552400,ETCH/F.CU,VBUS,,,,,,,,,
CREATE_LINE,,,,28025.000000:-14975.000000,27350.000000:-14975.000000,152.552400,ETCH/F.CU,VBUS,,,,,,,,,
CREATE_LINE,,,,27350.000000:-14975.000000,27350.000000:-15385.000000,152.552400,ETCH/F.CU,VBUS,,,,,,,,,
CREATE_LINE,,,,27350.000000:-15385.000000,27350.000000:-15824.303239,152.552400,ETCH/F.CU,VBUS,,,,,,,,,
CREATE_LINE,,,,27350.000000:-15824.303239,29915.731784:-18390.035023,152.552400,ETCH/F.CU,VBUS,,,,,,,,,
CREATE_LINE,,,,29915.731784:-18390.035023,29915.731784:-31724.268216,152.552400,ETCH/F.CU,VBUS,,,,,,,,,
CREATE_LINE,,,,29915.731784:-31724.268216,28146.388401:-33493.611599,152.552400,ETCH/F.CU,VBUS,,,,,,,,,
CREATE_LINE,,,,28146.388401:-33493.611599,27615.000000:-34025.000000,152.552400,ETCH/F.CU,VBUS,,,,,,,,,
CREATE_LINE,,,,27615.000000:-34025.000000,27350.000000:-34025.000000,152.552400,ETCH/F.CU,VBUS,,,,,,,,,
CREATE_LINE,,,,17653.812500:39969.437500,17654.000000:39969.000000,152.552400,ETCH/F.CU,VBUS,,,,,,,,,
CREATE_LINE,,,,17654.000000:39969.000000,17654.000000:39919.000000,152.552400,ETCH/F.CU,VBUS,,,,,,,,,
CREATE_LINE,,,,17654.000000:39919.000000,18058.905965:39514.094035,152.552400,ETCH/F.CU,VBUS,,,,,,,,,
CREATE_LINE,,,,18058.905965:39514.094035,18206.810468:39366.189532,152.552400,ETCH/F.CU,VBUS,,,,,,,,,
CREATE_LINE,,,,18206.810468:39366.189532,27276.886293:39366.189532,152.552400,ETCH/F.CU,VBUS,,,,,,,,,
CREATE_LINE,,,,27276.886293:39366.189532,29160.696761:41250.000000,152.552400,ETCH/F.CU,VBUS,,,,,,,,,
CREATE_LINE,,,,29160.696761:41250.000000,29600.000000:41250.000000,152.552400,ETCH/F.CU,VBUS,,,,,,,,,
CREATE_LINE,,,,29600.000000:41250.000000,30275.000000:41250.000000,152.552400,ETCH/F.CU,VBUS,,,,,,,,,
CREATE_LINE,,,,30275.000000:41250.000000,30950.000000:41250.000000,152.552400,ETCH/F.CU,VBUS,,,,,,,,,
CREATE_LINE,,,,30950.000000:41250.000000,31293.719626:41250.000000,152.552400,ETCH/F.CU,VBUS,,,,,,,,,
CREATE_LINE,,,,31293.719626:41250.000000,40747.898079:31795.821548,152.552400,ETCH/F.CU,VBUS,,,,,,,,,
CREATE_LINE,,,,40747.898079:31795.821548,42190.547911:31795.821548,152.552400,ETCH/F.CU,VBUS,,,,,,,,,
CREATE_LINE,,,,42190.547911:31795.821548,42750.000000:31236.369458,152.552400,ETCH/F.CU,VBUS,,,,,,,,,
CREATE_LINE,,,,42750.000000:31236.369458,42750.000000:30950.000000,152.552400,ETCH/F.CU,VBUS,,,,,,,,,
CREATE_LINE,,,,42750.000000:30950.000000,42750.000000:30275.000000,152.552400,ETCH/F.CU,VBUS,,,,,,,,,
CREATE_LINE,,,,-10750.000000:-14975.000000,-10750.000000:-15385.000000,152.552400,ETCH/F.CU,VBUS,,,,,,,,,
CREATE_LINE,,,,-10750.000000:-15385.000000,-10750.000000:-15824.303239,152.552400,ETCH/F.CU,VBUS,,,,,,,,,
CREATE_LINE,,,,-10750.000000:-15824.303239,-8185.371424:-18388.931816,152.552400,ETCH/F.CU,VBUS,,,,,,,,,
CREATE_LINE,,,,-8185.371424:-18388.931816,-8185.371424:-31725.371424,152.552400,ETCH/F.CU,VBUS,,,,,,,,,
CREATE_LINE,,,,-8185.371424:-31725.371424,-9940.094035:-33480.094035,152.552400,ETCH/F.CU,VBUS,,,,,,,,,
CREATE_LINE,,,,-9940.094035:-33480.094035,-10485.000000:-34025.000000,152.552400,ETCH/F.CU,VBUS,,,,,,,,,
CREATE_LINE,,,,-10485.000000:-34025.000000,-10750.000000:-34025.000000,152.552400,ETCH/F.CU,VBUS,,,,,,,,,
CREATE_LINE,,,,15529.674925:39311.813419,16201.366590:39311.813419,152.552400,ETCH/F.CU,VBUS,,,,,,,,,
CREATE_LINE,,,,16201.366590:39311.813419,16602.520485:38910.659525,152.552400,ETCH/F.CU,VBUS,,,,,,,,,
CREATE_LINE,,,,16602.520485:38910.659525,16602.520485:38685.576947,152.552400,ETCH/F.CU,VBUS,,,,,,,,,
CREATE_LINE,,,,16602.520485:38685.576947,16803.097432:38485.000000,152.552400,ETCH/F.CU,VBUS,,,,,,,,,
CREATE_LINE,,,,16803.097432:38485.000000,17013.000000:38485.000000,152.552400,ETCH/F.CU,VBUS,,,,,,,,,
CREATE_LINE,,,,17013.000000:38485.000000,17283.000000:38485.000000,152.552400,ETCH/F.CU,VBUS,,,,,,,,,
CREATE_LINE,,,,17283.000000:38485.000000,17282.718750:38485.062500,152.552400,ETCH/F.CU,VBUS,,,,,,,,,
CREATE_LINE,,,,8055.375000:44001.468750,8055.000000:44001.000000,152.552400,ETCH/F.CU,VBUS,,,,,,,,,
CREATE_LINE,,,,8055.000000:44001.000000,7735.000000:44001.000000,152.552400,ETCH/F.CU,VBUS,,,,,,,,,
CREATE_LINE,,,,7735.000000:44001.000000,7724.954045:44001.000000,152.552400,ETCH/F.CU,VBUS,,,,,,,,,
CREATE_LINE,,,,7724.954045:44001.000000,7172.743564:44553.210481,152.552400,ETCH/F.CU,VBUS,,,,,,,,,
CREATE_LINE,,,,7172.743564:44553.210481,7172.743564:45024.042281,152.552400,ETCH/F.CU,VBUS,,,,,,,,,
CREATE_LINE,,,,7172.743564:45024.042281,7081.785845:45115.000000,152.552400,ETCH/F.CU,VBUS,,,,,,,,,
CREATE_LINE,,,,7081.785845:45115.000000,6891.000000:45115.000000,152.552400,ETCH/F.CU,VBUS,,,,,,,,,
CREATE_LINE,,,,6891.000000:45115.000000,6571.000000:45115.000000,152.552400,ETCH/F.CU,VBUS,,,,,,,,,
CREATE_LINE,,,,6571.000000:45115.000000,6571.000000:45114.750000,152.552400,ETCH/F.CU,VBUS,,,,,,,,,
CREATE_LINE,,,,12829.593750:38485.062500,12830.000000:38485.000000,152.552400,ETCH/F.CU,VBUS,,,,,,,,,
CREATE_LINE,,,,6199.906250:42888.187500,6200.000000:42888.000000,152.552400,ETCH/F.CU,VBUS,,,,,,,,,
CREATE_LINE,,,,9539.750000:44372.562500,9540.000000:44373.000000,152.552400,ETCH/F.CU,VBUS,,,,,,,,,
CREATE_LINE,,,,15056.156250:38485.062500,15056.000000:38485.000000,152.552400,ETCH/F.CU,VBUS,,,,,,,,,
CREATE_LINE,,,,15547.750000:46002.437500,15548.000000:46002.000000,152.552400,ETCH/F.CU,VBUS,,,,,,,,,
CREATE_LINE,,,,11024.125000:44372.562500,11024.000000:44373.000000,152.552400,ETCH/F.CU,VBUS,,,,,,,,,
CREATE_LINE,,,,15427.250000:39969.437500,15427.000000:39969.000000,152.552400,ETCH/F.CU,VBUS,,,,,,,,,
CREATE_LINE,,,,15427.250000:41453.812500,15427.000000:41454.000000,152.552400,ETCH/F.CU,VBUS,,,,,,,,,
CREATE_LINE,,,,861.312500:35516.312500,861.000000:35516.000000,152.552400,ETCH/F.CU,VBUS,,,,,,,,,
CREATE_LINE,,,,17653.812500:41453.812500,17654.000000:41454.000000,152.552400,ETCH/F.CU,VBUS,,,,,,,,,
CREATE_LINE,,,,8757.906250:38401.781250,8757.500000:38402.000000,152.552400,ETCH/F.CU,VBUS,,,,,,,,,
CREATE_LINE,,,,44754.000000:-449.781250,44754.500000:-450.000000,152.552400,ETCH/F.CU,VBUS,,,,,,,,,
CREATE_LINE,,,,44754.000000:1450.218750,44754.500000:1450.000000,152.552400,ETCH/F.CU,VBUS,,,,,,,,,
CREATE_LINE,,,,44051.468750:-1736.343750,44051.000000:-1736.000000,152.552400,ETCH/F.CU,V3V3,,,,,,,,,
CREATE_LINE,,,,44051.000000:-1736.000000,43731.000000:-1736.000000,152.552400,ETCH/F.CU,V3V3,,,,,,,,,
CREATE_LINE,,,,43731.000000:-1736.000000,43291.696761:-1736.000000,152.552400,ETCH/F.CU,V3V3,,,,,,,,,
CREATE_LINE,,,,43291.696761:-1736.000000,42887.000000:-1736.000000,152.552400,ETCH/F.CU,V3V3,,,,,,,,,
CREATE_LINE,,,,42887.000000:-1736.000000,42567.000000:-1736.000000,152.552400,ETCH/F.CU,V3V3,,,,,,,,,
CREATE_LINE,,,,42567.000000:-1736.000000,42479.500000:-1648.500000,152.552400,ETCH/F.CU,V3V3,,,,,,,,,
CREATE_LINE,,,,42479.500000:-1648.500000,42479.500000:-750.000000,152.552400,ETCH/F.CU,V3V3,,,,,,,,,
CREATE_LINE,,,,42479.500000:-750.000000,42479.500000:-450.000000,152.552400,ETCH/F.CU,V3V3,,,,,,,,,
CREATE_LINE,,,,42479.500000:-450.000000,41817.000000:-450.000000,152.552400,ETCH/F.CU,V3V3,,,,,,,,,
CREATE_LINE,,,,41817.000000:-450.000000,41568.863987:-450.000000,152.552400,ETCH/F.CU,V3V3,,,,,,,,,
CREATE_LINE,,,,41568.863987:-450.000000,41227.863987:-109.000000,152.552400,ETCH/F.CU,V3V3,,,,,,,,,
CREATE_LINE,,,,41227.863987:-109.000000,41209.000000:-109.000000,152.552400,ETCH/F.CU,V3V3,,,,,,,,,
CREATE_LINE,,,,41209.000000:-109.000000,40939.000000:-109.000000,152.552400,ETCH/F.CU,V3V3,,,,,,,,,
CREATE_LINE,,,,40939.000000:-109.000000,40939.000000:211.000000,152.552400,ETCH/F.CU,V3V3,,,,,,,,,
CREATE_LINE,,,,40939.000000:211.000000,40939.000000:650.303239,152.552400,ETCH/F.CU,V3V3,,,,,,,,,
CREATE_LINE,,,,40939.000000:650.303239,40563.889452:1025.413788,152.552400,ETCH/F.CU,V3V3,,,,,,,,,
CREATE_LINE,,,,40563.889452:1025.413788,40563.889452:16540.807309,152.552400,ETCH/F.CU,V3V3,,,,,,,,,
CREATE_LINE,,,,40563.889452:16540.807309,32325.000000:24779.696761,152.552400,ETCH/F.CU,V3V3,,,,,,,,,
CREATE_LINE,,,,32325.000000:24779.696761,32325.000000:25219.000000,152.552400,ETCH/F.CU,V3V3,,,,,,,,,
CREATE_LINE,,,,32325.000000:25219.000000,32325.000000:26075.000000,152.552400,ETCH/F.CU,V3V3,,,,,,,,,
CREATE_LINE,,,,32325.000000:26075.000000,32022.500000:26377.500000,152.552400,ETCH/F.CU,V3V3,,,,,,,,,
CREATE_LINE,,,,32022.500000:26377.500000,31409.365700:26990.634300,152.552400,ETCH/F.CU,V3V3,,,,,,,,,
CREATE_LINE,,,,31409.365700:26990.634300,30740.634300:27659.365700,152.552400,ETCH/F.CU,V3V3,,,,,,,,,
CREATE_LINE,,,,30740.634300:27659.365700,30127.500000:28272.500000,152.552400,ETCH/F.CU,V3V3,,,,,,,,,
CREATE_LINE,,,,30127.500000:28272.500000,29825.000000:28575.000000,152.552400,ETCH/F.CU,V3V3,,,,,,,,,
CREATE_LINE,,,,-23572.562500:45683.687500,-23573.000000:45683.500000,152.552400,ETCH/F.CU,V3V3,,,,,,,,,
CREATE_LINE,,,,-23573.000000:45683.500000,-23573.000000:44946.000000,152.552400,ETCH/F.CU,V3V3,,,,,,,,,
CREATE_LINE,,,,-23573.000000:44946.000000,-23573.000000:44697.863987,152.552400,ETCH/F.CU,V3V3,,,,,,,,,
CREATE_LINE,,,,-23573.000000:44697.863987,-23954.633336:44316.230651,152.552400,ETCH/F.CU,V3V3,,,,,,,,,
CREATE_LINE,,,,-23954.633336:44316.230651,-23954.633336:44297.113929,152.552400,ETCH/F.CU,V3V3,,,,,,,,,
CREATE_LINE,,,,-23954.633336:44297.113929,-23980.747264:44271.000000,152.552400,ETCH/F.CU,V3V3,,,,,,,,,
CREATE_LINE,,,,-23980.747264:44271.000000,-24248.000000:44271.000000,152.552400,ETCH/F.CU,V3V3,,,,,,,,,
CREATE_LINE,,,,-24248.000000:44271.000000,-24985.500000:44271.000000,152.552400,ETCH/F.CU,V3V3,,,,,,,,,
CREATE_LINE,,,,-24985.500000:44271.000000,-25723.000000:44271.000000,152.552400,ETCH/F.CU,V3V3,,,,,,,,,
CREATE_LINE,,,,-25723.000000:44271.000000,-26047.602904:44271.000000,152.552400,ETCH/F.CU,V3V3,,,,,,,,,
CREATE_LINE,,,,-26047.602904:44271.000000,-26047.602904:43562.538389,152.552400,ETCH/F.CU,V3V3,,,,,,,,,
CREATE_LINE,,,,-26047.602904:43562.538389,-26532.355447:43077.785845,152.552400,ETCH/F.CU,V3V3,,,,,,,,,
CREATE_LINE,,,,-26532.355447:43077.785845,-26600.000000:43077.785845,152.552400,ETCH/F.CU,V3V3,,,,,,,,,
CREATE_LINE,,,,-26600.000000:43077.785845,-26600.000000:42887.000000,152.552400,ETCH/F.CU,V3V3,,,,,,,,,
CREATE_LINE,,,,-26600.000000:42887.000000,-26600.000000:42567.000000,152.552400,ETCH/F.CU,V3V3,,,,,,,,,
CREATE_LINE,,,,-26600.000000:42567.000000,-26600.000000:42517.000000,152.552400,ETCH/F.CU,V3V3,,,,,,,,,
CREATE_LINE,,,,-26600.000000:42517.000000,-26162.303239:42079.303239,152.552400,ETCH/F.CU,V3V3,,,,,,,,,
CREATE_LINE,,,,-26162.303239:42079.303239,-26162.303239:40271.000000,152.552400,ETCH/F.CU,V3V3,,,,,,,,,
CREATE_LINE,,,,-26162.303239:40271.000000,-25723.000000:40271.000000,152.552400,ETCH/F.CU,V3V3,,,,,,,,,
CREATE_LINE,,,,-25723.000000:40271.000000,-24985.500000:40271.000000,152.552400,ETCH/F.CU,V3V3,,,,,,,,,
CREATE_LINE,,,,-24985.500000:40271.000000,-24616.750000:40271.000000,152.552400,ETCH/F.CU,V3V3,,,,,,,,,
CREATE_LINE,,,,-24616.750000:40271.000000,-24248.000000:40271.000000,152.552400,ETCH/F.CU,V3V3,,,,,,,,,
CREATE_LINE,,,,-24248.000000:40271.000000,-23822.172067:40696.827933,152.552400,ETCH/F.CU,V3V3,,,,,,,,,
CREATE_LINE,,,,-23822.172067:40696.827933,-23822.172067:40739.402302,152.552400,ETCH/F.CU,V3V3,,,,,,,,,
CREATE_LINE,,,,-23822.172067:40739.402302,-23166.204926:41395.369442,152.552400,ETCH/F.CU,V3V3,,,,,,,,,
CREATE_LINE,,,,-23166.204926:41395.369442,-22436.391579:41395.369442,152.552400,ETCH/F.CU,V3V3,,,,,,,,,
CREATE_LINE,,,,-22436.391579:41395.369442,-21564.425243:40523.403106,152.552400,ETCH/F.CU,V3V3,,,,,,,,,
CREATE_LINE,,,,-21564.425243:40523.403106,-21564.425243:40004.295965,152.552400,ETCH/F.CU,V3V3,,,,,,,,,
CREATE_LINE,,,,-21564.425243:40004.295965,-20808.185208:39248.055930,152.552400,ETCH/F.CU,V3V3,,,,,,,,,
CREATE_LINE,,,,-20808.185208:39248.055930,-20132.971219:39248.055930,152.552400,ETCH/F.CU,V3V3,,,,,,,,,
CREATE_LINE,,,,-20132.971219:39248.055930,-20132.971219:39513.378199,152.552400,ETCH/F.CU,V3V3,,,,,,,,,
CREATE_LINE,,,,-20132.971219:39513.378199,-19981.947530:39664.401888,152.552400,ETCH/F.CU,V3V3,,,,,,,,,
CREATE_LINE,,,,-19981.947530:39664.401888,-19981.947530:41992.538651,152.552400,ETCH/F.CU,V3V3,,,,,,,,,
CREATE_LINE,,,,-19981.947530:41992.538651,-17703.486181:44271.000000,152.552400,ETCH/F.CU,V3V3,,,,,,,,,
CREATE_LINE,,,,-17703.486181:44271.000000,-17398.000000:44271.000000,152.552400,ETCH/F.CU,V3V3,,,,,,,,,
CREATE_LINE,,,,-17398.000000:44271.000000,-16660.500000:44271.000000,152.552400,ETCH/F.CU,V3V3,,,,,,,,,
CREATE_LINE,,,,-16660.500000:44271.000000,-16660.062500:44271.187500,152.552400,ETCH/F.CU,V3V3,,,,,,,,,
CREATE_LINE,,,,-26047.602904:44271.000000,-26929.102904:45152.500000,152.552400,ETCH/F.CU,V3V3,,,,,,,,,
CREATE_LINE,,,,-26929.102904:45152.500000,-26930.000000:45152.500000,152.552400,ETCH/F.CU,V3V3,,,,,,,,,
CREATE_LINE,,,,-26930.000000:45152.500000,-27786.000000:45152.500000,152.552400,ETCH/F.CU,V3V3,,,,,,,,,
CREATE_LINE,,,,-27786.000000:45152.500000,-27785.875000:45152.562500,152.552400,ETCH/F.CU,V3V3,,,,,,,,,
CREATE_LINE,,,,-15948.187696:36580.674223,-16726.013473:37358.500000,152.552400,ETCH/F.CU,V3V3,,,,,,,,,
CREATE_LINE,,,,-16726.013473:37358.500000,-17483.696761:37358.500000,152.552400,ETCH/F.CU,V3V3,,,,,,,,,
CREATE_LINE,,,,-17483.696761:37358.500000,-17923.000000:37358.500000,152.552400,ETCH/F.CU,V3V3,,,,,,,,,
CREATE_LINE,,,,-17923.000000:37358.500000,-18073.000000:37358.500000,152.552400,ETCH/F.CU,V3V3,,,,,,,,,
CREATE_LINE,,,,-18073.000000:37358.500000,-18073.000000:37946.000000,152.552400,ETCH/F.CU,V3V3,,,,,,,,,
CREATE_LINE,,,,-18073.000000:37946.000000,-17801.611599:38217.388401,152.552400,ETCH/F.CU,V3V3,,,,,,,,,
CREATE_LINE,,,,-17801.611599:38217.388401,-17801.611599:38694.431895,152.552400,ETCH/F.CU,V3V3,,,,,,,,,
CREATE_LINE,,,,-17801.611599:38694.431895,-18281.139414:39173.959710,152.552400,ETCH/F.CU,V3V3,,,,,,,,,
CREATE_LINE,,,,-18281.139414:39173.959710,-18794.445843:39173.959710,152.552400,ETCH/F.CU,V3V3,,,,,,,,,
CREATE_LINE,,,,-18794.445843:39173.959710,-19223.081067:38745.324487,152.552400,ETCH/F.CU,V3V3,,,,,,,,,
CREATE_LINE,,,,-19223.081067:38745.324487,-19681.744653:38745.324487,152.552400,ETCH/F.CU,V3V3,,,,,,,,,
CREATE_LINE,,,,-19681.744653:38745.324487,-20132.971219:39196.551053,152.552400,ETCH/F.CU,V3V3,,,,,,,,,
CREATE_LINE,,,,-20132.971219:39196.551053,-20132.971219:39248.055930,152.552400,ETCH/F.CU,V3V3,,,,,,,,,
CREATE_LINE,,,,42567.093750:-1736.343750,42567.000000:-1736.000000,152.552400,ETCH/F.CU,V3V3,,,,,,,,,
CREATE_LINE,,,,-26599.625000:42567.093750,-26600.000000:42567.000000,152.552400,ETCH/F.CU,V3V3,,,,,,,,,
CREATE_LINE,,,,40939.437500:-108.687500,40939.000000:-109.000000,152.552400,ETCH/F.CU,V3V3,,,,,,,,,
CREATE_LINE,,,,42479.000000:-449.781250,42479.500000:-450.000000,152.552400,ETCH/F.CU,V3V3,,,,,,,,,
CREATE_LINE,,,,-24985.062500:44271.187500,-24985.500000:44271.000000,152.552400,ETCH/F.CU,V3V3,,,,,,,,,
CREATE_LINE,,,,-24985.062500:40271.187500,-24985.500000:40271.000000,152.552400,ETCH/F.CU,V3V3,,,,,,,,,
CREATE_LINE,,,,-18072.562500:37358.687500,-18073.000000:37358.500000,152.552400,ETCH/F.CU,V3V3,,,,,,,,,
CREATE_LINE,,,,9539.750000:45392.562500,9540.000000:45393.000000,152.552400,ETCH/F.CU,GND,,,,,,,,,
CREATE_LINE,,,,9540.000000:45393.000000,9860.000000:45393.000000,152.552400,ETCH/F.CU,GND,,,,,,,,,
CREATE_LINE,,,,9860.000000:45393.000000,10264.696761:45393.000000,152.552400,ETCH/F.CU,GND,,,,,,,,,
CREATE_LINE,,,,10264.696761:45393.000000,10704.000000:45393.000000,152.552400,ETCH/F.CU,GND,,,,,,,,,
CREATE_LINE,,,,10704.000000:45393.000000,11024.000000:45393.000000,152.552400,ETCH/F.CU,GND,,,,,,,,,
CREATE_LINE,,,,11024.000000:45393.000000,11024.000000:45663.000000,152.552400,ETCH/F.CU,GND,,,,,,,,,
CREATE_LINE,,,,11024.000000:45663.000000,11024.000000:45987.602904,152.552400,ETCH/F.CU,GND,,,,,,,,,
CREATE_LINE,,,,11024.000000:45987.602904,11024.000000:46092.198075,152.552400,ETCH/F.CU,GND,,,,,,,,,
CREATE_LINE,,,,11024.000000:46092.198075,11059.483097:46127.681172,152.552400,ETCH/F.CU,GND,,,,,,,,,
CREATE_LINE,,,,16447.250000:39969.437500,16447.000000:39969.000000,152.552400,ETCH/F.CU,GND,,,,,,,,,
CREATE_LINE,,,,16447.000000:39969.000000,16447.000000:40289.000000,152.552400,ETCH/F.CU,GND,,,,,,,,,
CREATE_LINE,,,,16447.000000:40289.000000,16447.000000:40694.696761,152.552400,ETCH/F.CU,GND,,,,,,,,,
CREATE_LINE,,,,16447.000000:40694.696761,16447.000000:41134.000000,152.552400,ETCH/F.CU,GND,,,,,,,,,
CREATE_LINE,,,,16447.000000:41134.000000,16447.000000:41454.000000,152.552400,ETCH/F.CU,GND,,,,,,,,,
CREATE_LINE,,,,16447.000000:41454.000000,16447.000000:41774.000000,152.552400,ETCH/F.CU,GND,,,,,,,,,
CREATE_LINE,,,,16447.000000:41774.000000,16447.000000:42178.696761,152.552400,ETCH/F.CU,GND,,,,,,,,,
CREATE_LINE,,,,16447.000000:42178.696761,16447.000000:42618.000000,152.552400,ETCH/F.CU,GND,,,,,,,,,
CREATE_LINE,,,,16447.000000:42618.000000,16447.000000:42938.000000,152.552400,ETCH/F.CU,GND,,,,,,,,,
CREATE_LINE,,,,16447.000000:42938.000000,16717.000000:42938.000000,152.552400,ETCH/F.CU,GND,,,,,,,,,
CREATE_LINE,,,,16717.000000:42938.000000,16926.902568:42938.000000,152.552400,ETCH/F.CU,GND,,,,,,,,,
CREATE_LINE,,,,16926.902568:42938.000000,16926.902568:43181.471892,152.552400,ETCH/F.CU,GND,,,,,,,,,
CREATE_LINE,,,,16926.902568:43181.471892,17259.491357:43514.060681,152.552400,ETCH/F.CU,GND,,,,,,,,,
CREATE_LINE,,,,17259.491357:43514.060681,18021.928488:43514.060681,152.552400,ETCH/F.CU,GND,,,,,,,,,
CREATE_LINE,,,,18021.928488:43514.060681,18260.469727:43752.601920,152.552400,ETCH/F.CU,GND,,,,,,,,,
CREATE_LINE,,,,36316.613815:43625.893390,36316.613815:42750.000000,152.552400,ETCH/F.CU,GND,,,,,,,,,
CREATE_LINE,,,,36316.613815:42750.000000,35725.000000:42750.000000,152.552400,ETCH/F.CU,GND,,,,,,,,,
CREATE_LINE,,,,-899.137471:35290.298282,-884.902556:35304.533197,152.552400,ETCH/F.CU,GND,,,,,,,,,
CREATE_LINE,,,,-884.902556:35304.533197,-869.486094:35304.533197,152.552400,ETCH/F.CU,GND,,,,,,,,,
CREATE_LINE,,,,-869.486094:35304.533197,-658.019291:35516.000000,152.552400,ETCH/F.CU,GND,,,,,,,,,
CREATE_LINE,,,,-658.019291:35516.000000,-429.000000:35516.000000,152.552400,ETCH/F.CU,GND,,,,,,,,,
CREATE_LINE,,,,-429.000000:35516.000000,-159.000000:35516.000000,152.552400,ETCH/F.CU,GND,,,,,,,,,
CREATE_LINE,,,,-159.000000:35516.000000,-158.687500:35516.312500,152.552400,ETCH/F.CU,GND,,,,,,,,,
CREATE_LINE,,,,2903.670972:37657.393386,2928.733748:37682.456161,152.552400,ETCH/F.CU,GND,,,,,,,,,
CREATE_LINE,,,,2928.733748:37682.456161,2928.733748:37698.831180,152.552400,ETCH/F.CU,GND,,,,,,,,,
CREATE_LINE,,,,2928.733748:37698.831180,3250.000000:38020.097432,152.552400,ETCH/F.CU,GND,,,,,,,,,
CREATE_LINE,,,,3250.000000:38020.097432,3250.000000:38230.000000,152.552400,ETCH/F.CU,GND,,,,,,,,,
CREATE_LINE,,,,3250.000000:38230.000000,3250.000000:38955.000000,152.552400,ETCH/F.CU,GND,,,,,,,,,
CREATE_LINE,,,,19577.882153:35742.144525,19577.882153:36661.098556,152.552400,ETCH/F.CU,GND,,,,,,,,,
CREATE_LINE,,,,19577.882153:36661.098556,18303.000000:37935.980709,152.552400,ETCH/F.CU,GND,,,,,,,,,
CREATE_LINE,,,,18303.000000:37935.980709,18303.000000:38165.000000,152.552400,ETCH/F.CU,GND,,,,,,,,,
CREATE_LINE,,,,18303.000000:38165.000000,18303.000000:38485.000000,152.552400,ETCH/F.CU,GND,,,,,,,,,
CREATE_LINE,,,,18303.000000:38485.000000,18302.718750:38485.062500,152.552400,ETCH/F.CU,GND,,,,,,,,,
CREATE_LINE,,,,-18572.562500:37358.687500,-18573.000000:37358.500000,152.552400,ETCH/F.CU,GND,,,,,,,,,
CREATE_LINE,,,,-18573.000000:37358.500000,-18573.000000:38096.000000,152.552400,ETCH/F.CU,GND,,,,,,,,,
CREATE_LINE,,,,-18573.000000:38096.000000,-18573.000000:38344.136013,152.552400,ETCH/F.CU,GND,,,,,,,,,
CREATE_LINE,,,,-18573.000000:38344.136013,-18573.000000:38516.913611,152.552400,ETCH/F.CU,GND,,,,,,,,,
CREATE_LINE,,,,-18573.000000:38516.913611,-18511.555606:38578.358005,152.552400,ETCH/F.CU,GND,,,,,,,,,
CREATE_LINE,,,,-23011.171771:42292.744035,-23672.126514:41631.789292,152.552400,ETCH/F.CU,GND,,,,,,,,,
CREATE_LINE,,,,-23672.126514:41631.789292,-23672.126514:41346.873486,152.552400,ETCH/F.CU,GND,,,,,,,,,
CREATE_LINE,,,,-23672.126514:41346.873486,-24248.000000:40771.000000,152.552400,ETCH/F.CU,GND,,,,,,,,,
CREATE_LINE,,,,-24248.000000:40771.000000,-24616.750000:40771.000000,152.552400,ETCH/F.CU,GND,,,,,,,,,
CREATE_LINE,,,,-24616.750000:40771.000000,-24985.500000:40771.000000,152.552400,ETCH/F.CU,GND,,,,,,,,,
CREATE_LINE,,,,-24985.500000:40771.000000,-24985.062500:40771.187500,152.552400,ETCH/F.CU,GND,,,,,,,,,
CREATE_LINE,,,,-22970.345460:44460.102099,-23073.000000:44562.756639,152.552400,ETCH/F.CU,GND,,,,,,,,,
CREATE_LINE,,,,-23073.000000:44562.756639,-23073.000000:44640.513819,152.552400,ETCH/F.CU,GND,,,,,,,,,
CREATE_LINE,,,,-23073.000000:44640.513819,-23073.000000:44946.000000,152.552400,ETCH/F.CU,GND,,,,,,,,,
CREATE_LINE,,,,-23073.000000:44946.000000,-23073.000000:45683.500000,152.552400,ETCH/F.CU,GND,,,,,,,,,
CREATE_LINE,,,,-23073.000000:45683.500000,-23072.562500:45683.687500,152.552400,ETCH/F.CU,GND,,,,,,,,,
CREATE_LINE,,,,-5300.000000:24625.000000,-4625.000000:24625.000000,152.552400,ETCH/F.CU,GND,,,,,,,,,
CREATE_LINE,,,,-4625.000000:24625.000000,-4262.163651:24625.000000,152.552400,ETCH/F.CU,GND,,,,,,,,,
CREATE_LINE,,,,-4262.163651:24625.000000,-3656.260776:24625.000000,152.552400,ETCH/F.CU,GND,,,,,,,,,
CREATE_LINE,,,,-3656.260776:24625.000000,-3441.145558:24409.884782,152.552400,ETCH/F.CU,GND,,,,,,,,,
CREATE_LINE,,,,-158.687500:34031.937500,-159.000000:34032.000000,152.552400,ETCH/F.CU,GND,,,,,,,,,
CREATE_LINE,,,,-159.000000:34032.000000,-159.000000:33712.000000,152.552400,ETCH/F.CU,GND,,,,,,,,,
CREATE_LINE,,,,-159.000000:33712.000000,-159.000000:33521.214155,152.552400,ETCH/F.CU,GND,,,,,,,,,
CREATE_LINE,,,,-159.000000:33521.214155,-159.000000:33404.316475,152.552400,ETCH/F.CU,GND,,,,,,,,,
CREATE_LINE,,,,-159.000000:33404.316475,-4.930309:33250.246784,152.552400,ETCH/F.CU,GND,,,,,,,,,
CREATE_LINE,,,,-3250.000000:38955.000000,-3250.000000:38230.000000,152.552400,ETCH/F.CU,GND,,,,,,,,,
CREATE_LINE,,,,-3250.000000:38230.000000,-3250.000000:37790.696761,152.552400,ETCH/F.CU,GND,,,,,,,,,
CREATE_LINE,,,,-3250.000000:37790.696761,-3250.000000:37772.092124,152.552400,ETCH/F.CU,GND,,,,,,,,,
CREATE_LINE,,,,-3250.000000:37772.092124,-3254.363799:37767.728325,152.552400,ETCH/F.CU,GND,,,,,,,,,
CREATE_LINE,,,,5321.215534:37607.084023,5325.084023:37607.084023,152.552400,ETCH/F.CU,GND,,,,,,,,,
CREATE_LINE,,,,5325.084023:37607.084023,5509.365700:37791.365700,152.552400,ETCH/F.CU,GND,,,,,,,,,
CREATE_LINE,,,,5509.365700:37791.365700,6120.000000:38402.000000,152.552400,ETCH/F.CU,GND,,,,,,,,,
CREATE_LINE,,,,6120.000000:38402.000000,6482.500000:38402.000000,152.552400,ETCH/F.CU,GND,,,,,,,,,
CREATE_LINE,,,,6482.500000:38402.000000,6482.906250:38401.781250,152.552400,ETCH/F.CU,GND,,,,,,,,,
CREATE_LINE,,,,13750.000000:-13475.000000,14425.000000:-13475.000000,152.552400,ETCH/F.CU,GND,,,,,,,,,
CREATE_LINE,,,,14425.000000:-13475.000000,14596.669123:-13475.000000,152.552400,ETCH/F.CU,GND,,,,,,,,,
CREATE_LINE,,,,14596.669123:-13475.000000,15034.506322:-13912.837199,152.552400,ETCH/F.CU,GND,,,,,,,,,
CREATE_LINE,,,,15034.506322:-13912.837199,15034.506322:-14211.638180,152.552400,ETCH/F.CU,GND,,,,,,,,,
CREATE_LINE,,,,13750.000000:5575.000000,14425.000000:5575.000000,152.552400,ETCH/F.CU,GND,,,,,,,,,
CREATE_LINE,,,,14425.000000:5575.000000,14864.303239:5575.000000,152.552400,ETCH/F.CU,GND,,,,,,,,,
CREATE_LINE,,,,14864.303239:5575.000000,14898.116986:5575.000000,152.552400,ETCH/F.CU,GND,,,,,,,,,
CREATE_LINE,,,,14898.116986:5575.000000,14899.128957:5573.988030,152.552400,ETCH/F.CU,GND,,,,,,,,,
CREATE_LINE,,,,-24350.000000:-13475.000000,-23675.000000:-13475.000000,152.552400,ETCH/F.CU,GND,,,,,,,,,
CREATE_LINE,,,,-23675.000000:-13475.000000,-23503.330877:-13475.000000,152.552400,ETCH/F.CU,GND,,,,,,,,,
CREATE_LINE,,,,-23503.330877:-13475.000000,-23366.308253:-13475.000000,152.552400,ETCH/F.CU,GND,,,,,,,,,
CREATE_LINE,,,,-23366.308253:-13475.000000,-23188.389003:-13297.080749,152.552400,ETCH/F.CU,GND,,,,,,,,,
CREATE_LINE,,,,-15440.763286:43956.129187,-15451.501355:43956.129187,152.552400,ETCH/F.CU,GND,,,,,,,,,
CREATE_LINE,,,,-15451.501355:43956.129187,-15636.630542:43771.000000,152.552400,ETCH/F.CU,GND,,,,,,,,,
CREATE_LINE,,,,-15636.630542:43771.000000,-15923.000000:43771.000000,152.552400,ETCH/F.CU,GND,,,,,,,,,
CREATE_LINE,,,,-15923.000000:43771.000000,-16660.500000:43771.000000,152.552400,ETCH/F.CU,GND,,,,,,,,,
CREATE_LINE,,,,-16660.500000:43771.000000,-16660.062500:43771.187500,152.552400,ETCH/F.CU,GND,,,,,,,,,
CREATE_LINE,,,,13750.000000:24625.000000,14425.000000:24625.000000,152.552400,ETCH/F.CU,GND,,,,,,,,,
CREATE_LINE,,,,14425.000000:24625.000000,14864.303239:24625.000000,152.552400,ETCH/F.CU,GND,,,,,,,,,
CREATE_LINE,,,,14864.303239:24625.000000,14916.382667:24625.000000,152.552400,ETCH/F.CU,GND,,,,,,,,,
CREATE_LINE,,,,14916.382667:24625.000000,14921.687540:24619.695127,152.552400,ETCH/F.CU,GND,,,,,,,,,
CREATE_LINE,,,,-42750.000000:13725.000000,-42750.000000:14400.000000,152.552400,ETCH/F.CU,GND,,,,,,,,,
CREATE_LINE,,,,-42750.000000:14400.000000,-42750.000000:14609.902568,152.552400,ETCH/F.CU,GND,,,,,,,,,
CREATE_LINE,,,,-42750.000000:14609.902568,-42490.755231:14869.147336,152.552400,ETCH/F.CU,GND,,,,,,,,,
CREATE_LINE,,,,-42490.755231:14869.147336,-42490.755231:14887.751566,152.552400,ETCH/F.CU,GND,,,,,,,,,
CREATE_LINE,,,,39919.437500:-108.687500,39919.000000:-109.000000,152.552400,ETCH/F.CU,GND,,,,,,,,,
CREATE_LINE,,,,39919.000000:-109.000000,39649.000000:-109.000000,152.552400,ETCH/F.CU,GND,,,,,,,,,
CREATE_LINE,,,,39649.000000:-109.000000,39228.813483:-109.000000,152.552400,ETCH/F.CU,GND,,,,,,,,,
CREATE_LINE,,,,39228.813483:-109.000000,39183.334245:-109.000000,152.552400,ETCH/F.CU,GND,,,,,,,,,
CREATE_LINE,,,,39183.334245:-109.000000,39170.260101:-122.074144,152.552400,ETCH/F.CU,GND,,,,,,,,,
CREATE_LINE,,,,-8275.000000:-41250.000000,-8275.000000:-40840.000000,152.552400,ETCH/F.CU,GND,,,,,,,,,
CREATE_LINE,,,,-8275.000000:-40840.000000,-8275.000000:-40400.696761,152.552400,ETCH/F.CU,GND,,,,,,,,,
CREATE_LINE,,,,-8275.000000:-40400.696761,-8275.000000:-39660.097002,152.552400,ETCH/F.CU,GND,,,,,,,,,
CREATE_LINE,,,,-8275.000000:-39660.097002,-9163.928110:-38771.168892,152.552400,ETCH/F.CU,GND,,,,,,,,,
CREATE_LINE,,,,40739.724415:-2624.156389,40871.568026:-2756.000000,152.552400,ETCH/F.CU,GND,,,,,,,,,
CREATE_LINE,,,,40871.568026:-2756.000000,41807.696761:-2756.000000,152.552400,ETCH/F.CU,GND,,,,,,,,,
CREATE_LINE,,,,41807.696761:-2756.000000,42247.000000:-2756.000000,152.552400,ETCH/F.CU,GND,,,,,,,,,
CREATE_LINE,,,,42247.000000:-2756.000000,42567.000000:-2756.000000,152.552400,ETCH/F.CU,GND,,,,,,,,,
CREATE_LINE,,,,42567.000000:-2756.000000,42567.093750:-2756.343750,152.552400,ETCH/F.CU,GND,,,,,,,,,
CREATE_LINE,,,,-31136.243031:-39633.842210,-31135.325784:-39634.759456,152.552400,ETCH/F.CU,GND,,,,,,,,,
CREATE_LINE,,,,-31135.325784:-39634.759456,-31135.325784:-39635.954590,152.552400,ETCH/F.CU,GND,,,,,,,,,
CREATE_LINE,,,,-31135.325784:-39635.954590,-30275.000000:-40496.280374,152.552400,ETCH/F.CU,GND,,,,,,,,,
CREATE_LINE,,,,-30275.000000:-40496.280374,-30275.000000:-40840.000000,152.552400,ETCH/F.CU,GND,,,,,,,,,
CREATE_LINE,,,,-30275.000000:-40840.000000,-30275.000000:-41250.000000,152.552400,ETCH/F.CU,GND,,,,,,,,,
CREATE_LINE,,,,-42750.000000:-8275.000000,-42750.000000:-7600.000000,152.552400,ETCH/F.CU,GND,,,,,,,,,
CREATE_LINE,,,,-42750.000000:-7600.000000,-42750.000000:-7313.630542,152.552400,ETCH/F.CU,GND,,,,,,,,,
CREATE_LINE,,,,-42750.000000:-7313.630542,-42750.000000:-7182.185712,152.552400,ETCH/F.CU,GND,,,,,,,,,
CREATE_LINE,,,,-42750.000000:-7182.185712,-42796.220064:-7135.965648,152.552400,ETCH/F.CU,GND,,,,,,,,,
CREATE_LINE,,,,32800.000000:5575.000000,33475.000000:5575.000000,152.552400,ETCH/F.CU,GND,,,,,,,,,
CREATE_LINE,,,,33475.000000:5575.000000,33895.186517:5575.000000,152.552400,ETCH/F.CU,GND,,,,,,,,,
CREATE_LINE,,,,33895.186517:5575.000000,33928.766652:5575.000000,152.552400,ETCH/F.CU,GND,,,,,,,,,
CREATE_LINE,,,,33928.766652:5575.000000,33940.842133:5587.075481,152.552400,ETCH/F.CU,GND,,,,,,,,,
CREATE_LINE,,,,18074.906250:36208.500000,18075.000000:36209.000000,152.552400,ETCH/F.CU,GND,,,,,,,,,
CREATE_LINE,,,,18075.000000:36209.000000,18075.000000:35939.000000,152.552400,ETCH/F.CU,GND,,,,,,,,,
CREATE_LINE,,,,18075.000000:35939.000000,18075.000000:35499.696761,152.552400,ETCH/F.CU,GND,,,,,,,,,
CREATE_LINE,,,,18075.000000:35499.696761,18075.000000:34698.517774,152.552400,ETCH/F.CU,GND,,,,,,,,,
CREATE_LINE,,,,18075.000000:34698.517774,18223.946112:34549.571662,152.552400,ETCH/F.CU,GND,,,,,,,,,
CREATE_LINE,,,,32800.000000:-32525.000000,33475.000000:-32525.000000,152.552400,ETCH/F.CU,GND,,,,,,,,,
CREATE_LINE,,,,33475.000000:-32525.000000,33684.902568:-32525.000000,152.552400,ETCH/F.CU,GND,,,,,,,,,
CREATE_LINE,,,,33684.902568:-32525.000000,33941.778962:-32781.876394,152.552400,ETCH/F.CU,GND,,,,,,,,,
CREATE_LINE,,,,33941.778962:-32781.876394,33947.049130:-32781.876394,152.552400,ETCH/F.CU,GND,,,,,,,,,
CREATE_LINE,,,,41250.000000:-30275.000000,40840.000000:-30275.000000,152.552400,ETCH/F.CU,GND,,,,,,,,,
CREATE_LINE,,,,40840.000000:-30275.000000,40400.696761:-30275.000000,152.552400,ETCH/F.CU,GND,,,,,,,,,
CREATE_LINE,,,,40400.696761:-30275.000000,40363.599456:-30275.000000,152.552400,ETCH/F.CU,GND,,,,,,,,,
CREATE_LINE,,,,40363.599456:-30275.000000,40350.044276:-30288.555180,152.552400,ETCH/F.CU,GND,,,,,,,,,
CREATE_LINE,,,,11623.000000:38485.000000,11623.000000:38805.000000,152.552400,ETCH/F.CU,GND,,,,,,,,,
CREATE_LINE,,,,11623.000000:38805.000000,11623.000000:38976.669123,152.552400,ETCH/F.CU,GND,,,,,,,,,
CREATE_LINE,,,,11623.000000:38976.669123,11319.794629:39279.874494,152.552400,ETCH/F.CU,GND,,,,,,,,,
CREATE_LINE,,,,11319.794629:39279.874494,11319.794629:39282.067394,152.552400,ETCH/F.CU,GND,,,,,,,,,
CREATE_LINE,,,,13460.952268:39347.424967,13613.061214:39347.424967,152.552400,ETCH/F.CU,GND,,,,,,,,,
CREATE_LINE,,,,13613.061214:39347.424967,13850.000000:39110.486181,152.552400,ETCH/F.CU,GND,,,,,,,,,
CREATE_LINE,,,,13850.000000:39110.486181,13850.000000:38805.000000,152.552400,ETCH/F.CU,GND,,,,,,,,,
CREATE_LINE,,,,13850.000000:38805.000000,13850.000000:38485.000000,152.552400,ETCH/F.CU,GND,,,,,,,,,
CREATE_LINE,,,,13850.000000:38485.000000,13849.593750:38485.062500,152.552400,ETCH/F.CU,GND,,,,,,,,,
CREATE_LINE,,,,18673.812500:39969.437500,18674.000000:39969.000000,152.552400,ETCH/F.CU,GND,,,,,,,,,
CREATE_LINE,,,,18674.000000:39969.000000,18944.000000:39969.000000,152.552400,ETCH/F.CU,GND,,,,,,,,,
CREATE_LINE,,,,18944.000000:39969.000000,19115.669123:39969.000000,152.552400,ETCH/F.CU,GND,,,,,,,,,
CREATE_LINE,,,,19115.669123:39969.000000,20365.258026:41218.588904,152.552400,ETCH/F.CU,GND,,,,,,,,,
CREATE_LINE,,,,20365.258026:41218.588904,20373.016527:41218.588904,152.552400,ETCH/F.CU,GND,,,,,,,,,
CREATE_LINE,,,,19425.478391:41458.676981,19420.801410:41454.000000,152.552400,ETCH/F.CU,GND,,,,,,,,,
CREATE_LINE,,,,19420.801410:41454.000000,19383.303239:41454.000000,152.552400,ETCH/F.CU,GND,,,,,,,,,
CREATE_LINE,,,,19383.303239:41454.000000,18944.000000:41454.000000,152.552400,ETCH/F.CU,GND,,,,,,,,,
CREATE_LINE,,,,18944.000000:41454.000000,18674.000000:41454.000000,152.552400,ETCH/F.CU,GND,,,,,,,,,
CREATE_LINE,,,,18674.000000:41454.000000,18673.812500:41453.812500,152.552400,ETCH/F.CU,GND,,,,,,,,,
CREATE_LINE,,,,32800.000000:-13475.000000,33475.000000:-13475.000000,152.552400,ETCH/F.CU,GND,,,,,,,,,
CREATE_LINE,,,,33475.000000:-13475.000000,33914.303239:-13475.000000,152.552400,ETCH/F.CU,GND,,,,,,,,,
CREATE_LINE,,,,33914.303239:-13475.000000,34315.957132:-13475.000000,152.552400,ETCH/F.CU,GND,,,,,,,,,
CREATE_LINE,,,,34315.957132:-13475.000000,34671.872314:-13830.915182,152.552400,ETCH/F.CU,GND,,,,,,,,,
CREATE_LINE,,,,41250.000000:-8275.000000,40840.000000:-8275.000000,152.552400,ETCH/F.CU,GND,,,,,,,,,
CREATE_LINE,,,,40840.000000:-8275.000000,40668.330877:-8275.000000,152.552400,ETCH/F.CU,GND,,,,,,,,,
CREATE_LINE,,,,40668.330877:-8275.000000,40529.377327:-8275.000000,152.552400,ETCH/F.CU,GND,,,,,,,,,
CREATE_LINE,,,,40529.377327:-8275.000000,40356.317876:-8448.059451,152.552400,ETCH/F.CU,GND,,,,,,,,,
CREATE_LINE,,,,16001.520076:37677.678755,16076.000000:37752.158678,152.552400,ETCH/F.CU,GND,,,,,,,,,
CREATE_LINE,,,,16076.000000:37752.158678,16076.000000:37974.214155,152.552400,ETCH/F.CU,GND,,,,,,,,,
CREATE_LINE,,,,16076.000000:37974.214155,16076.000000:38165.000000,152.552400,ETCH/F.CU,GND,,,,,,,,,
CREATE_LINE,,,,16076.000000:38165.000000,16076.000000:38485.000000,152.552400,ETCH/F.CU,GND,,,,,,,,,
CREATE_LINE,,,,16076.000000:38485.000000,16076.156250:38485.062500,152.552400,ETCH/F.CU,GND,,,,,,,,,
CREATE_LINE,,,,13725.000000:42750.000000,13050.000000:42750.000000,152.552400,ETCH/F.CU,GND,,,,,,,,,
CREATE_LINE,,,,13050.000000:42750.000000,12610.696761:42750.000000,152.552400,ETCH/F.CU,GND,,,,,,,,,
CREATE_LINE,,,,12610.696761:42750.000000,12066.353524:42750.000000,152.552400,ETCH/F.CU,GND,,,,,,,,,
CREATE_LINE,,,,12066.353524:42750.000000,11736.058549:42419.705025,152.552400,ETCH/F.CU,GND,,,,,,,,,
CREATE_LINE,,,,13725.000000:-41250.000000,13725.000000:-40840.000000,152.552400,ETCH/F.CU,GND,,,,,,,,,
CREATE_LINE,,,,13725.000000:-40840.000000,13725.000000:-40572.747264,152.552400,ETCH/F.CU,GND,,,,,,,,,
CREATE_LINE,,,,13725.000000:-40572.747264,13525.671900:-40373.419164,152.552400,ETCH/F.CU,GND,,,,,,,,,
CREATE_LINE,,,,13525.671900:-40373.419164,13405.262786:-40373.419164,152.552400,ETCH/F.CU,GND,,,,,,,,,
CREATE_LINE,,,,-5415.375763:-31646.830923,-5300.000000:-31762.206686,152.552400,ETCH/F.CU,GND,,,,,,,,,
CREATE_LINE,,,,-5300.000000:-31762.206686,-5300.000000:-31847.747264,152.552400,ETCH/F.CU,GND,,,,,,,,,
CREATE_LINE,,,,-5300.000000:-31847.747264,-5300.000000:-32115.000000,152.552400,ETCH/F.CU,GND,,,,,,,,,
CREATE_LINE,,,,-5300.000000:-32115.000000,-5300.000000:-32525.000000,152.552400,ETCH/F.CU,GND,,,,,,,,,
CREATE_LINE,,,,-5407.283337:6742.058807,-5300.000000:6634.775471,152.552400,ETCH/F.CU,GND,,,,,,,,,
CREATE_LINE,,,,-5300.000000:6634.775471,-5300.000000:6424.303239,152.552400,ETCH/F.CU,GND,,,,,,,,,
CREATE_LINE,,,,-5300.000000:6424.303239,-5300.000000:5985.000000,152.552400,ETCH/F.CU,GND,,,,,,,,,
CREATE_LINE,,,,-5300.000000:5985.000000,-5300.000000:5575.000000,152.552400,ETCH/F.CU,GND,,,,,,,,,
CREATE_LINE,,,,-24398.945155:6451.332870,-24350.000000:6402.387715,152.552400,ETCH/F.CU,GND,,,,,,,,,
CREATE_LINE,,,,-24350.000000:6402.387715,-24350.000000:6252.252736,152.552400,ETCH/F.CU,GND,,,,,,,,,
CREATE_LINE,,,,-24350.000000:6252.252736,-24350.000000:5985.000000,152.552400,ETCH/F.CU,GND,,,,,,,,,
CREATE_LINE,,,,-24350.000000:5985.000000,-24350.000000:5575.000000,152.552400,ETCH/F.CU,GND,,,,,,,,,
CREATE_LINE,,,,35725.000000:-41250.000000,36400.000000:-41250.000000,152.552400,ETCH/F.CU,GND,,,,,,,,,
CREATE_LINE,,,,36400.000000:-41250.000000,36686.369458:-41250.000000,152.552400,ETCH/F.CU,GND,,,,,,,,,
CREATE_LINE,,,,36686.369458:-41250.000000,36875.544412:-41060.825046,152.552400,ETCH/F.CU,GND,,,,,,,,,
CREATE_LINE,,,,36875.544412:-41060.825046,36884.937973:-41060.825046,152.552400,ETCH/F.CU,GND,,,,,,,,,
CREATE_LINE,,,,41051.721055:36892.859788,41051.721055:36884.648403,152.552400,ETCH/F.CU,GND,,,,,,,,,
CREATE_LINE,,,,41051.721055:36884.648403,41250.000000:36686.369458,152.552400,ETCH/F.CU,GND,,,,,,,,,
CREATE_LINE,,,,41250.000000:36686.369458,41250.000000:36400.000000,152.552400,ETCH/F.CU,GND,,,,,,,,,
CREATE_LINE,,,,41250.000000:36400.000000,41250.000000:35725.000000,152.552400,ETCH/F.CU,GND,,,,,,,,,
CREATE_LINE,,,,-44121.449951:3077.506049,-44260.000000:2938.956000,152.552400,ETCH/F.CU,GND,,,,,,,,,
CREATE_LINE,,,,-44260.000000:2938.956000,-44260.000000:2825.902568,152.552400,ETCH/F.CU,GND,,,,,,,,,
CREATE_LINE,,,,-44260.000000:2825.902568,-44260.000000:2616.000000,152.552400,ETCH/F.CU,GND,,,,,,,,,
CREATE_LINE,,,,-44260.000000:2616.000000,-44260.000000:2091.000000,152.552400,ETCH/F.CU,GND,,,,,,,,,
CREATE_LINE,,,,-44260.000000:2091.000000,-44259.937500:2091.312500,152.552400,ETCH/F.CU,GND,,,,,,,,,
CREATE_LINE,,,,-40659.937500:2091.312500,-40660.000000:2091.000000,152.552400,ETCH/F.CU,GND,,,,,,,,,
CREATE_LINE,,,,-40660.000000:2091.000000,-40660.000000:2616.000000,152.552400,ETCH/F.CU,GND,,,,,,,,,
CREATE_LINE,,,,-40660.000000:2616.000000,-40660.000000:2806.785845,152.552400,ETCH/F.CU,GND,,,,,,,,,
CREATE_LINE,,,,-40660.000000:2806.785845,-40937.892874:3084.678719,152.552400,ETCH/F.CU,GND,,,,,,,,,
CREATE_LINE,,,,-40937.892874:3084.678719,-40937.892874:3092.815770,152.552400,ETCH/F.CU,GND,,,,,,,,,
CREATE_LINE,,,,-30275.000000:42750.000000,-30950.000000:42750.000000,152.552400,ETCH/F.CU,GND,,,,,,,,,
CREATE_LINE,,,,-30950.000000:42750.000000,-31331.953072:42750.000000,152.552400,ETCH/F.CU,GND,,,,,,,,,
CREATE_LINE,,,,-31331.953072:42750.000000,-31393.885785:42750.000000,152.552400,ETCH/F.CU,GND,,,,,,,,,
CREATE_LINE,,,,-31393.885785:42750.000000,-31415.337080:42728.548706,152.552400,ETCH/F.CU,GND,,,,,,,,,
CREATE_LINE,,,,44051.468750:-2756.343750,44051.000000:-2756.000000,152.552400,ETCH/F.CU,GND,,,,,,,,,
CREATE_LINE,,,,44051.000000:-2756.000000,44051.000000:-3026.000000,152.552400,ETCH/F.CU,GND,,,,,,,,,
CREATE_LINE,,,,44051.000000:-3026.000000,44051.000000:-3465.303239,152.552400,ETCH/F.CU,GND,,,,,,,,,
CREATE_LINE,,,,44051.000000:-3465.303239,44051.000000:-3777.296501,152.552400,ETCH/F.CU,GND,,,,,,,,,
CREATE_LINE,,,,44051.000000:-3777.296501,43751.213429:-4077.083072,152.552400,ETCH/F.CU,GND,,,,,,,,,
CREATE_LINE,,,,16447.250000:44422.562500,16447.000000:44423.000000,152.552400,ETCH/F.CU,GND,,,,,,,,,
CREATE_LINE,,,,16447.000000:44423.000000,16717.000000:44423.000000,152.552400,ETCH/F.CU,GND,,,,,,,,,
CREATE_LINE,,,,16717.000000:44423.000000,16984.252736:44423.000000,152.552400,ETCH/F.CU,GND,,,,,,,,,
CREATE_LINE,,,,16984.252736:44423.000000,17185.130491:44623.877755,152.552400,ETCH/F.CU,GND,,,,,,,,,
CREATE_LINE,,,,17185.130491:44623.877755,17185.130491:44756.740102,152.552400,ETCH/F.CU,GND,,,,,,,,,
CREATE_LINE,,,,-5300.000000:-13475.000000,-5975.000000:-13475.000000,152.552400,ETCH/F.CU,GND,,,,,,,,,
CREATE_LINE,,,,-5975.000000:-13475.000000,-6204.019291:-13475.000000,152.552400,ETCH/F.CU,GND,,,,,,,,,
CREATE_LINE,,,,-6204.019291:-13475.000000,-6322.090711:-13475.000000,152.552400,ETCH/F.CU,GND,,,,,,,,,
CREATE_LINE,,,,-6322.090711:-13475.000000,-6474.915966:-13627.825255,152.552400,ETCH/F.CU,GND,,,,,,,,,
CREATE_LINE,,,,12608.026658:-32673.463046,12756.489704:-32525.000000,152.552400,ETCH/F.CU,GND,,,,,,,,,
CREATE_LINE,,,,12756.489704:-32525.000000,12884.214155:-32525.000000,152.552400,ETCH/F.CU,GND,,,,,,,,,
CREATE_LINE,,,,12884.214155:-32525.000000,13075.000000:-32525.000000,152.552400,ETCH/F.CU,GND,,,,,,,,,
CREATE_LINE,,,,13075.000000:-32525.000000,13750.000000:-32525.000000,152.552400,ETCH/F.CU,GND,,,,,,,,,
CREATE_LINE,,,,-8275.000000:42750.000000,-8950.000000:42750.000000,152.552400,ETCH/F.CU,GND,,,,,,,,,
CREATE_LINE,,,,-8950.000000:42750.000000,-9140.785845:42750.000000,152.552400,ETCH/F.CU,GND,,,,,,,,,
CREATE_LINE,,,,-9140.785845:42750.000000,-9260.440259:42750.000000,152.552400,ETCH/F.CU,GND,,,,,,,,,
CREATE_LINE,,,,-9260.440259:42750.000000,-9419.223091:42591.217168,152.552400,ETCH/F.CU,GND,,,,,,,,,
CREATE_LINE,,,,41683.462753:12567.447687,41503.533023:12567.447687,152.552400,ETCH/F.CU,GND,,,,,,,,,
CREATE_LINE,,,,41503.533023:12567.447687,41250.000000:12820.980709,152.552400,ETCH/F.CU,GND,,,,,,,,,
CREATE_LINE,,,,41250.000000:12820.980709,41250.000000:13050.000000,152.552400,ETCH/F.CU,GND,,,,,,,,,
CREATE_LINE,,,,41250.000000:13050.000000,41250.000000:13725.000000,152.552400,ETCH/F.CU,GND,,,,,,,,,
CREATE_LINE,,,,-42750.000000:-30275.000000,-42750.000000:-30950.000000,152.552400,ETCH/F.CU,GND,,,,,,,,,
CREATE_LINE,,,,-42750.000000:-30950.000000,-42750.000000:-31217.252736,152.552400,ETCH/F.CU,GND,,,,,,,,,
CREATE_LINE,,,,-42750.000000:-31217.252736,-42750.000000:-31313.560921,152.552400,ETCH/F.CU,GND,,,,,,,,,
CREATE_LINE,,,,-42750.000000:-31313.560921,-42863.918610:-31427.479531,152.552400,ETCH/F.CU,GND,,,,,,,,,
CREATE_LINE,,,,-5503.196111:42617.642405,-5503.196111:42434.317708,152.552400,ETCH/F.CU,GND,,,,,,,,,
CREATE_LINE,,,,-5503.196111:42434.317708,-5791.513819:42146.000000,152.552400,ETCH/F.CU,GND,,,,,,,,,
CREATE_LINE,,,,-5791.513819:42146.000000,-6097.000000:42146.000000,152.552400,ETCH/F.CU,GND,,,,,,,,,
CREATE_LINE,,,,-6097.000000:42146.000000,-6417.000000:42146.000000,152.552400,ETCH/F.CU,GND,,,,,,,,,
CREATE_LINE,,,,-6417.000000:42146.000000,-6417.281250:42146.000000,152.552400,ETCH/F.CU,GND,,,,,,,,,
CREATE_LINE,,,,-6417.281250:40939.437500,-6417.000000:40939.000000,152.552400,ETCH/F.CU,GND,,,,,,,,,
CREATE_LINE,,,,-6417.000000:40939.000000,-6737.000000:40939.000000,152.552400,ETCH/F.CU,GND,,,,,,,,,
CREATE_LINE,,,,-6737.000000:40939.000000,-6946.902568:40939.000000,152.552400,ETCH/F.CU,GND,,,,,,,,,
CREATE_LINE,,,,-6946.902568:40939.000000,-7615.554178:40270.348390,152.552400,ETCH/F.CU,GND,,,,,,,,,
CREATE_LINE,,,,-7615.554178:40270.348390,-8122.479520:40270.348390,152.552400,ETCH/F.CU,GND,,,,,,,,,
CREATE_LINE,,,,-42750.000000:35725.000000,-42750.000000:36400.000000,152.552400,ETCH/F.CU,GND,,,,,,,,,
CREATE_LINE,,,,-42750.000000:36400.000000,-42750.000000:36686.369458,152.552400,ETCH/F.CU,GND,,,,,,,,,
CREATE_LINE,,,,-42750.000000:36686.369458,-42951.059847:36887.429305,152.552400,ETCH/F.CU,GND,,,,,,,,,
CREATE_LINE,,,,-42951.059847:36887.429305,-43072.904320:36887.429305,152.552400,ETCH/F.CU,GND,,,,,,,,,
CREATE_LINE,,,,-28379.000865:42475.349035,-28287.349900:42567.000000,152.552400,ETCH/F.CU,GND,,,,,,,,,
CREATE_LINE,,,,-28287.349900:42567.000000,-28214.602904:42567.000000,152.552400,ETCH/F.CU,GND,,,,,,,,,
CREATE_LINE,,,,-28214.602904:42567.000000,-27890.000000:42567.000000,152.552400,ETCH/F.CU,GND,,,,,,,,,
CREATE_LINE,,,,-27890.000000:42567.000000,-27620.000000:42567.000000,152.552400,ETCH/F.CU,GND,,,,,,,,,
CREATE_LINE,,,,-27620.000000:42567.000000,-27619.625000:42567.093750,152.552400,ETCH/F.CU,GND,,,,,,,,,
CREATE_LINE,,,,6199.906250:41681.625000,6200.000000:41682.000000,152.552400,ETCH/F.CU,GND,,,,,,,,,
CREATE_LINE,,,,6200.000000:41682.000000,5880.000000:41682.000000,152.552400,ETCH/F.CU,GND,,,,,,,,,
CREATE_LINE,,,,5880.000000:41682.000000,5689.214155:41682.000000,152.552400,ETCH/F.CU,GND,,,,,,,,,
CREATE_LINE,,,,5689.214155:41682.000000,5246.465253:42124.748902,152.552400,ETCH/F.CU,GND,,,,,,,,,
CREATE_LINE,,,,5246.465253:42124.748902,5246.465253:42427.405710,152.552400,ETCH/F.CU,GND,,,,,,,,,
CREATE_LINE,,,,5774.172281:46004.213386,5904.958895:46135.000000,152.552400,ETCH/F.CU,GND,,,,,,,,,
CREATE_LINE,,,,5904.958895:46135.000000,6002.863987:46135.000000,152.552400,ETCH/F.CU,GND,,,,,,,,,
CREATE_LINE,,,,6002.863987:46135.000000,6251.000000:46135.000000,152.552400,ETCH/F.CU,GND,,,,,,,,,
CREATE_LINE,,,,6251.000000:46135.000000,6571.000000:46135.000000,152.552400,ETCH/F.CU,GND,,,,,,,,,
CREATE_LINE,,,,6571.000000:46135.000000,6571.000000:46134.750000,152.552400,ETCH/F.CU,GND,,,,,,,,,
CREATE_LINE,,,,18019.407744:45825.080097,18011.289361:45825.080097,152.552400,ETCH/F.CU,GND,,,,,,,,,
CREATE_LINE,,,,18011.289361:45825.080097,17834.369458:46002.000000,152.552400,ETCH/F.CU,GND,,,,,,,,,
CREATE_LINE,,,,17834.369458:46002.000000,17548.000000:46002.000000,152.552400,ETCH/F.CU,GND,,,,,,,,,
CREATE_LINE,,,,17548.000000:46002.000000,17098.000000:46002.000000,152.552400,ETCH/F.CU,GND,,,,,,,,,
CREATE_LINE,,,,17098.000000:46002.000000,17097.750000:46002.437500,152.552400,ETCH/F.CU,GND,,,,,,,,,
CREATE_LINE,,,,18673.812500:42938.187500,18674.000000:42938.000000,152.552400,ETCH/F.CU,GND,,,,,,,,,
CREATE_LINE,,,,18674.000000:42938.000000,18944.000000:42938.000000,152.552400,ETCH/F.CU,GND,,,,,,,,,
CREATE_LINE,,,,18944.000000:42938.000000,19249.486181:42938.000000,152.552400,ETCH/F.CU,GND,,,,,,,,,
CREATE_LINE,,,,19249.486181:42938.000000,19572.192633:42938.000000,152.552400,ETCH/F.CU,GND,,,,,,,,,
CREATE_LINE,,,,19572.192633:42938.000000,19688.633575:43054.440941,152.552400,ETCH/F.CU,GND,,,,,,,,,
CREATE_LINE,,,,13200.265879:45976.357946,13142.357946:45976.357946,152.552400,ETCH/F.CU,GND,,,,,,,,,
CREATE_LINE,,,,13142.357946:45976.357946,13058.528914:45892.528914,152.552400,ETCH/F.CU,GND,,,,,,,,,
CREATE_LINE,,,,13058.528914:45892.528914,12559.000000:45393.000000,152.552400,ETCH/F.CU,GND,,,,,,,,,
CREATE_LINE,,,,12559.000000:45393.000000,12509.000000:45393.000000,152.552400,ETCH/F.CU,GND,,,,,,,,,
CREATE_LINE,,,,12509.000000:45393.000000,12508.500000:45392.562500,152.552400,ETCH/F.CU,GND,,,,,,,,,
CREATE_LINE,,,,-14952.437500:45114.750000,-14952.000000:45115.000000,152.552400,ETCH/F.CU,GND,,,,,,,,,
CREATE_LINE,,,,-14952.000000:45115.000000,-14632.000000:45115.000000,152.552400,ETCH/F.CU,GND,,,,,,,,,
CREATE_LINE,,,,-14632.000000:45115.000000,-14307.397096:45115.000000,152.552400,ETCH/F.CU,GND,,,,,,,,,
CREATE_LINE,,,,-14307.397096:45115.000000,-14006.461810:45415.935286,152.552400,ETCH/F.CU,GND,,,,,,,,,
CREATE_LINE,,,,-14006.461810:45415.935286,-14006.461810:45631.191635,152.552400,ETCH/F.CU,GND,,,,,,,,,
CREATE_LINE,,,,5400.414044:43866.099942,5442.314102:43908.000000,152.552400,ETCH/F.CU,GND,,,,,,,,,
CREATE_LINE,,,,5442.314102:43908.000000,5574.513819:43908.000000,152.552400,ETCH/F.CU,GND,,,,,,,,,
CREATE_LINE,,,,5574.513819:43908.000000,5880.000000:43908.000000,152.552400,ETCH/F.CU,GND,,,,,,,,,
CREATE_LINE,,,,5880.000000:43908.000000,6200.000000:43908.000000,152.552400,ETCH/F.CU,GND,,,,,,,,,
CREATE_LINE,,,,6200.000000:43908.000000,6199.906250:43908.187500,152.552400,ETCH/F.CU,GND,,,,,,,,,
CREATE_LINE,,,,13992.875000:45021.468750,13993.000000:45021.000000,152.552400,ETCH/F.CU,GND,,,,,,,,,
CREATE_LINE,,,,13993.000000:45021.000000,14313.000000:45021.000000,152.552400,ETCH/F.CU,GND,,,,,,,,,
CREATE_LINE,,,,14313.000000:45021.000000,14561.136013:45021.000000,152.552400,ETCH/F.CU,GND,,,,,,,,,
CREATE_LINE,,,,14561.136013:45021.000000,14738.981098:45021.000000,152.552400,ETCH/F.CU,GND,,,,,,,,,
CREATE_LINE,,,,14738.981098:45021.000000,14804.022564:45086.041466,152.552400,ETCH/F.CU,GND,,,,,,,,,
CREATE_LINE,,,,8055.375000:45021.468750,8055.000000:45021.000000,152.552400,ETCH/F.CU,GND,,,,,,,,,
CREATE_LINE,,,,8055.000000:45021.000000,8055.000000:45291.000000,152.552400,ETCH/F.CU,GND,,,,,,,,,
CREATE_LINE,,,,8055.000000:45291.000000,8055.000000:45520.019291,152.552400,ETCH/F.CU,GND,,,,,,,,,
CREATE_LINE,,,,8055.000000:45520.019291,8385.507357:45850.526647,152.552400,ETCH/F.CU,GND,,,,,,,,,
CREATE_LINE,,,,8385.507357:45850.526647,8610.977832:45850.526647,152.552400,ETCH/F.CU,GND,,,,,,,,,
CREATE_LINE,,,,45895.576421:619.932330,45775.644090:500.000000,152.552400,ETCH/F.CU,GND,,,,,,,,,
CREATE_LINE,,,,45775.644090:500.000000,45684.252736:500.000000,152.552400,ETCH/F.CU,GND,,,,,,,,,
CREATE_LINE,,,,45684.252736:500.000000,45417.000000:500.000000,152.552400,ETCH/F.CU,GND,,,,,,,,,
CREATE_LINE,,,,45417.000000:500.000000,44754.500000:500.000000,152.552400,ETCH/F.CU,GND,,,,,,,,,
CREATE_LINE,,,,44754.500000:500.000000,44754.000000:500.218750,152.552400,ETCH/F.CU,GND,,,,,,,,,
CREATE_LINE,,,,11024.125000:45392.562500,11024.000000:45393.000000,152.552400,ETCH/F.CU,GND,,,,,,,,,
CREATE_LINE,,,,16447.250000:41453.812500,16447.000000:41454.000000,152.552400,ETCH/F.CU,GND,,,,,,,,,
CREATE_LINE,,,,16447.250000:42938.187500,16447.000000:42938.000000,152.552400,ETCH/F.CU,GND,,,,,,,,,
CREATE_LINE,,,,-28575.000000:-28575.000000,-27203.753430:-28575.000000,152.552400,ETCH/F.CU,TOUCH,,,,,,,,,
CREATE_LINE,,,,-27203.753430:-28575.000000,-27203.753430:-23559.444488,152.552400,ETCH/F.CU,TOUCH,,,,,,,,,
CREATE_LINE,,,,-23572.562500:37358.687500,-23573.000000:37358.500000,152.552400,ETCH/F.CU,TOUCH,,,,,,,,,
CREATE_LINE,,,,-23573.000000:37358.500000,-23573.000000:36989.750000,152.552400,ETCH/F.CU,TOUCH,,,,,,,,,
CREATE_LINE,,,,-23573.000000:36989.750000,-23573.000000:36621.000000,152.552400,ETCH/F.CU,TOUCH,,,,,,,,,
CREATE_LINE,,,,-23573.000000:36621.000000,-23123.485201:36171.485201,152.552400,ETCH/F.CU,TOUCH,,,,,,,,,
CREATE_LINE,,,,-23123.485201:36171.485201,-22345.008198:36171.485201,152.552400,ETCH/F.CU,TOUCH,,,,,,,,,
CREATE_LINE,,,,-22345.008198:36171.485201,-21486.528773:35313.005776,152.552400,ETCH/F.CU,TOUCH,,,,,,,,,
CREATE_LINE,,,,-21486.528773:35313.005776,-21486.528773:34786.194858,152.552400,ETCH/F.CU,TOUCH,,,,,,,,,
CREATE_LINE,,,,-21486.528773:34786.194858,-21802.451044:34470.272586,152.552400,ETCH/F.CU,TOUCH,,,,,,,,,
CREATE_LINE,,,,-21802.451044:34470.272586,-23063.424800:34470.272586,152.552400,ETCH/F.CU,TOUCH,,,,,,,,,
CREATE_LINE,,,,-23063.424800:34470.272586,-29006.055327:40412.903113,152.552400,ETCH/F.CU,TOUCH,,,,,,,,,
CREATE_LINE,,,,-29006.055327:40412.903113,-31739.845582:40412.903113,152.552400,ETCH/F.CU,TOUCH,,,,,,,,,
CREATE_LINE,,,,-31739.845582:40412.903113,-32034.911048:40707.968579,152.552400,ETCH/F.CU,TOUCH,,,,,,,,,
CREATE_LINE,,,,-32034.911048:40707.968579,-32034.911048:41893.490615,152.552400,ETCH/F.CU,TOUCH,,,,,,,,,
CREATE_LINE,,,,-32034.911048:41893.490615,-33546.799232:43405.378799,152.552400,ETCH/F.CU,TOUCH,,,,,,,,,
CREATE_LINE,,,,-33546.799232:43405.378799,-38760.908301:43405.378799,152.552400,ETCH/F.CU,TOUCH,,,,,,,,,
CREATE_LINE,,,,-38760.908301:43405.378799,-39012.898137:43153.388964,152.552400,ETCH/F.CU,TOUCH,,,,,,,,,
CREATE_LINE,,,,-39012.898137:43153.388964,-39012.898137:40869.241033,152.552400,ETCH/F.CU,TOUCH,,,,,,,,,
CREATE_LINE,,,,-39012.898137:40869.241033,-40112.851371:39769.287799,152.552400,ETCH/F.CU,TOUCH,,,,,,,,,
CREATE_LINE,,,,-18847.446199:44439.320896,-18140.375865:44439.320896,152.552400,ETCH/F.CU,SWCLK,,,,,,,,,
CREATE_LINE,,,,-18140.375865:44439.320896,-18073.000000:44506.696761,152.552400,ETCH/F.CU,SWCLK,,,,,,,,,
CREATE_LINE,,,,-18073.000000:44506.696761,-18073.000000:44946.000000,152.552400,ETCH/F.CU,SWCLK,,,,,,,,,
CREATE_LINE,,,,-18073.000000:44946.000000,-18073.000000:45683.500000,152.552400,ETCH/F.CU,SWCLK,,,,,,,,,
CREATE_LINE,,,,-18073.000000:45683.500000,-18072.562500:45683.687500,152.552400,ETCH/F.CU,SWCLK,,,,,,,,,
CREATE_LINE,,,,-18206.929179:41498.794634,-18011.813226:41498.794634,152.552400,ETCH/F.CU,ENC_A,,,,,,,,,
CREATE_LINE,,,,-18011.813226:41498.794634,-17688.245009:41175.226417,152.552400,ETCH/F.CU,ENC_A,,,,,,,,,
CREATE_LINE,,,,-17688.245009:41175.226417,-17601.238956:40910.546699,152.552400,ETCH/F.CU,ENC_A,,,,,,,,,
CREATE_LINE,,,,-17601.238956:40910.546699,-17461.692257:40771.000000,152.552400,ETCH/F.CU,ENC_A,,,,,,,,,
CREATE_LINE,,,,-17461.692257:40771.000000,-17398.000000:40771.000000,152.552400,ETCH/F.CU,ENC_A,,,,,,,,,
CREATE_LINE,,,,-17398.000000:40771.000000,-17029.250000:40771.000000,152.552400,ETCH/F.CU,ENC_A,,,,,,,,,
CREATE_LINE,,,,-17029.250000:40771.000000,-16660.500000:40771.000000,152.552400,ETCH/F.CU,ENC_A,,,,,,,,,
CREATE_LINE,,,,-16660.500000:40771.000000,-16660.062500:40771.187500,152.552400,ETCH/F.CU,ENC_A,,,,,,,,,
CREATE_LINE,,,,41794.209340:17612.087169,41790.139331:17616.157179,152.552400,ETCH/F.CU,KEY10,,,,,,,,,
CREATE_LINE,,,,41790.139331:17616.157179,41790.139331:17619.074824,152.552400,ETCH/F.CU,KEY10,,,,,,,,,
CREATE_LINE,,,,41790.139331:17619.074824,41524.000000:17885.214155,152.552400,ETCH/F.CU,KEY10,,,,,,,,,
CREATE_LINE,,,,41524.000000:17885.214155,41524.000000:18076.000000,152.552400,ETCH/F.CU,KEY10,,,,,,,,,
CREATE_LINE,,,,41524.000000:18076.000000,41524.000000:18676.000000,152.552400,ETCH/F.CU,KEY10,,,,,,,,,
CREATE_LINE,,,,41524.000000:18676.000000,41524.312500:18676.000000,152.552400,ETCH/F.CU,KEY10,,,,,,,,,
CREATE_LINE,,,,4518.864603:-42949.843866,4530.900720:-42961.879983,152.552400,ETCH/F.CU,KEY12,,,,,,,,,
CREATE_LINE,,,,4530.900720:-42961.879983,4530.900720:-42975.764707,152.552400,ETCH/F.CU,KEY12,,,,,,,,,
CREATE_LINE,,,,4530.900720:-42975.764707,4746.000000:-43190.863987,152.552400,ETCH/F.CU,KEY12,,,,,,,,,
CREATE_LINE,,,,4746.000000:-43190.863987,4746.000000:-43439.000000,152.552400,ETCH/F.CU,KEY12,,,,,,,,,
CREATE_LINE,,,,4746.000000:-43439.000000,4746.000000:-44039.000000,152.552400,ETCH/F.CU,KEY12,,,,,,,,,
CREATE_LINE,,,,4746.000000:-44039.000000,4746.187500:-44038.843750,152.552400,ETCH/F.CU,KEY12,,,,,,,,,
CREATE_LINE,,,,42958.631580:-7109.254467,42947.641271:-7120.244775,152.552400,ETCH/F.CU,UG_D6,,,,,,,,,
CREATE_LINE,,,,42947.641271:-7120.244775,42947.641271:-7135.105993,152.552400,ETCH/F.CU,UG_D6,,,,,,,,,
CREATE_LINE,,,,42947.641271:-7135.105993,42750.000000:-7332.747264,152.552400,ETCH/F.CU,UG_D6,,,,,,,,,
CREATE_LINE,,,,42750.000000:-7332.747264,42750.000000:-7600.000000,152.552400,ETCH/F.CU,UG_D6,,,,,,,,,
CREATE_LINE,,,,42750.000000:-7600.000000,42750.000000:-8275.000000,152.552400,ETCH/F.CU,UG_D6,,,,,,,,,
CREATE_LINE,,,,41250.000000:8275.000000,41250.000000:7600.000000,152.552400,ETCH/F.CU,UG_D6,,,,,,,,,
CREATE_LINE,,,,41250.000000:7600.000000,41250.000000:7275.397096,152.552400,ETCH/F.CU,UG_D6,,,,,,,,,
CREATE_LINE,,,,41250.000000:7275.397096,41250.000000:7170.391134,152.552400,ETCH/F.CU,UG_D6,,,,,,,,,
CREATE_LINE,,,,41250.000000:7170.391134,41216.197301:7136.588434,152.552400,ETCH/F.CU,UG_D6,,,,,,,,,
CREATE_LINE,,,,32553.762193:-34907.289131,32571.353040:-34889.698284,152.552400,ETCH/F.CU,LED_D12,,,,,,,,,
CREATE_LINE,,,,32571.353040:-34889.698284,32571.353040:-34873.549528,152.552400,ETCH/F.CU,LED_D12,,,,,,,,,
CREATE_LINE,,,,32571.353040:-34873.549528,32800.000000:-34644.902568,152.552400,ETCH/F.CU,LED_D12,,,,,,,,,
CREATE_LINE,,,,32800.000000:-34644.902568,32800.000000:-34435.000000,152.552400,ETCH/F.CU,LED_D12,,,,,,,,,
CREATE_LINE,,,,32800.000000:-34435.000000,32800.000000:-34025.000000,152.552400,ETCH/F.CU,LED_D12,,,,,,,,,
CREATE_LINE,,,,13993.803771:-31650.795417,10288.507823:-31650.795417,152.552400,ETCH/F.CU,LED_D12,,,,,,,,,
CREATE_LINE,,,,10288.507823:-31650.795417,9414.303239:-32525.000000,152.552400,ETCH/F.CU,LED_D12,,,,,,,,,
CREATE_LINE,,,,9414.303239:-32525.000000,8975.000000:-32525.000000,152.552400,ETCH/F.CU,LED_D12,,,,,,,,,
CREATE_LINE,,,,8975.000000:-32525.000000,8300.000000:-32525.000000,152.552400,ETCH/F.CU,LED_D12,,,,,,,,,
CREATE_LINE,,,,12594.918426:22913.345044,12595.844035:22914.270654,152.552400,ETCH/F.CU,LED_D1,,,,,,,,,
CREATE_LINE,,,,12595.844035:22914.270654,12597.017918:22914.270654,152.552400,ETCH/F.CU,LED_D1,,,,,,,,,
CREATE_LINE,,,,12597.017918:22914.270654,12807.747264:23125.000000,152.552400,ETCH/F.CU,LED_D1,,,,,,,,,
CREATE_LINE,,,,12807.747264:23125.000000,13075.000000:23125.000000,152.552400,ETCH/F.CU,LED_D1,,,,,,,,,
CREATE_LINE,,,,13075.000000:23125.000000,13750.000000:23125.000000,152.552400,ETCH/F.CU,LED_D1,,,,,,,,,
CREATE_LINE,,,,5405.578348:24776.112347,4140.275420:26041.415276,152.552400,ETCH/F.CU,LED_D1,,,,,,,,,
CREATE_LINE,,,,4140.275420:26041.415276,-8219.281485:26041.415276,152.552400,ETCH/F.CU,LED_D1,,,,,,,,,
CREATE_LINE,,,,-8219.281485:26041.415276,-9635.696761:24625.000000,152.552400,ETCH/F.CU,LED_D1,,,,,,,,,
CREATE_LINE,,,,-9635.696761:24625.000000,-10075.000000:24625.000000,152.552400,ETCH/F.CU,LED_D1,,,,,,,,,
CREATE_LINE,,,,-10075.000000:24625.000000,-10750.000000:24625.000000,152.552400,ETCH/F.CU,LED_D1,,,,,,,,,
CREATE_LINE,,,,-41476.411045:12572.331091,-41473.597913:12575.144223,152.552400,ETCH/F.CU,UG_D14,,,,,,,,,
CREATE_LINE,,,,-41473.597913:12575.144223,-41473.597913:12578.266074,152.552400,ETCH/F.CU,UG_D14,,,,,,,,,
CREATE_LINE,,,,-41473.597913:12578.266074,-41250.000000:12801.863987,152.552400,ETCH/F.CU,UG_D14,,,,,,,,,
CREATE_LINE,,,,-41250.000000:12801.863987,-41250.000000:13050.000000,152.552400,ETCH/F.CU,UG_D14,,,,,,,,,
CREATE_LINE,,,,-41250.000000:13050.000000,-41250.000000:13725.000000,152.552400,ETCH/F.CU,UG_D14,,,,,,,,,
CREATE_LINE,,,,-40378.663532:-7876.244037,-40378.663532:-10354.060628,152.552400,ETCH/F.CU,UG_D14,,,,,,,,,
CREATE_LINE,,,,-40378.663532:-10354.060628,-42750.000000:-12725.397096,152.552400,ETCH/F.CU,UG_D14,,,,,,,,,
CREATE_LINE,,,,-42750.000000:-12725.397096,-42750.000000:-13050.000000,152.552400,ETCH/F.CU,UG_D14,,,,,,,,,
CREATE_LINE,,,,-42750.000000:-13050.000000,-42750.000000:-13725.000000,152.552400,ETCH/F.CU,UG_D14,,,,,,,,,
CREATE_LINE,,,,-23780.027839:43106.793782,-23898.785185:42988.036437,152.552400,ETCH/F.CU,NRST,,,,,,,,,
CREATE_LINE,,,,-23898.785185:42988.036437,-23898.785185:42297.332370,152.552400,ETCH/F.CU,NRST,,,,,,,,,
CREATE_LINE,,,,-23898.785185:42297.332370,-24017.542530:41487.870958,152.552400,ETCH/F.CU,NRST,,,,,,,,,
CREATE_LINE,,,,-24017.542530:41487.870958,-24234.413488:41271.000000,152.552400,ETCH/F.CU,NRST,,,,,,,,,
CREATE_LINE,,,,-24234.413488:41271.000000,-24248.000000:41271.000000,152.552400,ETCH/F.CU,NRST,,,,,,,,,
CREATE_LINE,,,,-24248.000000:41271.000000,-24616.750000:41271.000000,152.552400,ETCH/F.CU,NRST,,,,,,,,,
CREATE_LINE,,,,-24616.750000:41271.000000,-24985.500000:41271.000000,152.552400,ETCH/F.CU,NRST,,,,,,,,,
CREATE_LINE,,,,-24985.500000:41271.000000,-24985.062500:41271.187500,152.552400,ETCH/F.CU,NRST,,,,,,,,,
CREATE_LINE,,,,-40659.937500:651.312500,-40660.000000:651.000000,152.552400,ETCH/F.CU,NRST,,,,,,,,,
CREATE_LINE,,,,-40660.000000:651.000000,-41360.000000:651.000000,152.552400,ETCH/F.CU,NRST,,,,,,,,,
CREATE_LINE,,,,-41360.000000:651.000000,-41799.303239:651.000000,152.552400,ETCH/F.CU,NRST,,,,,,,,,
CREATE_LINE,,,,-41799.303239:651.000000,-43120.696761:651.000000,152.552400,ETCH/F.CU,NRST,,,,,,,,,
CREATE_LINE,,,,-43120.696761:651.000000,-43560.000000:651.000000,152.552400,ETCH/F.CU,NRST,,,,,,,,,
CREATE_LINE,,,,-43560.000000:651.000000,-44260.000000:651.000000,152.552400,ETCH/F.CU,NRST,,,,,,,,,
CREATE_LINE,,,,-44260.000000:651.000000,-44960.000000:651.000000,152.552400,ETCH/F.CU,NRST,,,,,,,,,
CREATE_LINE,,,,-44960.000000:651.000000,-45399.303239:651.000000,152.552400,ETCH/F.CU,NRST,,,,,,,,,
CREATE_LINE,,,,-45399.303239:651.000000,-46060.532231:1312.228992,152.552400,ETCH/F.CU,NRST,,,,,,,,,
CREATE_LINE,,,,-46060.532231:1312.228992,-46060.532231:35689.022236,152.552400,ETCH/F.CU,NRST,,,,,,,,,
CREATE_LINE,,,,-46060.532231:35689.022236,-40156.723432:41592.831035,152.552400,ETCH/F.CU,NRST,,,,,,,,,
CREATE_LINE,,,,-40156.723432:41592.831035,-40156.723432:42457.029177,152.552400,ETCH/F.CU,NRST,,,,,,,,,
CREATE_LINE,,,,-40156.723432:42457.029177,-38781.321548:43832.431061,152.552400,ETCH/F.CU,NRST,,,,,,,,,
CREATE_LINE,,,,-38781.321548:43832.431061,-32738.944240:43832.431061,152.552400,ETCH/F.CU,NRST,,,,,,,,,
CREATE_LINE,,,,-44259.937500:651.312500,-44260.000000:651.000000,152.552400,ETCH/F.CU,NRST,,,,,,,,,
CREATE_LINE,,,,20610.899869:40058.405062,21114.000000:40561.505193,152.552400,ETCH/F.CU,KEY2,,,,,,,,,
CREATE_LINE,,,,21114.000000:40561.505193,21114.000000:42147.813483,152.552400,ETCH/F.CU,KEY2,,,,,,,,,
CREATE_LINE,,,,21114.000000:42147.813483,21114.000000:42568.000000,152.552400,ETCH/F.CU,KEY2,,,,,,,,,
CREATE_LINE,,,,21114.000000:42568.000000,21114.000000:43168.000000,152.552400,ETCH/F.CU,KEY2,,,,,,,,,
CREATE_LINE,,,,21114.000000:43168.000000,21114.156250:43168.187500,152.552400,ETCH/F.CU,KEY2,,,,,,,,,
CREATE_LINE,,,,24424.664470:40389.807179,24414.000000:40400.471650,152.552400,ETCH/F.CU,COL1,,,,,,,,,
CREATE_LINE,,,,24414.000000:40400.471650,24414.000000:42128.696761,152.552400,ETCH/F.CU,COL1,,,,,,,,,
CREATE_LINE,,,,24414.000000:42128.696761,24414.000000:42568.000000,152.552400,ETCH/F.CU,COL1,,,,,,,,,
CREATE_LINE,,,,24414.000000:42568.000000,24414.000000:43168.000000,152.552400,ETCH/F.CU,COL1,,,,,,,,,
CREATE_LINE,,,,24414.000000:43168.000000,24864.000000:43168.000000,152.552400,ETCH/F.CU,COL1,,,,,,,,,
CREATE_LINE,,,,24864.000000:43168.000000,25303.303239:43168.000000,152.552400,ETCH/F.CU,COL1,,,,,,,,,
CREATE_LINE,,,,25303.303239:43168.000000,26468.345682:42002.957557,152.552400,ETCH/F.CU,COL1,,,,,,,,,
CREATE_LINE,,,,26468.345682:42002.957557,31425.444973:42002.957557,152.552400,ETCH/F.CU,COL1,,,,,,,,,
CREATE_LINE,,,,31425.444973:42002.957557,38331.823267:35096.579263,152.552400,ETCH/F.CU,COL1,,,,,,,,,
CREATE_LINE,,,,38331.823267:35096.579263,39346.822687:35096.579263,152.552400,ETCH/F.CU,COL1,,,,,,,,,
CREATE_LINE,,,,39346.822687:35096.579263,44824.000000:29619.401950,152.552400,ETCH/F.CU,COL1,,,,,,,,,
CREATE_LINE,,,,44824.000000:29619.401950,44824.000000:19715.303239,152.552400,ETCH/F.CU,COL1,,,,,,,,,
CREATE_LINE,,,,44824.000000:19715.303239,44824.000000:19276.000000,152.552400,ETCH/F.CU,COL1,,,,,,,,,
CREATE_LINE,,,,44824.000000:19276.000000,44824.000000:18676.000000,152.552400,ETCH/F.CU,COL1,,,,,,,,,
CREATE_LINE,,,,44824.000000:18676.000000,44824.312500:18676.000000,152.552400,ETCH/F.CU,COL1,,,,,,,,,
CREATE_LINE,,,,-16660.062500:39271.187500,-16660.500000:39271.000000,152.552400,ETCH/F.CU,COL1,,,,,,,,,
CREATE_LINE,,,,-16660.500000:39271.000000,-17398.000000:39271.000000,152.552400,ETCH/F.CU,COL1,,,,,,,,,
CREATE_LINE,,,,-17398.000000:39271.000000,-17837.303239:39271.000000,152.552400,ETCH/F.CU,COL1,,,,,,,,,
CREATE_LINE,,,,-17837.303239:39271.000000,-18100.757848:39534.454609,152.552400,ETCH/F.CU,COL1,,,,,,,,,
CREATE_LINE,,,,-18100.757848:39534.454609,-18100.757848:40702.028861,152.552400,ETCH/F.CU,COL1,,,,,,,,,
CREATE_LINE,,,,-2584.665574:44720.077899,-2982.695849:45118.108175,152.552400,ETCH/F.CU,COL1,,,,,,,,,
CREATE_LINE,,,,-2982.695849:45118.108175,-5123.805225:45118.108175,152.552400,ETCH/F.CU,COL1,,,,,,,,,
CREATE_LINE,,,,-5123.805225:45118.108175,-5742.564761:44499.348639,152.552400,ETCH/F.CU,COL1,,,,,,,,,
CREATE_LINE,,,,-5742.564761:44499.348639,-11336.629012:44499.348639,152.552400,ETCH/F.CU,COL1,,,,,,,,,
CREATE_LINE,,,,-11336.629012:44499.348639,-12232.280374:45395.000000,152.552400,ETCH/F.CU,COL1,,,,,,,,,
CREATE_LINE,,,,-12232.280374:45395.000000,-12576.000000:45395.000000,152.552400,ETCH/F.CU,COL1,,,,,,,,,
CREATE_LINE,,,,-12576.000000:45395.000000,-13026.000000:45395.000000,152.552400,ETCH/F.CU,COL1,,,,,,,,,
CREATE_LINE,,,,-13026.000000:45395.000000,-13026.468750:45394.750000,152.552400,ETCH/F.CU,COL1,,,,,,,,,
CREATE_LINE,,,,24414.156250:43168.187500,24414.000000:43168.000000,152.552400,ETCH/F.CU,COL1,,,,,,,,,
CREATE_LINE,,,,-20072.562500:37358.687500,-20073.000000:37358.500000,152.552400,ETCH/F.CU,ROW2,,,,,,,,,
CREATE_LINE,,,,-20073.000000:37358.500000,-20073.000000:38096.000000,152.552400,ETCH/F.CU,ROW2,,,,,,,,,
CREATE_LINE,,,,-20073.000000:38096.000000,-20073.000000:38382.369458,152.552400,ETCH/F.CU,ROW2,,,,,,,,,
CREATE_LINE,,,,-20073.000000:38382.369458,-20136.503736:38445.873195,152.552400,ETCH/F.CU,ROW2,,,,,,,,,
CREATE_LINE,,,,-20136.503736:38445.873195,-23801.831470:38445.873195,152.552400,ETCH/F.CU,ROW2,,,,,,,,,
CREATE_LINE,,,,-23801.831470:38445.873195,-24184.316084:38063.388581,152.552400,ETCH/F.CU,ROW2,,,,,,,,,
CREATE_LINE,,,,-24184.316084:38063.388581,-24184.316084:37851.140915,152.552400,ETCH/F.CU,ROW2,,,,,,,,,
CREATE_LINE,,,,8893.424870:-7726.583369,9525.000000:-7095.008239,152.552400,ETCH/F.CU,ROW2,,,,,,,,,
CREATE_LINE,,,,9525.000000:-7095.008239,9525.000000:-5171.303239,152.552400,ETCH/F.CU,ROW2,,,,,,,,,
CREATE_LINE,,,,9525.000000:-5171.303239,9525.000000:-4732.000000,152.552400,ETCH/F.CU,ROW2,,,,,,,,,
CREATE_LINE,,,,9525.000000:-4732.000000,9525.000000:-3625.000000,152.552400,ETCH/F.CU,ROW2,,,,,,,,,
CREATE_LINE,,,,9525.000000:-3625.000000,10632.000000:-3625.000000,152.552400,ETCH/F.CU,ROW2,,,,,,,,,
CREATE_LINE,,,,10632.000000:-3625.000000,11071.303239:-3625.000000,152.552400,ETCH/F.CU,ROW2,,,,,,,,,
CREATE_LINE,,,,11071.303239:-3625.000000,27028.696761:-3625.000000,152.552400,ETCH/F.CU,ROW2,,,,,,,,,
CREATE_LINE,,,,27028.696761:-3625.000000,27468.000000:-3625.000000,152.552400,ETCH/F.CU,ROW2,,,,,,,,,
CREATE_LINE,,,,27468.000000:-3625.000000,28575.000000:-3625.000000,152.552400,ETCH/F.CU,ROW2,,,,,,,,,
CREATE_LINE,,,,4901.430920:-22514.541166,5061.889754:-22675.000000,152.552400,ETCH/F.CU,ROW2,,,,,,,,,
CREATE_LINE,,,,5061.889754:-22675.000000,7978.696761:-22675.000000,152.552400,ETCH/F.CU,ROW2,,,,,,,,,
CREATE_LINE,,,,7978.696761:-22675.000000,8418.000000:-22675.000000,152.552400,ETCH/F.CU,ROW2,,,,,,,,,
CREATE_LINE,,,,8418.000000:-22675.000000,9525.000000:-22675.000000,152.552400,ETCH/F.CU,ROW2,,,,,,,,,
CREATE_LINE,,,,-17889.256103:42203.239978,-17889.256103:42033.236813,152.552400,ETCH/F.CU,ENC_SW,,,,,,,,,
CREATE_LINE,,,,-17889.256103:42033.236813,-17627.019291:41771.000000,152.552400,ETCH/F.CU,ENC_SW,,,,,,,,,
CREATE_LINE,,,,-17627.019291:41771.000000,-17398.000000:41771.000000,152.552400,ETCH/F.CU,ENC_SW,,,,,,,,,
CREATE_LINE,,,,-17398.000000:41771.000000,-16660.500000:41771.000000,152.552400,ETCH/F.CU,ENC_SW,,,,,,,,,
CREATE_LINE,,,,-16660.500000:41771.000000,-16660.062500:41771.187500,152.552400,ETCH/F.CU,ENC_SW,,,,,,,,,
CREATE_LINE,,,,-26824.887461:43581.725641,-28185.138823:43581.725641,152.552400,ETCH/F.CU,ENC_SW,,,,,,,,,
CREATE_LINE,,,,-28185.138823:43581.725641,-29325.248180:42441.616284,152.552400,ETCH/F.CU,ENC_SW,,,,,,,,,
CREATE_LINE,,,,-29325.248180:42441.616284,-29325.248180:42208.412649,152.552400,ETCH/F.CU,ENC_SW,,,,,,,,,
CREATE_LINE,,,,-29325.248180:42208.412649,-29533.660830:42000.000000,152.552400,ETCH/F.CU,ENC_SW,,,,,,,,,
CREATE_LINE,,,,-29533.660830:42000.000000,-31025.614024:42000.000000,152.552400,ETCH/F.CU,ENC_SW,,,,,,,,,
CREATE_LINE,,,,-31025.614024:42000.000000,-31411.564408:41614.049616,152.552400,ETCH/F.CU,ENC_SW,,,,,,,,,
CREATE_LINE,,,,-31411.564408:41614.049616,-31411.564408:40969.819127,152.552400,ETCH/F.CU,ENC_SW,,,,,,,,,
CREATE_LINE,,,,-21697.503111:44463.648084,-21573.000000:44588.151195,152.552400,ETCH/F.CU,BOOT0,,,,,,,,,
CREATE_LINE,,,,-21573.000000:44588.151195,-21573.000000:44697.863987,152.552400,ETCH/F.CU,BOOT0,,,,,,,,,
CREATE_LINE,,,,-21573.000000:44697.863987,-21573.000000:44946.000000,152.552400,ETCH/F.CU,BOOT0,,,,,,,,,
CREATE_LINE,,,,-21573.000000:44946.000000,-21573.000000:45683.500000,152.552400,ETCH/F.CU,BOOT0,,,,,,,,,
CREATE_LINE,,,,-21573.000000:45683.500000,-21572.562500:45683.687500,152.552400,ETCH/F.CU,BOOT0,,,,,,,,,
CREATE_LINE,,,,-16470.577519:45798.189911,-16133.767431:46135.000000,152.552400,ETCH/F.CU,BOOT0,,,,,,,,,
CREATE_LINE,,,,-16133.767431:46135.000000,-15711.303239:46135.000000,152.552400,ETCH/F.CU,BOOT0,,,,,,,,,
CREATE_LINE,,,,-15711.303239:46135.000000,-15272.000000:46135.000000,152.552400,ETCH/F.CU,BOOT0,,,,,,,,,
CREATE_LINE,,,,-15272.000000:46135.000000,-14952.000000:46135.000000,152.552400,ETCH/F.CU,BOOT0,,,,,,,,,
CREATE_LINE,,,,-14952.000000:46135.000000,-14952.437500:46134.750000,152.552400,ETCH/F.CU,BOOT0,,,,,,,,,
CREATE_LINE,,,,-24985.062500:39271.187500,-24985.500000:39271.000000,152.552400,ETCH/F.CU,JOY_Y,,,,,,,,,
CREATE_LINE,,,,-24985.500000:39271.000000,-24248.000000:39271.000000,152.552400,ETCH/F.CU,JOY_Y,,,,,,,,,
CREATE_LINE,,,,-24248.000000:39271.000000,-24057.214155:39271.000000,152.552400,ETCH/F.CU,JOY_Y,,,,,,,,,
CREATE_LINE,,,,-24057.214155:39271.000000,-22838.986710:40489.227445,152.552400,ETCH/F.CU,JOY_Y,,,,,,,,,
CREATE_LINE,,,,-22838.986710:40489.227445,-22832.799272:40489.227445,152.552400,ETCH/F.CU,JOY_Y,,,,,,,,,
CREATE_LINE,,,,-21661.878938:43055.612101,-21024.084659:43055.612101,152.552400,ETCH/F.CU,UG_D0,,,,,,,,,
CREATE_LINE,,,,-21024.084659:43055.612101,-19573.000000:44506.696761,152.552400,ETCH/F.CU,UG_D0,,,,,,,,,
CREATE_LINE,,,,-19573.000000:44506.696761,-19573.000000:44946.000000,152.552400,ETCH/F.CU,UG_D0,,,,,,,,,
CREATE_LINE,,,,-19573.000000:44946.000000,-19573.000000:45683.500000,152.552400,ETCH/F.CU,UG_D0,,,,,,,,,
CREATE_LINE,,,,-19573.000000:45683.500000,-19572.562500:45683.687500,152.552400,ETCH/F.CU,UG_D0,,,,,,,,,
CREATE_LINE,,,,-26898.484193:41688.419479,-27115.064714:41905.000000,152.552400,ETCH/F.CU,UG_D0,,,,,,,,,
CREATE_LINE,,,,-27115.064714:41905.000000,-29074.648640:41905.000000,152.552400,ETCH/F.CU,UG_D0,,,,,,,,,
CREATE_LINE,,,,-29074.648640:41905.000000,-29294.513819:41685.134821,152.552400,ETCH/F.CU,UG_D0,,,,,,,,,
CREATE_LINE,,,,-29294.513819:41685.134821,-29294.513819:41250.000000,152.552400,ETCH/F.CU,UG_D0,,,,,,,,,
CREATE_LINE,,,,-29294.513819:41250.000000,-29600.000000:41250.000000,152.552400,ETCH/F.CU,UG_D0,,,,,,,,,
CREATE_LINE,,,,-29600.000000:41250.000000,-30275.000000:41250.000000,152.552400,ETCH/F.CU,UG_D0,,,,,,,,,
CREATE_LINE,,,,6482.906250:39351.781250,6482.500000:39352.000000,207.774867,ETCH/F.CU,USBC_DP,,,,,,,,,
CREATE_LINE,,,,6482.500000:39352.000000,6151.250000:39327.471858,207.774867,ETCH/F.CU,USBC_DP,,,,,,,,,
CREATE_LINE,,,,6151.250000:39327.471858,5820.000000:39302.943717,207.774867,ETCH/F.CU,USBC_DP,,,,,,,,,
CREATE_LINE,,,,5820.000000:39302.943717,5529.416686:39012.360403,207.774867,ETCH/F.CU,USBC_DP,,,,,,,,,
CREATE_LINE,,,,5529.416686:39012.360403,5529.416686:38503.735753,207.774867,ETCH/F.CU,USBC_DP,,,,,,,,,
CREATE_LINE,,,,5529.416686:38503.735753,5238.833373:38213.152440,207.774867,ETCH/F.CU,USBC_DP,,,,,,,,,
CREATE_LINE,,,,5238.833373:38213.152440,5135.183081:38213.152440,207.774867,ETCH/F.CU,USBC_DP,,,,,,,,,
CREATE_LINE,,,,5135.183081:38213.152440,5065.760444:38143.729802,207.774867,ETCH/F.CU,USBC_DP,,,,,,,,,
CREATE_LINE,,,,5065.760444:38143.729802,5013.825457:38143.729802,207.774867,ETCH/F.CU,USBC_DP,,,,,,,,,
CREATE_LINE,,,,5013.825457:38143.729802,4496.642266:37626.546612,207.774867,ETCH/F.CU,USBC_DP,,,,,,,,,
CREATE_LINE,,,,4496.642266:37626.546612,4496.642266:36689.208781,207.774867,ETCH/F.CU,USBC_DP,,,,,,,,,
CREATE_LINE,,,,4496.642266:36689.208781,455.708946:32648.275461,207.774867,ETCH/F.CU,USBC_DP,,,,,,,,,
CREATE_LINE,,,,455.708946:32648.275461,-334.173733:32648.275461,207.774867,ETCH/F.CU,USBC_DP,,,,,,,,,
CREATE_LINE,,,,-334.173733:32648.275461,-1509.224865:33823.326593,207.774867,ETCH/F.CU,USBC_DP,,,,,,,,,
CREATE_LINE,,,,-1509.224865:33823.326593,-1509.224865:35961.364397,207.774867,ETCH/F.CU,USBC_DP,,,,,,,,,
CREATE_LINE,,,,-1509.224865:35961.364397,250.000000:37720.589263,207.774867,ETCH/F.CU,USBC_DP,,,,,,,,,
CREATE_LINE,,,,250.000000:37720.589263,250.000000:38230.000000,207.774867,ETCH/F.CU,USBC_DP,,,,,,,,,
CREATE_LINE,,,,250.000000:38230.000000,250.000000:38592.500000,207.774867,ETCH/F.CU,USBC_DP,,,,,,,,,
CREATE_LINE,,,,250.000000:38592.500000,250.000000:38955.000000,207.774867,ETCH/F.CU,USBC_DP,,,,,,,,,
CREATE_LINE,,,,250.000000:38955.000000,250.000000:39317.500000,207.774867,ETCH/F.CU,USBC_DP,,,,,,,,,
CREATE_LINE,,,,250.000000:39317.500000,250.000000:39680.000000,207.774867,ETCH/F.CU,USBC_DP,,,,,,,,,
CREATE_LINE,,,,250.000000:39680.000000,180.307274:39749.692726,207.774867,ETCH/F.CU,USBC_DP,,,,,,,,,
CREATE_LINE,,,,180.307274:39749.692726,180.307274:39865.659432,207.774867,ETCH/F.CU,USBC_DP,,,,,,,,,
CREATE_LINE,,,,180.307274:39865.659432,-327.233515:40029.595106,207.774867,ETCH/F.CU,USBC_DP,,,,,,,,,
CREATE_LINE,,,,-327.233515:40029.595106,-333.644992:40023.183628,207.774867,ETCH/F.CU,USBC_DP,,,,,,,,,
CREATE_LINE,,,,-333.644992:40023.183628,-750.000000:40023.183628,207.774867,ETCH/F.CU,USBC_DP,,,,,,,,,
CREATE_LINE,,,,-750.000000:40023.183628,-750.000000:39680.000000,207.774867,ETCH/F.CU,USBC_DP,,,,,,,,,
CREATE_LINE,,,,-750.000000:39680.000000,-750.000000:38955.000000,207.774867,ETCH/F.CU,USBC_DP,,,,,,,,,
CREATE_LINE,,,,-2367.334566:40159.954356,-2326.683449:40119.303239,152.552400,ETCH/F.CU,CC2,,,,,,,,,
CREATE_LINE,,,,-2326.683449:40119.303239,-1750.000000:40119.303239,152.552400,ETCH/F.CU,CC2,,,,,,,,,
CREATE_LINE,,,,-1750.000000:40119.303239,-1750.000000:39680.000000,152.552400,ETCH/F.CU,CC2,,,,,,,,,
CREATE_LINE,,,,-1750.000000:39680.000000,-1750.000000:38955.000000,152.552400,ETCH/F.CU,CC2,,,,,,,,,
CREATE_LINE,,,,-6417.281250:39919.437500,-6417.000000:39919.000000,152.552400,ETCH/F.CU,CC2,,,,,,,,,
CREATE_LINE,,,,-6417.000000:39919.000000,-6417.000000:39649.000000,152.552400,ETCH/F.CU,CC2,,,,,,,,,
CREATE_LINE,,,,-6417.000000:39649.000000,-6417.000000:39477.330877,152.552400,ETCH/F.CU,CC2,,,,,,,,,
CREATE_LINE,,,,-6417.000000:39477.330877,-6417.000000:39327.687494,152.552400,ETCH/F.CU,CC2,,,,,,,,,
CREATE_LINE,,,,-6417.000000:39327.687494,-6596.405378:39148.282116,152.552400,ETCH/F.CU,CC2,,,,,,,,,
CREATE_LINE,,,,9196.272456:21150.669551,10352.000000:19994.942007,152.552400,ETCH/F.CU,COL0,,,,,,,,,
CREATE_LINE,,,,10352.000000:19994.942007,10352.000000:19134.019291,152.552400,ETCH/F.CU,COL0,,,,,,,,,
CREATE_LINE,,,,10352.000000:19134.019291,10352.000000:18905.000000,152.552400,ETCH/F.CU,COL0,,,,,,,,,
CREATE_LINE,,,,10352.000000:18905.000000,10352.000000:18305.000000,152.552400,ETCH/F.CU,COL0,,,,,,,,,
CREATE_LINE,,,,10352.000000:18305.000000,10352.437500:18304.906250,152.552400,ETCH/F.CU,COL0,,,,,,,,,
CREATE_LINE,,,,-18433.375000:27011.812500,-18433.000000:27012.000000,152.552400,ETCH/F.CU,COL0,,,,,,,,,
CREATE_LINE,,,,-18433.000000:27012.000000,-19033.000000:27012.000000,152.552400,ETCH/F.CU,COL0,,,,,,,,,
CREATE_LINE,,,,-19033.000000:27012.000000,-19472.303239:27012.000000,152.552400,ETCH/F.CU,COL0,,,,,,,,,
CREATE_LINE,,,,-19472.303239:27012.000000,-22544.221089:30083.917850,152.552400,ETCH/F.CU,COL0,,,,,,,,,
CREATE_LINE,,,,-22544.221089:30083.917850,-22544.221089:33015.914581,152.552400,ETCH/F.CU,COL0,,,,,,,,,
CREATE_LINE,,,,-22544.221089:33015.914581,-23603.561438:33015.914581,152.552400,ETCH/F.CU,COL0,,,,,,,,,
CREATE_LINE,,,,-23603.561438:33015.914581,-27401.155994:36813.509136,152.552400,ETCH/F.CU,COL0,,,,,,,,,
CREATE_LINE,,,,-27401.155994:36813.509136,-27401.155994:38208.305888,152.552400,ETCH/F.CU,COL0,,,,,,,,,
CREATE_LINE,,,,-27401.155994:38208.305888,-27828.975033:38636.124926,152.552400,ETCH/F.CU,COL0,,,,,,,,,
CREATE_LINE,,,,-27828.975033:38636.124926,-31686.124926:38636.124926,152.552400,ETCH/F.CU,COL0,,,,,,,,,
CREATE_LINE,,,,-31686.124926:38636.124926,-35105.707741:42055.707741,152.552400,ETCH/F.CU,COL0,,,,,,,,,
CREATE_LINE,,,,-35105.707741:42055.707741,-36479.404501:42055.707741,152.552400,ETCH/F.CU,COL0,,,,,,,,,
CREATE_LINE,,,,-36479.404501:42055.707741,-37061.696761:42638.000000,152.552400,ETCH/F.CU,COL0,,,,,,,,,
CREATE_LINE,,,,-37061.696761:42638.000000,-37501.000000:42638.000000,152.552400,ETCH/F.CU,COL0,,,,,,,,,
CREATE_LINE,,,,-37501.000000:42638.000000,-38101.000000:42638.000000,152.552400,ETCH/F.CU,COL0,,,,,,,,,
CREATE_LINE,,,,-38101.000000:42638.000000,-38101.343750:42637.593750,152.552400,ETCH/F.CU,COL0,,,,,,,,,
CREATE_LINE,,,,-22544.221089:33015.914581,-22192.393192:33015.914581,152.552400,ETCH/F.CU,COL0,,,,,,,,,
CREATE_LINE,,,,-22192.393192:33015.914581,-19422.460476:35785.847296,152.552400,ETCH/F.CU,COL0,,,,,,,,,
CREATE_LINE,,,,-19422.460476:35785.847296,-15910.401823:35785.847296,152.552400,ETCH/F.CU,COL0,,,,,,,,,
CREATE_LINE,,,,-15910.401823:35785.847296,-15410.435321:36285.813799,152.552400,ETCH/F.CU,COL0,,,,,,,,,
CREATE_LINE,,,,-15410.435321:36285.813799,-15410.435321:36828.863134,152.552400,ETCH/F.CU,COL0,,,,,,,,,
CREATE_LINE,,,,-15410.435321:36828.863134,-15781.105779:37199.533592,152.552400,ETCH/F.CU,COL0,,,,,,,,,
CREATE_LINE,,,,-15781.105779:37199.533592,-16075.357972:37199.533592,152.552400,ETCH/F.CU,COL0,,,,,,,,,
CREATE_LINE,,,,-16075.357972:37199.533592,-16660.500000:37784.675619,152.552400,ETCH/F.CU,COL0,,,,,,,,,
CREATE_LINE,,,,-16660.500000:37784.675619,-16660.500000:38219.930206,152.552400,ETCH/F.CU,COL0,,,,,,,,,
CREATE_LINE,,,,-16660.500000:38219.930206,-16660.500000:38621.000000,152.552400,ETCH/F.CU,COL0,,,,,,,,,
CREATE_LINE,,,,-16660.500000:38621.000000,-16660.500000:38771.000000,152.552400,ETCH/F.CU,COL0,,,,,,,,,
CREATE_LINE,,,,-16660.500000:38771.000000,-16073.000000:38771.000000,152.552400,ETCH/F.CU,COL0,,,,,,,,,
CREATE_LINE,,,,-16073.000000:38771.000000,-15612.365700:38310.365700,152.552400,ETCH/F.CU,COL0,,,,,,,,,
CREATE_LINE,,,,-15612.365700:38310.365700,-15612.365700:37514.287456,152.552400,ETCH/F.CU,COL0,,,,,,,,,
CREATE_LINE,,,,-15612.365700:37514.287456,-15592.294942:37494.216698,152.552400,ETCH/F.CU,COL0,,,,,,,,,
CREATE_LINE,,,,-9903.453868:37959.943289,-9890.397157:37973.000000,152.552400,ETCH/F.CU,COL0,,,,,,,,,
CREATE_LINE,,,,-9890.397157:37973.000000,-9854.186517:37973.000000,152.552400,ETCH/F.CU,COL0,,,,,,,,,
CREATE_LINE,,,,-9854.186517:37973.000000,-9434.000000:37973.000000,152.552400,ETCH/F.CU,COL0,,,,,,,,,
CREATE_LINE,,,,-9434.000000:37973.000000,-8984.000000:37973.000000,152.552400,ETCH/F.CU,COL0,,,,,,,,,
CREATE_LINE,,,,-8984.000000:37973.000000,-8984.281250:37972.875000,152.552400,ETCH/F.CU,COL0,,,,,,,,,
CREATE_LINE,,,,-16660.062500:38771.187500,-16660.500000:38771.000000,152.552400,ETCH/F.CU,COL0,,,,,,,,,
CREATE_LINE,,,,-19572.562500:37358.687500,-19573.000000:37358.500000,152.552400,ETCH/F.CU,ROW3,,,,,,,,,
CREATE_LINE,,,,-19573.000000:37358.500000,-19573.000000:36621.000000,152.552400,ETCH/F.CU,ROW3,,,,,,,,,
CREATE_LINE,,,,-19573.000000:36621.000000,-19573.000000:36181.696761,152.552400,ETCH/F.CU,ROW3,,,,,,,,,
CREATE_LINE,,,,-19573.000000:36181.696761,-19599.805403:36154.891357,152.552400,ETCH/F.CU,ROW3,,,,,,,,,
CREATE_LINE,,,,-19599.805403:36154.891357,-20213.819112:36154.891357,152.552400,ETCH/F.CU,ROW3,,,,,,,,,
CREATE_LINE,,,,24266.641958:-17607.243803,25569.207213:-18909.809059,152.552400,ETCH/F.CU,ROW3,,,,,,,,,
CREATE_LINE,,,,25569.207213:-18909.809059,25569.207213:-19669.207213,152.552400,ETCH/F.CU,ROW3,,,,,,,,,
CREATE_LINE,,,,25569.207213:-19669.207213,27481.365700:-21581.365700,152.552400,ETCH/F.CU,ROW3,,,,,,,,,
CREATE_LINE,,,,27481.365700:-21581.365700,28183.500000:-22283.500000,152.552400,ETCH/F.CU,ROW3,,,,,,,,,
CREATE_LINE,,,,28183.500000:-22283.500000,28575.000000:-22675.000000,152.552400,ETCH/F.CU,ROW3,,,,,,,,,
CREATE_LINE,,,,-20572.562500:37358.687500,-20573.000000:37358.500000,152.552400,ETCH/F.CU,ROW1,,,,,,,,,
CREATE_LINE,,,,-20573.000000:37358.500000,-20573.000000:36989.750000,152.552400,ETCH/F.CU,ROW1,,,,,,,,,
CREATE_LINE,,,,-20573.000000:36989.750000,-20573.000000:36621.000000,152.552400,ETCH/F.CU,ROW1,,,,,,,,,
CREATE_LINE,,,,-20573.000000:36621.000000,-20762.414939:36431.585061,152.552400,ETCH/F.CU,ROW1,,,,,,,,,
CREATE_LINE,,,,-20762.414939:36431.585061,-20762.414939:35607.147401,152.552400,ETCH/F.CU,ROW1,,,,,,,,,
CREATE_LINE,,,,-20762.414939:35607.147401,-20630.258616:35474.991078,152.552400,ETCH/F.CU,ROW1,,,,,,,,,
CREATE_LINE,,,,9525.000000:15425.000000,9525.000000:14318.000000,152.552400,ETCH/F.CU,ROW1,,,,,,,,,
CREATE_LINE,,,,9525.000000:14318.000000,9525.000000:13974.280374,152.552400,ETCH/F.CU,ROW1,,,,,,,,,
CREATE_LINE,,,,9525.000000:13974.280374,7358.057471:11807.337845,152.552400,ETCH/F.CU,ROW1,,,,,,,,,
CREATE_LINE,,,,7358.057471:11807.337845,7358.057471:4989.044567,152.552400,ETCH/F.CU,ROW1,,,,,,,,,
CREATE_LINE,,,,7358.057471:4989.044567,7495.853977:4851.248060,152.552400,ETCH/F.CU,ROW1,,,,,,,,,
CREATE_LINE,,,,7495.853977:4851.248060,8991.372450:4851.248060,152.552400,ETCH/F.CU,ROW1,,,,,,,,,
CREATE_LINE,,,,8991.372450:4851.248060,9317.845054:4524.775456,152.552400,ETCH/F.CU,ROW1,,,,,,,,,
CREATE_LINE,,,,9317.845054:4524.775456,9317.845054:3603.461319,152.552400,ETCH/F.CU,ROW1,,,,,,,,,
CREATE_LINE,,,,9317.845054:3603.461319,6504.448423:790.064688,152.552400,ETCH/F.CU,ROW1,,,,,,,,,
CREATE_LINE,,,,6504.448423:790.064688,-5109.935312:790.064688,152.552400,ETCH/F.CU,ROW1,,,,,,,,,
CREATE_LINE,,,,-5109.935312:790.064688,-8431.365700:-2531.365700,152.552400,ETCH/F.CU,ROW1,,,,,,,,,
CREATE_LINE,,,,-8431.365700:-2531.365700,-9133.500000:-3233.500000,152.552400,ETCH/F.CU,ROW1,,,,,,,,,
CREATE_LINE,,,,-9133.500000:-3233.500000,-9525.000000:-3625.000000,152.552400,ETCH/F.CU,ROW1,,,,,,,,,
CREATE_LINE,,,,750.000000:38955.000000,750.000000:39680.000000,207.774867,ETCH/F.CU,USBC_DM,,,,,,,,,
CREATE_LINE,,,,750.000000:39680.000000,750.000000:39932.911121,207.774867,ETCH/F.CU,USBC_DM,,,,,,,,,
CREATE_LINE,,,,750.000000:39932.911121,597.609291:40085.301830,207.774867,ETCH/F.CU,USBC_DM,,,,,,,,,
CREATE_LINE,,,,597.609291:40085.301830,597.609291:40087.947661,207.774867,ETCH/F.CU,USBC_DM,,,,,,,,,
CREATE_LINE,,,,597.609291:40087.947661,84.255170:40305.381674,207.774867,ETCH/F.CU,USBC_DM,,,,,,,,,
CREATE_LINE,,,,84.255170:40305.381674,-24.461837:40414.098681,207.774867,ETCH/F.CU,USBC_DM,,,,,,,,,
CREATE_LINE,,,,-24.461837:40414.098681,-320.381944:40414.098681,207.774867,ETCH/F.CU,USBC_DM,,,,,,,,,
CREATE_LINE,,,,-320.381944:40414.098681,-1171.579803:41265.296540,207.774867,ETCH/F.CU,USBC_DM,,,,,,,,,
CREATE_LINE,,,,-1171.579803:41265.296540,-4894.017001:41265.296540,207.774867,ETCH/F.CU,USBC_DM,,,,,,,,,
CREATE_LINE,,,,-4894.017001:41265.296540,-5167.720740:40991.592801,207.774867,ETCH/F.CU,USBC_DM,,,,,,,,,
CREATE_LINE,,,,-5167.720740:40991.592801,-5167.720740:38723.760121,207.774867,ETCH/F.CU,USBC_DM,,,,,,,,,
CREATE_LINE,,,,-5167.720740:38723.760121,-3071.500873:36627.540253,207.774867,ETCH/F.CU,USBC_DM,,,,,,,,,
CREATE_LINE,,,,-3071.500873:36627.540253,-2145.159164:36627.540253,207.774867,ETCH/F.CU,USBC_DM,,,,,,,,,
CREATE_LINE,,,,-2145.159164:36627.540253,-1579.682257:37193.017160,207.774867,ETCH/F.CU,USBC_DM,,,,,,,,,
CREATE_LINE,,,,-1579.682257:37193.017160,-1260.520172:37193.017160,207.774867,ETCH/F.CU,USBC_DM,,,,,,,,,
CREATE_LINE,,,,-1260.520172:37193.017160,-250.000000:38203.537332,207.774867,ETCH/F.CU,USBC_DM,,,,,,,,,
CREATE_LINE,,,,-250.000000:38203.537332,-250.000000:38230.000000,207.774867,ETCH/F.CU,USBC_DM,,,,,,,,,
CREATE_LINE,,,,-250.000000:38230.000000,-250.000000:38592.500000,207.774867,ETCH/F.CU,USBC_DM,,,,,,,,,
CREATE_LINE,,,,-250.000000:38592.500000,-250.000000:38955.000000,207.774867,ETCH/F.CU,USBC_DM,,,,,,,,,
CREATE_LINE,,,,-2145.159164:36627.540253,-2145.159164:33869.213948,207.774867,ETCH/F.CU,USBC_DM,,,,,,,,,
CREATE_LINE,,,,-2145.159164:33869.213948,-541.314159:32265.368943,207.774867,ETCH/F.CU,USBC_DM,,,,,,,,,
CREATE_LINE,,,,-541.314159:32265.368943,2153.449776:32265.368943,207.774867,ETCH/F.CU,USBC_DM,,,,,,,,,
CREATE_LINE,,,,2153.449776:32265.368943,6482.500000:36594.419167,207.774867,ETCH/F.CU,USBC_DM,,,,,,,,,
CREATE_LINE,,,,6482.500000:36594.419167,6482.500000:37152.000000,207.774867,ETCH/F.CU,USBC_DM,,,,,,,,,
CREATE_LINE,,,,6482.500000:37152.000000,6482.500000:37452.000000,207.774867,ETCH/F.CU,USBC_DM,,,,,,,,,
CREATE_LINE,,,,6482.500000:37452.000000,6482.906250:37451.781250,207.774867,ETCH/F.CU,USBC_DM,,,,,,,,,
CREATE_LINE,,,,-1090.687187:-647.142386,7913.554374:-647.142386,152.552400,ETCH/F.CU,LED_D4,,,,,,,,,
CREATE_LINE,,,,7913.554374:-647.142386,12635.696761:4075.000000,152.552400,ETCH/F.CU,LED_D4,,,,,,,,,
CREATE_LINE,,,,12635.696761:4075.000000,13075.000000:4075.000000,152.552400,ETCH/F.CU,LED_D4,,,,,,,,,
CREATE_LINE,,,,13075.000000:4075.000000,13750.000000:4075.000000,152.552400,ETCH/F.CU,LED_D4,,,,,,,,,
CREATE_LINE,,,,-8937.563280:5876.697655,-9239.260935:5575.000000,152.552400,ETCH/F.CU,LED_D4,,,,,,,,,
CREATE_LINE,,,,-9239.260935:5575.000000,-9635.696761:5575.000000,152.552400,ETCH/F.CU,LED_D4,,,,,,,,,
CREATE_LINE,,,,-9635.696761:5575.000000,-10075.000000:5575.000000,152.552400,ETCH/F.CU,LED_D4,,,,,,,,,
CREATE_LINE,,,,-10075.000000:5575.000000,-10750.000000:5575.000000,152.552400,ETCH/F.CU,LED_D4,,,,,,,,,
CREATE_LINE,,,,-249.781250:9239.156250,-250.000000:9239.000000,152.552400,ETCH/F.CU,COL3,,,,,,,,,
CREATE_LINE,,,,-250.000000:9239.000000,-250.000000:8789.000000,152.552400,ETCH/F.CU,COL3,,,,,,,,,
CREATE_LINE,,,,-250.000000:8789.000000,-250.000000:8349.696761,152.552400,ETCH/F.CU,COL3,,,,,,,,,
CREATE_LINE,,,,-250.000000:8349.696761,-1501.648574:7098.048186,152.552400,ETCH/F.CU,COL3,,,,,,,,,
CREATE_LINE,,,,-1501.648574:7098.048186,-1949.487362:7098.048186,152.552400,ETCH/F.CU,COL3,,,,,,,,,
CREATE_LINE,,,,1446.187500:-44038.843750,1446.000000:-44039.000000,152.552400,ETCH/F.CU,COL3,,,,,,,,,
CREATE_LINE,,,,1446.000000:-44039.000000,1446.000000:-43439.000000,152.552400,ETCH/F.CU,COL3,,,,,,,,,
CREATE_LINE,,,,1446.000000:-43439.000000,1446.000000:-43229.097432,152.552400,ETCH/F.CU,COL3,,,,,,,,,
CREATE_LINE,,,,1446.000000:-43229.097432,1446.000000:-43035.560858,152.552400,ETCH/F.CU,COL3,,,,,,,,,
CREATE_LINE,,,,1446.000000:-43035.560858,1378.075470:-42967.636328,152.552400,ETCH/F.CU,COL3,,,,,,,,,
CREATE_LINE,,,,-9434.977354:8937.521427,-14164.634463:13667.178536,152.552400,ETCH/F.CU,COL3,,,,,,,,,
CREATE_LINE,,,,-14164.634463:13667.178536,-14164.634463:31049.842261,152.552400,ETCH/F.CU,COL3,,,,,,,,,
CREATE_LINE,,,,-14164.634463:31049.842261,-16679.201834:33564.409632,152.552400,ETCH/F.CU,COL3,,,,,,,,,
CREATE_LINE,,,,-16679.201834:33564.409632,-16679.201834:33841.137364,152.552400,ETCH/F.CU,COL3,,,,,,,,,
CREATE_LINE,,,,-16679.201834:33841.137364,-14637.364733:35882.974465,152.552400,ETCH/F.CU,COL3,,,,,,,,,
CREATE_LINE,,,,-14637.364733:35882.974465,-14637.364733:38193.545190,152.552400,ETCH/F.CU,COL3,,,,,,,,,
CREATE_LINE,,,,-14637.364733:38193.545190,-14998.026452:38554.206909,152.552400,ETCH/F.CU,COL3,,,,,,,,,
CREATE_LINE,,,,-14998.026452:38554.206909,-15218.817188:39191.391257,152.552400,ETCH/F.CU,COL3,,,,,,,,,
CREATE_LINE,,,,-15218.817188:39191.391257,-15218.817188:39604.539982,152.552400,ETCH/F.CU,COL3,,,,,,,,,
CREATE_LINE,,,,-15218.817188:39604.539982,-15713.097432:40098.820226,152.552400,ETCH/F.CU,COL3,,,,,,,,,
CREATE_LINE,,,,-15713.097432:40098.820226,-15713.097432:40271.000000,152.552400,ETCH/F.CU,COL3,,,,,,,,,
CREATE_LINE,,,,-15713.097432:40271.000000,-15923.000000:40271.000000,152.552400,ETCH/F.CU,COL3,,,,,,,,,
CREATE_LINE,,,,-15923.000000:40271.000000,-16660.500000:40271.000000,152.552400,ETCH/F.CU,COL3,,,,,,,,,
CREATE_LINE,,,,-16660.500000:40271.000000,-16660.062500:40271.187500,152.552400,ETCH/F.CU,COL3,,,,,,,,,
CREATE_LINE,,,,-22086.089826:35014.308093,-22975.977215:35014.308093,152.552400,ETCH/F.CU,COL3,,,,,,,,,
CREATE_LINE,,,,-22975.977215:35014.308093,-28453.000000:40491.330877,152.552400,ETCH/F.CU,COL3,,,,,,,,,
CREATE_LINE,,,,-28453.000000:40491.330877,-28453.000000:40663.000000,152.552400,ETCH/F.CU,COL3,,,,,,,,,
CREATE_LINE,,,,-28453.000000:40663.000000,-28453.000000:41113.000000,152.552400,ETCH/F.CU,COL3,,,,,,,,,
CREATE_LINE,,,,-28453.000000:41113.000000,-28452.906250:41113.375000,152.552400,ETCH/F.CU,COL3,,,,,,,,,
CREATE_LINE,,,,-18433.375000:23711.812500,-18433.000000:23712.000000,152.552400,ETCH/F.CU,KEY9,,,,,,,,,
CREATE_LINE,,,,-18433.000000:23712.000000,-18433.000000:23262.000000,152.552400,ETCH/F.CU,KEY9,,,,,,,,,
CREATE_LINE,,,,-18433.000000:23262.000000,-18433.000000:22822.696761,152.552400,ETCH/F.CU,KEY9,,,,,,,,,
CREATE_LINE,,,,-18433.000000:22822.696761,-18433.000000:21235.349069,152.552400,ETCH/F.CU,KEY9,,,,,,,,,
CREATE_LINE,,,,-18433.000000:21235.349069,-18111.207317:20913.556386,152.552400,ETCH/F.CU,KEY9,,,,,,,,,
CREATE_LINE,,,,-16397.404714:19662.055768,-20634.460482:15425.000000,152.552400,ETCH/F.CU,ROW0,,,,,,,,,
CREATE_LINE,,,,-20634.460482:15425.000000,-27028.696761:15425.000000,152.552400,ETCH/F.CU,ROW0,,,,,,,,,
CREATE_LINE,,,,-27028.696761:15425.000000,-27468.000000:15425.000000,152.552400,ETCH/F.CU,ROW0,,,,,,,,,
CREATE_LINE,,,,-27468.000000:15425.000000,-28575.000000:15425.000000,152.552400,ETCH/F.CU,ROW0,,,,,,,,,
CREATE_LINE,,,,5125.556644:30986.199614,6435.479484:32296.122455,152.552400,ETCH/F.CU,ROW0,,,,,,,,,
CREATE_LINE,,,,6435.479484:32296.122455,7346.122455:32296.122455,152.552400,ETCH/F.CU,ROW0,,,,,,,,,
CREATE_LINE,,,,7346.122455:32296.122455,8431.365700:33381.365700,152.552400,ETCH/F.CU,ROW0,,,,,,,,,
CREATE_LINE,,,,8431.365700:33381.365700,9133.500000:34083.500000,152.552400,ETCH/F.CU,ROW0,,,,,,,,,
CREATE_LINE,,,,9133.500000:34083.500000,9525.000000:34475.000000,152.552400,ETCH/F.CU,ROW0,,,,,,,,,
CREATE_LINE,,,,9525.000000:34475.000000,9525.000000:33368.000000,152.552400,ETCH/F.CU,ROW0,,,,,,,,,
CREATE_LINE,,,,9525.000000:33368.000000,9525.000000:32928.696761,152.552400,ETCH/F.CU,ROW0,,,,,,,,,
CREATE_LINE,,,,9525.000000:32928.696761,9525.000000:24381.401341,152.552400,ETCH/F.CU,ROW0,,,,,,,,,
CREATE_LINE,,,,9525.000000:24381.401341,9024.018266:23880.419607,152.552400,ETCH/F.CU,ROW0,,,,,,,,,
CREATE_LINE,,,,9024.018266:23880.419607,2112.533750:23880.419607,152.552400,ETCH/F.CU,ROW0,,,,,,,,,
CREATE_LINE,,,,2112.533750:23880.419607,321.176934:25671.776423,152.552400,ETCH/F.CU,ROW0,,,,,,,,,
CREATE_LINE,,,,321.176934:25671.776423,-6424.411103:25671.776423,152.552400,ETCH/F.CU,ROW0,,,,,,,,,
CREATE_LINE,,,,-6424.411103:25671.776423,-8221.187526:23875.000000,152.552400,ETCH/F.CU,ROW0,,,,,,,,,
CREATE_LINE,,,,-8221.187526:23875.000000,-11433.111931:23875.000000,152.552400,ETCH/F.CU,ROW0,,,,,,,,,
CREATE_LINE,,,,-11433.111931:23875.000000,-11706.823948:23601.287983,152.552400,ETCH/F.CU,ROW0,,,,,,,,,
CREATE_LINE,,,,-11706.823948:23601.287983,-11706.823948:19153.127187,152.552400,ETCH/F.CU,ROW0,,,,,,,,,
CREATE_LINE,,,,-11706.823948:19153.127187,-9525.000000:16971.303239,152.552400,ETCH/F.CU,ROW0,,,,,,,,,
CREATE_LINE,,,,-9525.000000:16971.303239,-9525.000000:16532.000000,152.552400,ETCH/F.CU,ROW0,,,,,,,,,
CREATE_LINE,,,,-9525.000000:16532.000000,-9525.000000:15425.000000,152.552400,ETCH/F.CU,ROW0,,,,,,,,,
CREATE_LINE,,,,-24260.999918:34464.176368,-23951.216340:34154.392790,152.552400,ETCH/F.CU,ROW0,,,,,,,,,
CREATE_LINE,,,,-23951.216340:34154.392790,-21648.749411:34154.392790,152.552400,ETCH/F.CU,ROW0,,,,,,,,,
CREATE_LINE,,,,-21648.749411:34154.392790,-21173.287929:34629.854273,152.552400,ETCH/F.CU,ROW0,,,,,,,,,
CREATE_LINE,,,,-21173.287929:34629.854273,-21173.287929:36234.342613,152.552400,ETCH/F.CU,ROW0,,,,,,,,,
CREATE_LINE,,,,-21173.287929:36234.342613,-21073.000000:36334.630542,152.552400,ETCH/F.CU,ROW0,,,,,,,,,
CREATE_LINE,,,,-21073.000000:36334.630542,-21073.000000:36621.000000,152.552400,ETCH/F.CU,ROW0,,,,,,,,,
CREATE_LINE,,,,-21073.000000:36621.000000,-21073.000000:37358.500000,152.552400,ETCH/F.CU,ROW0,,,,,,,,,
CREATE_LINE,,,,-21073.000000:37358.500000,-21072.562500:37358.687500,152.552400,ETCH/F.CU,ROW0,,,,,,,,,
CREATE_LINE,,,,-13725.000000:-41250.000000,-14400.000000:-41250.000000,152.552400,ETCH/F.CU,UG_D11,,,,,,,,,
CREATE_LINE,,,,-14400.000000:-41250.000000,-14839.303239:-41250.000000,152.552400,ETCH/F.CU,UG_D11,,,,,,,,,
CREATE_LINE,,,,-14839.303239:-41250.000000,-16339.303239:-42750.000000,152.552400,ETCH/F.CU,UG_D11,,,,,,,,,
CREATE_LINE,,,,-16339.303239:-42750.000000,-29160.696761:-42750.000000,152.552400,ETCH/F.CU,UG_D11,,,,,,,,,
CREATE_LINE,,,,-29160.696761:-42750.000000,-29600.000000:-42750.000000,152.552400,ETCH/F.CU,UG_D11,,,,,,,,,
CREATE_LINE,,,,-29600.000000:-42750.000000,-30275.000000:-42750.000000,152.552400,ETCH/F.CU,UG_D11,,,,,,,,,
CREATE_LINE,,,,-11146.967090:-31607.558992,-10990.188272:-31607.558992,152.552400,ETCH/F.CU,LED_D11,,,,,,,,,
CREATE_LINE,,,,-10990.188272:-31607.558992,-10750.000000:-31847.747264,152.552400,ETCH/F.CU,LED_D11,,,,,,,,,
CREATE_LINE,,,,-10750.000000:-31847.747264,-10750.000000:-32115.000000,152.552400,ETCH/F.CU,LED_D11,,,,,,,,,
CREATE_LINE,,,,-10750.000000:-32115.000000,-10750.000000:-32525.000000,152.552400,ETCH/F.CU,LED_D11,,,,,,,,,
CREATE_LINE,,,,3162.711473:-32935.636041,3506.734211:-33279.658779,152.552400,ETCH/F.CU,LED_D11,,,,,,,,,
CREATE_LINE,,,,3506.734211:-33279.658779,11890.355540:-33279.658779,152.552400,ETCH/F.CU,LED_D11,,,,,,,,,
CREATE_LINE,,,,11890.355540:-33279.658779,12635.696761:-34025.000000,152.552400,ETCH/F.CU,LED_D11,,,,,,,,,
CREATE_LINE,,,,12635.696761:-34025.000000,13075.000000:-34025.000000,152.552400,ETCH/F.CU,LED_D11,,,,,,,,,
CREATE_LINE,,,,13075.000000:-34025.000000,13750.000000:-34025.000000,152.552400,ETCH/F.CU,LED_D11,,,,,,,,,
CREATE_LINE,,,,42750.000000:-30275.000000,42750.000000:-29600.000000,152.552400,ETCH/F.CU,UG_D7,,,,,,,,,
CREATE_LINE,,,,42750.000000:-29600.000000,42750.000000:-29160.696761,152.552400,ETCH/F.CU,UG_D7,,,,,,,,,
CREATE_LINE,,,,42750.000000:-29160.696761,42750.000000:-23751.791967,152.552400,ETCH/F.CU,UG_D7,,,,,,,,,
CREATE_LINE,,,,42750.000000:-23751.791967,41895.322999:-22897.114966,152.552400,ETCH/F.CU,UG_D7,,,,,,,,,
CREATE_LINE,,,,41250.000000:-13725.000000,41250.000000:-14400.000000,152.552400,ETCH/F.CU,UG_D7,,,,,,,,,
CREATE_LINE,,,,41250.000000:-14400.000000,41250.000000:-14648.136013,152.552400,ETCH/F.CU,UG_D7,,,,,,,,,
CREATE_LINE,,,,41250.000000:-14648.136013,41030.261043:-14867.874970,152.552400,ETCH/F.CU,UG_D7,,,,,,,,,
CREATE_LINE,,,,41030.261043:-14867.874970,40871.524034:-14867.874970,152.552400,ETCH/F.CU,UG_D7,,,,,,,,,
CREATE_LINE,,,,14852.924198:-43351.906998,14591.906998:-43351.906998,152.552400,ETCH/F.CU,UG_D9,,,,,,,,,
CREATE_LINE,,,,14591.906998:-43351.906998,14588.976222:-43348.976222,152.552400,ETCH/F.CU,UG_D9,,,,,,,,,
CREATE_LINE,,,,14588.976222:-43348.976222,13990.000000:-42750.000000,152.552400,ETCH/F.CU,UG_D9,,,,,,,,,
CREATE_LINE,,,,13990.000000:-42750.000000,13725.000000:-42750.000000,152.552400,ETCH/F.CU,UG_D9,,,,,,,,,
CREATE_LINE,,,,30275.000000:-41250.000000,29600.000000:-41250.000000,152.552400,ETCH/F.CU,UG_D9,,,,,,,,,
CREATE_LINE,,,,29600.000000:-41250.000000,29294.513819:-41250.000000,152.552400,ETCH/F.CU,UG_D9,,,,,,,,,
CREATE_LINE,,,,29294.513819:-41250.000000,29218.465274:-41250.000000,152.552400,ETCH/F.CU,UG_D9,,,,,,,,,
CREATE_LINE,,,,29218.465274:-41250.000000,29121.348438:-41347.116836,152.552400,ETCH/F.CU,UG_D9,,,,,,,,,
CREATE_LINE,,,,-5300.000000:-34025.000000,-4625.000000:-34025.000000,152.552400,ETCH/F.CU,LED_D10,,,,,,,,,
CREATE_LINE,,,,-4625.000000:-34025.000000,-4185.696761:-34025.000000,152.552400,ETCH/F.CU,LED_D10,,,,,,,,,
CREATE_LINE,,,,-4185.696761:-34025.000000,2944.231350:-26895.071889,152.552400,ETCH/F.CU,LED_D10,,,,,,,,,
CREATE_LINE,,,,2944.231350:-26895.071889,9525.160364:-26895.071889,152.552400,ETCH/F.CU,LED_D10,,,,,,,,,
CREATE_LINE,,,,9525.160364:-26895.071889,22945.232254:-13475.000000,152.552400,ETCH/F.CU,LED_D10,,,,,,,,,
CREATE_LINE,,,,22945.232254:-13475.000000,26235.696761:-13475.000000,152.552400,ETCH/F.CU,LED_D10,,,,,,,,,
CREATE_LINE,,,,26235.696761:-13475.000000,26675.000000:-13475.000000,152.552400,ETCH/F.CU,LED_D10,,,,,,,,,
CREATE_LINE,,,,26675.000000:-13475.000000,27350.000000:-13475.000000,152.552400,ETCH/F.CU,LED_D10,,,,,,,,,
CREATE_LINE,,,,-24350.000000:-14975.000000,-23675.000000:-14975.000000,152.552400,ETCH/F.CU,LED_D6,,,,,,,,,
CREATE_LINE,,,,-23675.000000:-14975.000000,-23388.630542:-14975.000000,152.552400,ETCH/F.CU,LED_D6,,,,,,,,,
CREATE_LINE,,,,-23388.630542:-14975.000000,-23303.045716:-14975.000000,152.552400,ETCH/F.CU,LED_D6,,,,,,,,,
CREATE_LINE,,,,-23303.045716:-14975.000000,-23202.204931:-14874.159215,152.552400,ETCH/F.CU,LED_D6,,,,,,,,,
CREATE_LINE,,,,27350.000000:5575.000000,26675.000000:5575.000000,152.552400,ETCH/F.CU,LED_D6,,,,,,,,,
CREATE_LINE,,,,26675.000000:5575.000000,26235.696761:5575.000000,152.552400,ETCH/F.CU,LED_D6,,,,,,,,,
CREATE_LINE,,,,26235.696761:5575.000000,18376.244638:-2284.452123,152.552400,ETCH/F.CU,LED_D6,,,,,,,,,
CREATE_LINE,,,,18376.244638:-2284.452123,2465.944767:-2284.452123,152.552400,ETCH/F.CU,LED_D6,,,,,,,,,
CREATE_LINE,,,,2465.944767:-2284.452123,-1146.865405:-5897.262295,152.552400,ETCH/F.CU,LED_D6,,,,,,,,,
CREATE_LINE,,,,-16660.062500:41271.187500,-16660.500000:41271.000000,152.552400,ETCH/F.CU,ENC_B,,,,,,,,,
CREATE_LINE,,,,-16660.500000:41271.000000,-15923.000000:41271.000000,152.552400,ETCH/F.CU,ENC_B,,,,,,,,,
CREATE_LINE,,,,-15923.000000:41271.000000,-15617.513819:41271.000000,152.552400,ETCH/F.CU,ENC_B,,,,,,,,,
CREATE_LINE,,,,-15617.513819:41271.000000,-15439.493981:41092.980162,152.552400,ETCH/F.CU,ENC_B,,,,,,,,,
CREATE_LINE,,,,-15439.493981:41092.980162,-15439.493981:40417.395228,152.552400,ETCH/F.CU,ENC_B,,,,,,,,,
CREATE_LINE,,,,-15439.493981:40417.395228,-14549.394789:39527.296037,152.552400,ETCH/F.CU,ENC_B,,,,,,,,,
CREATE_LINE,,,,-14549.394789:39527.296037,-14549.394789:38901.484323,152.552400,ETCH/F.CU,ENC_B,,,,,,,,,
CREATE_LINE,,,,-35575.000000:26075.000000,-34568.000000:26075.000000,152.552400,ETCH/F.CU,ENC_B,,,,,,,,,
CREATE_LINE,,,,-34568.000000:26075.000000,-34128.696761:26075.000000,152.552400,ETCH/F.CU,ENC_B,,,,,,,,,
CREATE_LINE,,,,-34128.696761:26075.000000,-32878.574781:27325.121980,152.552400,ETCH/F.CU,ENC_B,,,,,,,,,
CREATE_LINE,,,,-32878.574781:27325.121980,-20548.835903:27325.121980,152.552400,ETCH/F.CU,ENC_B,,,,,,,,,
CREATE_LINE,,,,-20548.835903:27325.121980,-19497.098137:26273.384215,152.552400,ETCH/F.CU,ENC_B,,,,,,,,,
CREATE_LINE,,,,-19497.098137:26273.384215,-17772.530789:26273.384215,152.552400,ETCH/F.CU,ENC_B,,,,,,,,,
CREATE_LINE,,,,-17772.530789:26273.384215,-17591.011527:26454.903477,152.552400,ETCH/F.CU,ENC_B,,,,,,,,,
CREATE_LINE,,,,-17591.011527:26454.903477,-17591.011527:27743.216083,152.552400,ETCH/F.CU,ENC_B,,,,,,,,,
CREATE_LINE,,,,-17591.011527:27743.216083,-19684.307533:29836.512088,152.552400,ETCH/F.CU,ENC_B,,,,,,,,,
CREATE_LINE,,,,-19684.307533:29836.512088,-19684.307533:32252.544260,152.552400,ETCH/F.CU,ENC_B,,,,,,,,,
CREATE_LINE,,,,-19684.307533:32252.544260,-18776.140221:33160.711572,152.552400,ETCH/F.CU,ENC_B,,,,,,,,,
CREATE_LINE,,,,-16660.062500:42271.187500,-16660.500000:42271.000000,207.774867,ETCH/F.CU,USB_DM,,,,,,,,,
CREATE_LINE,,,,-16660.500000:42271.000000,-15923.000000:42271.000000,207.774867,ETCH/F.CU,USB_DM,,,,,,,,,
CREATE_LINE,,,,-15923.000000:42271.000000,-15365.419167:42271.000000,207.774867,ETCH/F.CU,USB_DM,,,,,,,,,
CREATE_LINE,,,,-15365.419167:42271.000000,-15070.438874:41976.019708,207.774867,ETCH/F.CU,USB_DM,,,,,,,,,
CREATE_LINE,,,,-15070.438874:41976.019708,-15070.438874:40557.233388,207.774867,ETCH/F.CU,USB_DM,,,,,,,,,
CREATE_LINE,,,,-15070.438874:40557.233388,-13085.162757:38571.957270,207.774867,ETCH/F.CU,USB_DM,,,,,,,,,
CREATE_LINE,,,,-13085.162757:38571.957270,-13085.162757:36098.758673,207.774867,ETCH/F.CU,USB_DM,,,,,,,,,
CREATE_LINE,,,,-13085.162757:36098.758673,-7932.604446:30946.200362,207.774867,ETCH/F.CU,USB_DM,,,,,,,,,
CREATE_LINE,,,,-7932.604446:30946.200362,1358.857368:30946.200362,207.774867,ETCH/F.CU,USB_DM,,,,,,,,,
CREATE_LINE,,,,1358.857368:30946.200362,7864.657006:37452.000000,207.774867,ETCH/F.CU,USB_DM,,,,,,,,,
CREATE_LINE,,,,7864.657006:37452.000000,8095.000000:37452.000000,207.774867,ETCH/F.CU,USB_DM,,,,,,,,,
CREATE_LINE,,,,8095.000000:37452.000000,8757.500000:37452.000000,207.774867,ETCH/F.CU,USB_DM,,,,,,,,,
CREATE_LINE,,,,8757.500000:37452.000000,8757.906250:37451.781250,207.774867,ETCH/F.CU,USB_DM,,,,,,,,,
CREATE_LINE,,,,41250.000000:30275.000000,41250.000000:29600.000000,152.552400,ETCH/F.CU,UG_D5,,,,,,,,,
CREATE_LINE,,,,41250.000000:29600.000000,41250.000000:29160.696761,152.552400,ETCH/F.CU,UG_D5,,,,,,,,,
CREATE_LINE,,,,41250.000000:29160.696761,42750.000000:27660.696761,152.552400,ETCH/F.CU,UG_D5,,,,,,,,,
CREATE_LINE,,,,42750.000000:27660.696761,42750.000000:14839.303239,152.552400,ETCH/F.CU,UG_D5,,,,,,,,,
CREATE_LINE,,,,42750.000000:14839.303239,42750.000000:14400.000000,152.552400,ETCH/F.CU,UG_D5,,,,,,,,,
CREATE_LINE,,,,42750.000000:14400.000000,42750.000000:13725.000000,152.552400,ETCH/F.CU,UG_D5,,,,,,,,,
CREATE_LINE,,,,-41360.475777:18149.428653,-42012.000000:18800.952876,152.552400,ETCH/F.CU,COL2,,,,,,,,,
CREATE_LINE,,,,-42012.000000:18800.952876,-42012.000000:23574.696761,152.552400,ETCH/F.CU,COL2,,,,,,,,,
CREATE_LINE,,,,-42012.000000:23574.696761,-42012.000000:24014.000000,152.552400,ETCH/F.CU,COL2,,,,,,,,,
CREATE_LINE,,,,-42012.000000:24014.000000,-42012.000000:24614.000000,152.552400,ETCH/F.CU,COL2,,,,,,,,,
CREATE_LINE,,,,-42012.000000:24614.000000,-41562.000000:24614.000000,152.552400,ETCH/F.CU,COL2,,,,,,,,,
CREATE_LINE,,,,-41562.000000:24614.000000,-41122.696761:24614.000000,152.552400,ETCH/F.CU,COL2,,,,,,,,,
CREATE_LINE,,,,-41122.696761:24614.000000,-40918.118317:24818.578444,152.552400,ETCH/F.CU,COL2,,,,,,,,,
CREATE_LINE,,,,-40918.118317:24818.578444,-27205.702592:24818.578444,152.552400,ETCH/F.CU,COL2,,,,,,,,,
CREATE_LINE,,,,-27205.702592:24818.578444,-26876.185292:24489.061144,152.552400,ETCH/F.CU,COL2,,,,,,,,,
CREATE_LINE,,,,-26876.185292:24489.061144,-18507.706510:24489.061144,152.552400,ETCH/F.CU,COL2,,,,,,,,,
CREATE_LINE,,,,-18507.706510:24489.061144,-16839.452538:26157.315115,152.552400,ETCH/F.CU,COL2,,,,,,,,,
CREATE_LINE,,,,-16839.452538:26157.315115,-16839.452538:31989.382744,152.552400,ETCH/F.CU,COL2,,,,,,,,,
CREATE_LINE,,,,-16839.452538:31989.382744,-18804.000000:33953.930206,152.552400,ETCH/F.CU,COL2,,,,,,,,,
CREATE_LINE,,,,-18804.000000:33953.930206,-18804.000000:34355.000000,152.552400,ETCH/F.CU,COL2,,,,,,,,,
CREATE_LINE,,,,-18804.000000:34355.000000,-18804.000000:34805.000000,152.552400,ETCH/F.CU,COL2,,,,,,,,,
CREATE_LINE,,,,-18804.000000:34805.000000,-18204.000000:34805.000000,152.552400,ETCH/F.CU,COL2,,,,,,,,,
CREATE_LINE,,,,-18204.000000:34805.000000,-17764.696761:34805.000000,152.552400,ETCH/F.CU,COL2,,,,,,,,,
CREATE_LINE,,,,-17764.696761:34805.000000,-16346.296482:34805.000000,152.552400,ETCH/F.CU,COL2,,,,,,,,,
CREATE_LINE,,,,-16346.296482:34805.000000,-15042.075303:36109.221179,152.552400,ETCH/F.CU,COL2,,,,,,,,,
CREATE_LINE,,,,-15042.075303:36109.221179,-15042.075303:38140.418987,152.552400,ETCH/F.CU,COL2,,,,,,,,,
CREATE_LINE,,,,-15042.075303:38140.418987,-15287.706994:38386.050677,152.552400,ETCH/F.CU,COL2,,,,,,,,,
CREATE_LINE,,,,-15287.706994:38386.050677,-15504.751452:38997.257644,152.552400,ETCH/F.CU,COL2,,,,,,,,,
CREATE_LINE,,,,-15504.751452:38997.257644,-15613.273682:39105.779873,152.552400,ETCH/F.CU,COL2,,,,,,,,,
CREATE_LINE,,,,-15613.273682:39105.779873,-15613.273682:39461.273682,152.552400,ETCH/F.CU,COL2,,,,,,,,,
CREATE_LINE,,,,-15613.273682:39461.273682,-15923.000000:39771.000000,152.552400,ETCH/F.CU,COL2,,,,,,,,,
CREATE_LINE,,,,-15923.000000:39771.000000,-16291.750000:39771.000000,152.552400,ETCH/F.CU,COL2,,,,,,,,,
CREATE_LINE,,,,-16291.750000:39771.000000,-16660.500000:39771.000000,152.552400,ETCH/F.CU,COL2,,,,,,,,,
CREATE_LINE,,,,-16660.500000:39771.000000,-16660.062500:39771.187500,152.552400,ETCH/F.CU,COL2,,,,,,,,,
CREATE_LINE,,,,-37716.943289:-25466.546132,-37730.000000:-25479.602843,152.552400,ETCH/F.CU,COL2,,,,,,,,,
CREATE_LINE,,,,-37730.000000:-25479.602843,-37730.000000:-25515.813483,152.552400,ETCH/F.CU,COL2,,,,,,,,,
CREATE_LINE,,,,-37730.000000:-25515.813483,-37730.000000:-25936.000000,152.552400,ETCH/F.CU,COL2,,,,,,,,,
CREATE_LINE,,,,-37730.000000:-25936.000000,-37730.000000:-26386.000000,152.552400,ETCH/F.CU,COL2,,,,,,,,,
CREATE_LINE,,,,-37730.000000:-26386.000000,-37730.250000:-26385.843750,152.552400,ETCH/F.CU,COL2,,,,,,,,,
CREATE_LINE,,,,-42011.625000:24613.500000,-42012.000000:24614.000000,152.552400,ETCH/F.CU,COL2,,,,,,,,,
CREATE_LINE,,,,-18804.468750:34804.781250,-18804.000000:34805.000000,152.552400,ETCH/F.CU,COL2,,,,,,,,,
CREATE_LINE,,,,-28452.906250:37813.375000,-28453.000000:37813.000000,152.552400,ETCH/F.CU,KEY8,,,,,,,,,
CREATE_LINE,,,,-28453.000000:37813.000000,-28453.000000:37363.000000,152.552400,ETCH/F.CU,KEY8,,,,,,,,,
CREATE_LINE,,,,-28453.000000:37363.000000,-28453.000000:37172.214155,152.552400,ETCH/F.CU,KEY8,,,,,,,,,
CREATE_LINE,,,,-28453.000000:37172.214155,-25810.441460:34529.655615,152.552400,ETCH/F.CU,KEY8,,,,,,,,,
CREATE_LINE,,,,-25810.441460:34529.655615,-25810.441460:27899.977891,152.552400,ETCH/F.CU,KEY8,,,,,,,,,
CREATE_LINE,,,,-15624.720380:10047.196967,-24213.499794:10047.196967,152.552400,ETCH/F.CU,LED_D3,,,,,,,,,
CREATE_LINE,,,,-24213.499794:10047.196967,-28685.696761:5575.000000,152.552400,ETCH/F.CU,LED_D3,,,,,,,,,
CREATE_LINE,,,,-28685.696761:5575.000000,-29125.000000:5575.000000,152.552400,ETCH/F.CU,LED_D3,,,,,,,,,
CREATE_LINE,,,,-29125.000000:5575.000000,-29800.000000:5575.000000,152.552400,ETCH/F.CU,LED_D3,,,,,,,,,
CREATE_LINE,,,,-5623.819420:3173.487948,-5505.142594:3173.487948,152.552400,ETCH/F.CU,LED_D3,,,,,,,,,
CREATE_LINE,,,,-5505.142594:3173.487948,-5300.000000:3378.630542,152.552400,ETCH/F.CU,LED_D3,,,,,,,,,
CREATE_LINE,,,,-5300.000000:3378.630542,-5300.000000:3665.000000,152.552400,ETCH/F.CU,LED_D3,,,,,,,,,
CREATE_LINE,,,,-5300.000000:3665.000000,-5300.000000:4075.000000,152.552400,ETCH/F.CU,LED_D3,,,,,,,,,
CREATE_LINE,,,,-36632.039415:-23229.938743,-36775.978158:-23086.000000,152.552400,ETCH/F.CU,KEY11,,,,,,,,,
CREATE_LINE,,,,-36775.978158:-23086.000000,-36881.863987:-23086.000000,152.552400,ETCH/F.CU,KEY11,,,,,,,,,
CREATE_LINE,,,,-36881.863987:-23086.000000,-37130.000000:-23086.000000,152.552400,ETCH/F.CU,KEY11,,,,,,,,,
CREATE_LINE,,,,-37130.000000:-23086.000000,-37730.000000:-23086.000000,152.552400,ETCH/F.CU,KEY11,,,,,,,,,
CREATE_LINE,,,,-37730.000000:-23086.000000,-37730.250000:-23085.843750,152.552400,ETCH/F.CU,KEY11,,,,,,,,,
CREATE_LINE,,,,8650.768355:40144.149442,8757.500000:40037.417797,207.774867,ETCH/F.CU,USB_DP,,,,,,,,,
CREATE_LINE,,,,8757.500000:40037.417797,8757.500000:39950.047375,207.774867,ETCH/F.CU,USB_DP,,,,,,,,,
CREATE_LINE,,,,8757.500000:39950.047375,8757.500000:39652.000000,207.774867,ETCH/F.CU,USB_DP,,,,,,,,,
CREATE_LINE,,,,8757.500000:39652.000000,8757.500000:39352.000000,207.774867,ETCH/F.CU,USB_DP,,,,,,,,,
CREATE_LINE,,,,8757.500000:39352.000000,8757.906250:39351.781250,207.774867,ETCH/F.CU,USB_DP,,,,,,,,,
CREATE_LINE,,,,-16660.062500:42771.187500,-16660.500000:42771.000000,207.774867,ETCH/F.CU,USB_DP,,,,,,,,,
CREATE_LINE,,,,-16660.500000:42771.000000,-15923.000000:42771.000000,207.774867,ETCH/F.CU,USB_DP,,,,,,,,,
CREATE_LINE,,,,-15923.000000:42771.000000,-15602.384499:42771.000000,207.774867,ETCH/F.CU,USB_DP,,,,,,,,,
CREATE_LINE,,,,-15602.384499:42771.000000,-14541.524826:43831.859673,207.774867,ETCH/F.CU,USB_DP,,,,,,,,,
CREATE_LINE,,,,-14541.524826:43831.859673,-11585.519992:43831.859673,207.774867,ETCH/F.CU,USB_DP,,,,,,,,,
CREATE_LINE,,,,-4525.000000:32375.000000,-4916.500000:32766.500000,152.552400,ETCH/F.CU,KEY1,,,,,,,,,
CREATE_LINE,,,,-4916.500000:32766.500000,-5618.634300:33468.634300,152.552400,ETCH/F.CU,KEY1,,,,,,,,,
CREATE_LINE,,,,-5618.634300:33468.634300,-8287.384442:36137.384442,152.552400,ETCH/F.CU,KEY1,,,,,,,,,
CREATE_LINE,,,,-8287.384442:36137.384442,-9559.081203:36137.384442,152.552400,ETCH/F.CU,KEY1,,,,,,,,,
CREATE_LINE,,,,-9559.081203:36137.384442,-11394.696761:37973.000000,152.552400,ETCH/F.CU,KEY1,,,,,,,,,
CREATE_LINE,,,,-11394.696761:37973.000000,-11834.000000:37973.000000,152.552400,ETCH/F.CU,KEY1,,,,,,,,,
CREATE_LINE,,,,-11834.000000:37973.000000,-12284.000000:37973.000000,152.552400,ETCH/F.CU,KEY1,,,,,,,,,
CREATE_LINE,,,,-12284.000000:37973.000000,-12284.281250:37972.875000,152.552400,ETCH/F.CU,KEY1,,,,,,,,,
CREATE_LINE,,,,13725.000000:41250.000000,13050.000000:41250.000000,152.552400,ETCH/F.CU,UG_D2,,,,,,,,,
CREATE_LINE,,,,13050.000000:41250.000000,12610.696761:41250.000000,152.552400,ETCH/F.CU,UG_D2,,,,,,,,,
CREATE_LINE,,,,12610.696761:41250.000000,11854.756859:41250.000000,152.552400,ETCH/F.CU,UG_D2,,,,,,,,,
CREATE_LINE,,,,11854.756859:41250.000000,10853.719530:42251.037329,152.552400,ETCH/F.CU,UG_D2,,,,,,,,,
CREATE_LINE,,,,3166.541212:44363.149352,3166.541212:43613.729887,152.552400,ETCH/F.CU,UG_D2,,,,,,,,,
CREATE_LINE,,,,3166.541212:43613.729887,1453.600079:41900.788754,152.552400,ETCH/F.CU,UG_D2,,,,,,,,,
CREATE_LINE,,,,1453.600079:41900.788754,184.522522:41900.788754,152.552400,ETCH/F.CU,UG_D2,,,,,,,,,
CREATE_LINE,,,,184.522522:41900.788754,-423.785404:42509.096680,152.552400,ETCH/F.CU,UG_D2,,,,,,,,,
CREATE_LINE,,,,-423.785404:42509.096680,-4500.053734:42509.096680,152.552400,ETCH/F.CU,UG_D2,,,,,,,,,
CREATE_LINE,,,,-4500.053734:42509.096680,-5780.065705:43789.108651,152.552400,ETCH/F.CU,UG_D2,,,,,,,,,
CREATE_LINE,,,,-5780.065705:43789.108651,-10553.701380:43789.108651,152.552400,ETCH/F.CU,UG_D2,,,,,,,,,
CREATE_LINE,,,,-10553.701380:43789.108651,-11592.810031:42750.000000,152.552400,ETCH/F.CU,UG_D2,,,,,,,,,
CREATE_LINE,,,,-11592.810031:42750.000000,-12840.097432:42750.000000,152.552400,ETCH/F.CU,UG_D2,,,,,,,,,
CREATE_LINE,,,,-12840.097432:42750.000000,-13050.000000:42750.000000,152.552400,ETCH/F.CU,UG_D2,,,,,,,,,
CREATE_LINE,,,,-13050.000000:42750.000000,-13725.000000:42750.000000,152.552400,ETCH/F.CU,UG_D2,,,,,,,,,
CREATE_LINE,,,,-249.781250:12539.156250,-250.000000:12539.000000,152.552400,ETCH/F.CU,KEY4,,,,,,,,,
CREATE_LINE,,,,-250.000000:12539.000000,-850.000000:12539.000000,152.552400,ETCH/F.CU,KEY4,,,,,,,,,
CREATE_LINE,,,,-850.000000:12539.000000,-1289.303239:12539.000000,152.552400,ETCH/F.CU,KEY4,,,,,,,,,
CREATE_LINE,,,,-1289.303239:12539.000000,-2075.303239:13325.000000,152.552400,ETCH/F.CU,KEY4,,,,,,,,,
CREATE_LINE,,,,-2075.303239:13325.000000,-2978.696761:13325.000000,152.552400,ETCH/F.CU,KEY4,,,,,,,,,
CREATE_LINE,,,,-2978.696761:13325.000000,-3418.000000:13325.000000,152.552400,ETCH/F.CU,KEY4,,,,,,,,,
CREATE_LINE,,,,-3418.000000:13325.000000,-4525.000000:13325.000000,152.552400,ETCH/F.CU,KEY4,,,,,,,,,
CREATE_LINE,,,,-26366.020641:-11536.539510,-27266.635439:-12437.154307,152.552400,ETCH/F.CU,LED_D7,,,,,,,,,
CREATE_LINE,,,,-27266.635439:-12437.154307,-27647.851068:-12437.154307,152.552400,ETCH/F.CU,LED_D7,,,,,,,,,
CREATE_LINE,,,,-27647.851068:-12437.154307,-28685.696761:-13475.000000,152.552400,ETCH/F.CU,LED_D7,,,,,,,,,
CREATE_LINE,,,,-28685.696761:-13475.000000,-29125.000000:-13475.000000,152.552400,ETCH/F.CU,LED_D7,,,,,,,,,
CREATE_LINE,,,,-29125.000000:-13475.000000,-29800.000000:-13475.000000,152.552400,ETCH/F.CU,LED_D7,,,,,,,,,
CREATE_LINE,,,,-17813.007600:-12122.984383,-15715.369942:-14220.622040,152.552400,ETCH/F.CU,LED_D7,,,,,,,,,
CREATE_LINE,,,,-15715.369942:-14220.622040,-7168.681199:-14220.622040,152.552400,ETCH/F.CU,LED_D7,,,,,,,,,
CREATE_LINE,,,,-7168.681199:-14220.622040,-6414.303239:-14975.000000,152.552400,ETCH/F.CU,LED_D7,,,,,,,,,
CREATE_LINE,,,,-6414.303239:-14975.000000,-5975.000000:-14975.000000,152.552400,ETCH/F.CU,LED_D7,,,,,,,,,
CREATE_LINE,,,,-5975.000000:-14975.000000,-5300.000000:-14975.000000,152.552400,ETCH/F.CU,LED_D7,,,,,,,,,
CREATE_LINE,,,,-33727.911969:42803.502004,-33781.413972:42750.000000,152.552400,ETCH/F.CU,UG_D1,,,,,,,,,
CREATE_LINE,,,,-33781.413972:42750.000000,-34610.696761:42750.000000,152.552400,ETCH/F.CU,UG_D1,,,,,,,,,
CREATE_LINE,,,,-34610.696761:42750.000000,-35050.000000:42750.000000,152.552400,ETCH/F.CU,UG_D1,,,,,,,,,
CREATE_LINE,,,,-35050.000000:42750.000000,-35725.000000:42750.000000,152.552400,ETCH/F.CU,UG_D1,,,,,,,,,
CREATE_LINE,,,,-8275.000000:41250.000000,-8950.000000:41250.000000,152.552400,ETCH/F.CU,UG_D1,,,,,,,,,
CREATE_LINE,,,,-8950.000000:41250.000000,-9389.303239:41250.000000,152.552400,ETCH/F.CU,UG_D1,,,,,,,,,
CREATE_LINE,,,,-9389.303239:41250.000000,-10112.603799:41250.000000,152.552400,ETCH/F.CU,UG_D1,,,,,,,,,
CREATE_LINE,,,,-10112.603799:41250.000000,-10199.023413:41163.580386,152.552400,ETCH/F.CU,UG_D1,,,,,,,,,
CREATE_LINE,,,,-45311.625000:24613.500000,-45312.000000:24614.000000,152.552400,ETCH/F.CU,KEY3,,,,,,,,,
CREATE_LINE,,,,-45312.000000:24614.000000,-44862.000000:24614.000000,152.552400,ETCH/F.CU,KEY3,,,,,,,,,
CREATE_LINE,,,,-44862.000000:24614.000000,-44632.980709:24614.000000,152.552400,ETCH/F.CU,KEY3,,,,,,,,,
CREATE_LINE,,,,-44632.980709:24614.000000,-43780.709972:25466.270738,152.552400,ETCH/F.CU,KEY3,,,,,,,,,
CREATE_LINE,,,,-43780.709972:25466.270738,-43780.709972:26069.765110,152.552400,ETCH/F.CU,KEY3,,,,,,,,,
CREATE_LINE,,,,-41250.000000:-8275.000000,-41250.000000:-8950.000000,152.552400,ETCH/F.CU,UG_D13,,,,,,,,,
CREATE_LINE,,,,-41250.000000:-8950.000000,-41250.000000:-9274.602904,152.552400,ETCH/F.CU,UG_D13,,,,,,,,,
CREATE_LINE,,,,-41250.000000:-9274.602904,-43402.371885:-11426.974789,152.552400,ETCH/F.CU,UG_D13,,,,,,,,,
CREATE_LINE,,,,-43402.371885:-11426.974789,-43402.371885:-33958.324876,152.552400,ETCH/F.CU,UG_D13,,,,,,,,,
CREATE_LINE,,,,-43402.371885:-33958.324876,-42750.000000:-34610.696761,152.552400,ETCH/F.CU,UG_D13,,,,,,,,,
CREATE_LINE,,,,-42750.000000:-34610.696761,-42750.000000:-35050.000000,152.552400,ETCH/F.CU,UG_D13,,,,,,,,,
CREATE_LINE,,,,-42750.000000:-35050.000000,-42750.000000:-35725.000000,152.552400,ETCH/F.CU,UG_D13,,,,,,,,,
CREATE_LINE,,,,-5300.000000:23125.000000,-5975.000000:23125.000000,152.552400,ETCH/F.CU,LED_D0,,,,,,,,,
CREATE_LINE,,,,-5975.000000:23125.000000,-6223.136013:23125.000000,152.552400,ETCH/F.CU,LED_D0,,,,,,,,,
CREATE_LINE,,,,-6223.136013:23125.000000,-6323.691435:23125.000000,152.552400,ETCH/F.CU,LED_D0,,,,,,,,,
CREATE_LINE,,,,-6323.691435:23125.000000,-6447.509500:23248.818065,152.552400,ETCH/F.CU,LED_D0,,,,,,,,,
CREATE_LINE,,,,-20639.285797:39839.637262,-20639.285797:40723.326355,152.552400,ETCH/F.CU,LED_D0,,,,,,,,,
CREATE_LINE,,,,-20639.285797:40723.326355,-22210.031809:42294.072366,152.552400,ETCH/F.CU,LED_D0,,,,,,,,,
CREATE_LINE,,,,-22210.031809:42294.072366,-22210.031809:43333.266574,152.552400,ETCH/F.CU,LED_D0,,,,,,,,,
CREATE_LINE,,,,-22210.031809:43333.266574,-21731.507776:43811.790606,152.552400,ETCH/F.CU,LED_D0,,,,,,,,,
CREATE_LINE,,,,-21731.507776:43811.790606,-20863.489767:43811.790606,152.552400,ETCH/F.CU,LED_D0,,,,,,,,,
CREATE_LINE,,,,-20863.489767:43811.790606,-20073.000000:44602.280374,152.552400,ETCH/F.CU,LED_D0,,,,,,,,,
CREATE_LINE,,,,-20073.000000:44602.280374,-20073.000000:44946.000000,152.552400,ETCH/F.CU,LED_D0,,,,,,,,,
CREATE_LINE,,,,-20073.000000:44946.000000,-20073.000000:45683.500000,152.552400,ETCH/F.CU,LED_D0,,,,,,,,,
CREATE_LINE,,,,-20073.000000:45683.500000,-20072.562500:45683.687500,152.552400,ETCH/F.CU,LED_D0,,,,,,,,,
CREATE_LINE,,,,41250.000000:-35725.000000,41250.000000:-35460.000000,152.552400,ETCH/F.CU,UG_D8,,,,,,,,,
CREATE_LINE,,,,41250.000000:-35460.000000,41821.941093:-34888.058907,152.552400,ETCH/F.CU,UG_D8,,,,,,,,,
CREATE_LINE,,,,41821.941093:-34888.058907,41938.239067:-34771.760933,152.552400,ETCH/F.CU,UG_D8,,,,,,,,,
CREATE_LINE,,,,41938.239067:-34771.760933,43233.817493:-34771.760933,152.552400,ETCH/F.CU,UG_D8,,,,,,,,,
CREATE_LINE,,,,43233.817493:-34771.760933,43528.996132:-35066.939572,152.552400,ETCH/F.CU,UG_D8,,,,,,,,,
CREATE_LINE,,,,43528.996132:-35066.939572,43528.996132:-36364.209793,152.552400,ETCH/F.CU,UG_D8,,,,,,,,,
CREATE_LINE,,,,43528.996132:-36364.209793,40801.726300:-39091.479624,152.552400,ETCH/F.CU,UG_D8,,,,,,,,,
CREATE_LINE,,,,40801.726300:-39091.479624,40497.823615:-39091.479624,152.552400,ETCH/F.CU,UG_D8,,,,,,,,,
CREATE_LINE,,,,40497.823615:-39091.479624,36839.303239:-42750.000000,152.552400,ETCH/F.CU,UG_D8,,,,,,,,,
CREATE_LINE,,,,36839.303239:-42750.000000,36400.000000:-42750.000000,152.552400,ETCH/F.CU,UG_D8,,,,,,,,,
CREATE_LINE,,,,36400.000000:-42750.000000,35725.000000:-42750.000000,152.552400,ETCH/F.CU,UG_D8,,,,,,,,,
CREATE_LINE,,,,14525.000000:13325.000000,14525.000000:14432.000000,152.552400,ETCH/F.CU,KEY5,,,,,,,,,
CREATE_LINE,,,,14525.000000:14432.000000,14525.000000:14871.303239,152.552400,ETCH/F.CU,KEY5,,,,,,,,,
CREATE_LINE,,,,14525.000000:14871.303239,13652.000000:15744.303239,152.552400,ETCH/F.CU,KEY5,,,,,,,,,
CREATE_LINE,,,,13652.000000:15744.303239,13652.000000:17265.696761,152.552400,ETCH/F.CU,KEY5,,,,,,,,,
CREATE_LINE,,,,13652.000000:17265.696761,13652.000000:17705.000000,152.552400,ETCH/F.CU,KEY5,,,,,,,,,
CREATE_LINE,,,,13652.000000:17705.000000,13652.000000:18305.000000,152.552400,ETCH/F.CU,KEY5,,,,,,,,,
CREATE_LINE,,,,13652.000000:18305.000000,13652.437500:18304.906250,152.552400,ETCH/F.CU,KEY5,,,,,,,,,
CREATE_LINE,,,,-38101.343750:45937.593750,-38101.000000:45938.000000,152.552400,ETCH/F.CU,KEY13,,,,,,,,,
CREATE_LINE,,,,-38101.000000:45938.000000,-38101.000000:45488.000000,152.552400,ETCH/F.CU,KEY13,,,,,,,,,
CREATE_LINE,,,,-38101.000000:45488.000000,-38101.000000:45316.330877,152.552400,ETCH/F.CU,KEY13,,,,,,,,,
CREATE_LINE,,,,-38101.000000:45316.330877,-38101.000000:44969.953183,152.552400,ETCH/F.CU,KEY13,,,,,,,,,
CREATE_LINE,,,,-38101.000000:44969.953183,-37628.826313:44497.779496,152.552400,ETCH/F.CU,KEY13,,,,,,,,,
CREATE_LINE,,,,-16660.062500:43271.187500,-16660.500000:43271.000000,152.552400,ETCH/F.CU,SWDIO,,,,,,,,,
CREATE_LINE,,,,-16660.500000:43271.000000,-17398.000000:43271.000000,152.552400,ETCH/F.CU,SWDIO,,,,,,,,,
CREATE_LINE,,,,-17398.000000:43271.000000,-17607.902568:43271.000000,152.552400,ETCH/F.CU,SWDIO,,,,,,,,,
CREATE_LINE,,,,-17607.902568:43271.000000,-19509.455150:41369.447418,152.552400,ETCH/F.CU,SWDIO,,,,,,,,,
CREATE_LINE,,,,-19509.455150:41369.447418,-19509.455150:39361.729779,152.552400,ETCH/F.CU,SWDIO,,,,,,,,,
CREATE_LINE,,,,-24985.062500:39771.187500,-24985.500000:39771.000000,152.552400,ETCH/F.CU,JOY_X,,,,,,,,,
CREATE_LINE,,,,-24985.500000:39771.000000,-24616.750000:39764.819050,152.552400,ETCH/F.CU,JOY_X,,,,,,,,,
CREATE_LINE,,,,-24616.750000:39764.819050,-24248.000000:39758.638100,152.552400,ETCH/F.CU,JOY_X,,,,,,,,,
CREATE_LINE,,,,-24248.000000:39758.638100,-23475.089911:40531.548189,152.552400,ETCH/F.CU,JOY_X,,,,,,,,,
CREATE_LINE,,,,-23475.089911:40531.548189,-23475.089911:40637.821029,152.552400,ETCH/F.CU,JOY_X,,,,,,,,,
CREATE_LINE,,,,-23475.089911:40637.821029,-23052.112122:41060.798818,152.552400,ETCH/F.CU,JOY_X,,,,,,,,,
CREATE_LINE,,,,-23052.112122:41060.798818,-22567.490909:41060.798818,152.552400,ETCH/F.CU,JOY_X,,,,,,,,,
CREATE_LINE,,,,-22567.490909:41060.798818,-22011.285322:40504.593231,152.552400,ETCH/F.CU,JOY_X,,,,,,,,,
CREATE_LINE,,,,-22011.285322:40504.593231,-22011.285322:39388.713118,152.552400,ETCH/F.CU,JOY_X,,,,,,,,,
CREATE_LINE,,,,-22011.285322:39388.713118,-21721.748658:39099.176454,152.552400,ETCH/F.CU,JOY_X,,,,,,,,,
CREATE_LINE,,,,1265.616855:42476.619261,-1717.368214:45459.604329,152.552400,ETCH/F.CU,KEY6,,,,,,,,,
CREATE_LINE,,,,-1717.368214:45459.604329,-8772.092431:45459.604329,152.552400,ETCH/F.CU,KEY6,,,,,,,,,
CREATE_LINE,,,,-8772.092431:45459.604329,-8836.696761:45395.000000,152.552400,ETCH/F.CU,KEY6,,,,,,,,,
CREATE_LINE,,,,-8836.696761:45395.000000,-9276.000000:45395.000000,152.552400,ETCH/F.CU,KEY6,,,,,,,,,
CREATE_LINE,,,,-9276.000000:45395.000000,-9726.000000:45395.000000,152.552400,ETCH/F.CU,KEY6,,,,,,,,,
CREATE_LINE,,,,-9726.000000:45395.000000,-9726.468750:45394.750000,152.552400,ETCH/F.CU,KEY6,,,,,,,,,
CREATE_LINE,,,,1250.000000:38955.000000,1250.000000:39680.000000,152.552400,ETCH/F.CU,CC1,,,,,,,,,
CREATE_LINE,,,,1250.000000:39680.000000,1250.000000:39947.252736,152.552400,ETCH/F.CU,CC1,,,,,,,,,
CREATE_LINE,,,,1250.000000:39947.252736,687.059899:40510.192837,152.552400,ETCH/F.CU,CC1,,,,,,,,,
CREATE_LINE,,,,687.059899:40510.192837,687.059899:40513.444501,152.552400,ETCH/F.CU,CC1,,,,,,,,,
CREATE_LINE,,,,687.059899:40513.444501,117.066452:40722.183688,152.552400,ETCH/F.CU,CC1,,,,,,,,,
CREATE_LINE,,,,117.066452:40722.183688,-812.319724:41651.569864,152.552400,ETCH/F.CU,CC1,,,,,,,,,
CREATE_LINE,,,,-812.319724:41651.569864,-5054.286491:41651.569864,152.552400,ETCH/F.CU,CC1,,,,,,,,,
CREATE_LINE,,,,-5054.286491:41651.569864,-5691.728910:41014.127445,152.552400,ETCH/F.CU,CC1,,,,,,,,,
CREATE_LINE,,,,-5691.728910:41014.127445,-5691.728910:40647.274243,152.552400,ETCH/F.CU,CC1,,,,,,,,,
CREATE_LINE,,,,-5691.728910:40647.274243,-5910.003153:40429.000000,152.552400,ETCH/F.CU,CC1,,,,,,,,,
CREATE_LINE,,,,-5910.003153:40429.000000,-7017.273255:40429.000000,152.552400,ETCH/F.CU,CC1,,,,,,,,,
CREATE_LINE,,,,-7017.273255:40429.000000,-7716.357655:39729.915600,152.552400,ETCH/F.CU,CC1,,,,,,,,,
CREATE_LINE,,,,-7716.357655:39729.915600,-13641.243807:39729.915600,152.552400,ETCH/F.CU,CC1,,,,,,,,,
CREATE_LINE,,,,-13641.243807:39729.915600,-14666.622276:40755.294069,152.552400,ETCH/F.CU,CC1,,,,,,,,,
CREATE_LINE,,,,-14666.622276:40755.294069,-14666.622276:41858.509113,152.552400,ETCH/F.CU,CC1,,,,,,,,,
CREATE_LINE,,,,-14666.622276:41858.509113,-14525.131389:42000.000000,152.552400,ETCH/F.CU,CC1,,,,,,,,,
CREATE_LINE,,,,-14525.131389:42000.000000,-10847.531800:42000.000000,152.552400,ETCH/F.CU,CC1,,,,,,,,,
CREATE_LINE,,,,-10847.531800:42000.000000,-9450.358644:43397.173156,152.552400,ETCH/F.CU,CC1,,,,,,,,,
CREATE_LINE,,,,-9450.358644:43397.173156,-6915.411256:43397.173156,152.552400,ETCH/F.CU,CC1,,,,,,,,,
CREATE_LINE,,,,-6915.411256:43397.173156,-6737.000000:43218.761900,152.552400,ETCH/F.CU,CC1,,,,,,,,,
CREATE_LINE,,,,-6737.000000:43218.761900,-6577.000000:43192.380950,152.552400,ETCH/F.CU,CC1,,,,,,,,,
CREATE_LINE,,,,-6577.000000:43192.380950,-6417.000000:43166.000000,152.552400,ETCH/F.CU,CC1,,,,,,,,,
CREATE_LINE,,,,-6417.000000:43166.000000,-6417.281250:43166.000000,152.552400,ETCH/F.CU,CC1,,,,,,,,,
CREATE_LINE,,,,-22709.998804:35615.854165,-23078.181632:35615.854165,152.552400,ETCH/F.CU,JOY_SW,,,,,,,,,
CREATE_LINE,,,,-23078.181632:35615.854165,-24985.500000:37523.172532,152.552400,ETCH/F.CU,JOY_SW,,,,,,,,,
CREATE_LINE,,,,-24985.500000:37523.172532,-24985.500000:38181.696761,152.552400,ETCH/F.CU,JOY_SW,,,,,,,,,
CREATE_LINE,,,,-24985.500000:38181.696761,-24985.500000:38621.000000,152.552400,ETCH/F.CU,JOY_SW,,,,,,,,,
CREATE_LINE,,,,-24985.500000:38621.000000,-24985.500000:38771.000000,152.552400,ETCH/F.CU,JOY_SW,,,,,,,,,
CREATE_LINE,,,,-24985.500000:38771.000000,-24985.062500:38771.187500,152.552400,ETCH/F.CU,JOY_SW,,,,,,,,,
CREATE_LINE,,,,-24350.000000:4075.000000,-23675.000000:4075.000000,152.552400,ETCH/F.CU,LED_D2,,,,,,,,,
CREATE_LINE,,,,-23675.000000:4075.000000,-23235.696761:4075.000000,152.552400,ETCH/F.CU,LED_D2,,,,,,,,,
CREATE_LINE,,,,-23235.696761:4075.000000,-20417.101270:6893.595491,152.552400,ETCH/F.CU,LED_D2,,,,,,,,,
CREATE_LINE,,,,-20417.101270:6893.595491,-10647.834933:6893.595491,152.552400,ETCH/F.CU,LED_D2,,,,,,,,,
CREATE_LINE,,,,-10647.834933:6893.595491,-8874.775298:8666.655125,152.552400,ETCH/F.CU,LED_D2,,,,,,,,,
CREATE_LINE,,,,-8874.775298:8666.655125,-8874.775298:12125.488829,152.552400,ETCH/F.CU,LED_D2,,,,,,,,,
CREATE_LINE,,,,-8874.775298:12125.488829,-12018.026627:15268.740157,152.552400,ETCH/F.CU,LED_D2,,,,,,,,,
CREATE_LINE,,,,-12018.026627:15268.740157,-12018.026627:24774.886605,152.552400,ETCH/F.CU,LED_D2,,,,,,,,,
CREATE_LINE,,,,-12018.026627:24774.886605,-10441.196554:26351.716678,152.552400,ETCH/F.CU,LED_D2,,,,,,,,,
CREATE_LINE,,,,-10441.196554:26351.716678,5458.980083:26351.716678,152.552400,ETCH/F.CU,LED_D2,,,,,,,,,
CREATE_LINE,,,,5458.980083:26351.716678,7185.696761:24625.000000,152.552400,ETCH/F.CU,LED_D2,,,,,,,,,
CREATE_LINE,,,,7185.696761:24625.000000,7625.000000:24625.000000,152.552400,ETCH/F.CU,LED_D2,,,,,,,,,
CREATE_LINE,,,,7625.000000:24625.000000,8300.000000:24625.000000,152.552400,ETCH/F.CU,LED_D2,,,,,,,,,
CREATE_LINE,,,,8275.000000:42750.000000,8950.000000:42750.000000,152.552400,ETCH/F.CU,UG_D3,,,,,,,,,
CREATE_LINE,,,,8950.000000:42750.000000,9389.303239:42750.000000,152.552400,ETCH/F.CU,UG_D3,,,,,,,,,
CREATE_LINE,,,,9389.303239:42750.000000,10133.803239:43494.500000,152.552400,ETCH/F.CU,UG_D3,,,,,,,,,
CREATE_LINE,,,,10133.803239:43494.500000,16423.946367:43494.500000,152.552400,ETCH/F.CU,UG_D3,,,,,,,,,
CREATE_LINE,,,,16423.946367:43494.500000,16819.804601:43890.358234,152.552400,ETCH/F.CU,UG_D3,,,,,,,,,
CREATE_LINE,,,,16819.804601:43890.358234,17368.130451:43890.358234,152.552400,ETCH/F.CU,UG_D3,,,,,,,,,
CREATE_LINE,,,,17368.130451:43890.358234,17823.588646:44345.816429,152.552400,ETCH/F.CU,UG_D3,,,,,,,,,
CREATE_LINE,,,,17823.588646:44345.816429,31629.580667:44345.816429,152.552400,ETCH/F.CU,UG_D3,,,,,,,,,
CREATE_LINE,,,,31629.580667:44345.816429,34725.397096:41250.000000,152.552400,ETCH/F.CU,UG_D3,,,,,,,,,
CREATE_LINE,,,,34725.397096:41250.000000,35050.000000:41250.000000,152.552400,ETCH/F.CU,UG_D3,,,,,,,,,
CREATE_LINE,,,,35050.000000:41250.000000,35725.000000:41250.000000,152.552400,ETCH/F.CU,UG_D3,,,,,,,,,
CREATE_LINE,,,,-10750.000000:-13475.000000,-10075.000000:-13475.000000,152.552400,ETCH/F.CU,LED_D8,,,,,,,,,
CREATE_LINE,,,,-10075.000000:-13475.000000,-9635.696761:-13475.000000,152.552400,ETCH/F.CU,LED_D8,,,,,,,,,
CREATE_LINE,,,,-9635.696761:-13475.000000,-8978.327945:-12817.631184,152.552400,ETCH/F.CU,LED_D8,,,,,,,,,
CREATE_LINE,,,,-8978.327945:-12817.631184,-422.746196:-12817.631184,152.552400,ETCH/F.CU,LED_D8,,,,,,,,,
CREATE_LINE,,,,-422.746196:-12817.631184,978.325893:-14218.703273,152.552400,ETCH/F.CU,LED_D8,,,,,,,,,
CREATE_LINE,,,,978.325893:-14218.703273,11879.400034:-14218.703273,152.552400,ETCH/F.CU,LED_D8,,,,,,,,,
CREATE_LINE,,,,11879.400034:-14218.703273,12635.696761:-14975.000000,152.552400,ETCH/F.CU,LED_D8,,,,,,,,,
CREATE_LINE,,,,12635.696761:-14975.000000,13075.000000:-14975.000000,152.552400,ETCH/F.CU,LED_D8,,,,,,,,,
CREATE_LINE,,,,13075.000000:-14975.000000,13750.000000:-14975.000000,152.552400,ETCH/F.CU,LED_D8,,,,,,,,,
CREATE_LINE,,,,32800.000000:4075.000000,32125.000000:4075.000000,152.552400,ETCH/F.CU,LED_D5,,,,,,,,,
CREATE_LINE,,,,32125.000000:4075.000000,31800.397096:4075.000000,152.552400,ETCH/F.CU,LED_D5,,,,,,,,,
CREATE_LINE,,,,31800.397096:4075.000000,29557.357700:6318.039396,152.552400,ETCH/F.CU,LED_D5,,,,,,,,,
CREATE_LINE,,,,29557.357700:6318.039396,10157.342636:6318.039396,152.552400,ETCH/F.CU,LED_D5,,,,,,,,,
CREATE_LINE,,,,10157.342636:6318.039396,9414.303239:5575.000000,152.552400,ETCH/F.CU,LED_D5,,,,,,,,,
CREATE_LINE,,,,9414.303239:5575.000000,8975.000000:5575.000000,152.552400,ETCH/F.CU,LED_D5,,,,,,,,,
CREATE_LINE,,,,8975.000000:5575.000000,8300.000000:5575.000000,152.552400,ETCH/F.CU,LED_D5,,,,,,,,,
CREATE_LINE,,,,32800.000000:-14975.000000,32125.000000:-14975.000000,152.552400,ETCH/F.CU,LED_D9,,,,,,,,,
CREATE_LINE,,,,32125.000000:-14975.000000,31800.397096:-14975.000000,152.552400,ETCH/F.CU,LED_D9,,,,,,,,,
CREATE_LINE,,,,31800.397096:-14975.000000,29653.275852:-12827.878755,152.552400,ETCH/F.CU,LED_D9,,,,,,,,,
CREATE_LINE,,,,29653.275852:-12827.878755,10061.424484:-12827.878755,152.552400,ETCH/F.CU,LED_D9,,,,,,,,,
CREATE_LINE,,,,10061.424484:-12827.878755,9414.303239:-13475.000000,152.552400,ETCH/F.CU,LED_D9,,,,,,,,,
CREATE_LINE,,,,9414.303239:-13475.000000,8975.000000:-13475.000000,152.552400,ETCH/F.CU,LED_D9,,,,,,,,,
CREATE_LINE,,,,8975.000000:-13475.000000,8300.000000:-13475.000000,152.552400,ETCH/F.CU,LED_D9,,,,,,,,,
CREATE_LINE,,,,8275.000000:-41250.000000,8540.000000:-41250.000000,152.552400,ETCH/F.CU,UG_D10,,,,,,,,,
CREATE_LINE,,,,8540.000000:-41250.000000,9260.634300:-41970.634300,152.552400,ETCH/F.CU,UG_D10,,,,,,,,,
CREATE_LINE,,,,9260.634300:-41970.634300,9260.634300:-43186.255617,152.552400,ETCH/F.CU,UG_D10,,,,,,,,,
CREATE_LINE,,,,9260.634300:-43186.255617,7566.419064:-44880.470852,152.552400,ETCH/F.CU,UG_D10,,,,,,,,,
CREATE_LINE,,,,7566.419064:-44880.470852,-5030.225908:-44880.470852,152.552400,ETCH/F.CU,UG_D10,,,,,,,,,
CREATE_LINE,,,,-5030.225908:-44880.470852,-7160.696761:-42750.000000,152.552400,ETCH/F.CU,UG_D10,,,,,,,,,
CREATE_LINE,,,,-7160.696761:-42750.000000,-7600.000000:-42750.000000,152.552400,ETCH/F.CU,UG_D10,,,,,,,,,
CREATE_LINE,,,,-7600.000000:-42750.000000,-8275.000000:-42750.000000,152.552400,ETCH/F.CU,UG_D10,,,,,,,,,
CREATE_LINE,,,,30275.000000:42750.000000,30950.000000:42750.000000,152.552400,ETCH/F.CU,UG_D4,,,,,,,,,
CREATE_LINE,,,,30950.000000:42750.000000,31274.602904:42750.000000,152.552400,ETCH/F.CU,UG_D4,,,,,,,,,
CREATE_LINE,,,,31274.602904:42750.000000,35256.755735:38767.847169,152.552400,ETCH/F.CU,UG_D4,,,,,,,,,
CREATE_LINE,,,,35256.755735:38767.847169,40553.821954:38767.847169,152.552400,ETCH/F.CU,UG_D4,,,,,,,,,
CREATE_LINE,,,,40553.821954:38767.847169,42750.000000:36571.669123,152.552400,ETCH/F.CU,UG_D4,,,,,,,,,
CREATE_LINE,,,,42750.000000:36571.669123,42750.000000:36400.000000,152.552400,ETCH/F.CU,UG_D4,,,,,,,,,
CREATE_LINE,,,,42750.000000:36400.000000,42750.000000:35725.000000,152.552400,ETCH/F.CU,UG_D4,,,,,,,,,
CREATE_LINE,,,,-41250.000000:35725.000000,-41250.000000:35050.000000,152.552400,ETCH/F.CU,UG_D15,,,,,,,,,
CREATE_LINE,,,,-41250.000000:35050.000000,-41250.000000:34610.696761,152.552400,ETCH/F.CU,UG_D15,,,,,,,,,
CREATE_LINE,,,,-41250.000000:34610.696761,-42104.098876:33756.597885,152.552400,ETCH/F.CU,UG_D15,,,,,,,,,
CREATE_LINE,,,,-42104.098876:33756.597885,-42104.098876:27895.806987,152.552400,ETCH/F.CU,UG_D15,,,,,,,,,
CREATE_LINE,,,,-42104.098876:27895.806987,-43036.630422:26963.275441,152.552400,ETCH/F.CU,UG_D15,,,,,,,,,
CREATE_LINE,,,,-43036.630422:26963.275441,-43036.630422:25282.340523,152.552400,ETCH/F.CU,UG_D15,,,,,,,,,
CREATE_LINE,,,,-43036.630422:25282.340523,-43856.643380:24462.327565,152.552400,ETCH/F.CU,UG_D15,,,,,,,,,
CREATE_LINE,,,,-43856.643380:24462.327565,-43856.643380:10362.129561,152.552400,ETCH/F.CU,UG_D15,,,,,,,,,
CREATE_LINE,,,,-43856.643380:10362.129561,-42750.000000:9255.486181,152.552400,ETCH/F.CU,UG_D15,,,,,,,,,
CREATE_LINE,,,,-42750.000000:9255.486181,-42750.000000:8950.000000,152.552400,ETCH/F.CU,UG_D15,,,,,,,,,
CREATE_LINE,,,,-42750.000000:8950.000000,-42750.000000:8275.000000,152.552400,ETCH/F.CU,UG_D15,,,,,,,,,
CREATE_LINE,,,,-35725.000000:-41250.000000,-35050.000000:-41250.000000,152.552400,ETCH/F.CU,UG_D12,,,,,,,,,
CREATE_LINE,,,,-35050.000000:-41250.000000,-34820.980709:-41250.000000,152.552400,ETCH/F.CU,UG_D12,,,,,,,,,
CREATE_LINE,,,,-34820.980709:-41250.000000,-34320.322564:-41750.658146,152.552400,ETCH/F.CU,UG_D12,,,,,,,,,
CREATE_LINE,,,,-34320.322564:-41750.658146,-34320.322564:-42790.208895,152.552400,ETCH/F.CU,UG_D12,,,,,,,,,
CREATE_LINE,,,,-34320.322564:-42790.208895,-35036.915718:-43506.802049,152.552400,ETCH/F.CU,UG_D12,,,,,,,,,
CREATE_LINE,,,,-35036.915718:-43506.802049,-36387.746025:-43506.802049,152.552400,ETCH/F.CU,UG_D12,,,,,,,,,
CREATE_LINE,,,,-36387.746025:-43506.802049,-42000.000000:-37894.548074,152.552400,ETCH/F.CU,UG_D12,,,,,,,,,
CREATE_LINE,,,,-42000.000000:-37894.548074,-42000.000000:-32139.303239,152.552400,ETCH/F.CU,UG_D12,,,,,,,,,
CREATE_LINE,,,,-42000.000000:-32139.303239,-41250.000000:-31389.303239,152.552400,ETCH/F.CU,UG_D12,,,,,,,,,
CREATE_LINE,,,,-41250.000000:-31389.303239,-41250.000000:-30950.000000,152.552400,ETCH/F.CU,UG_D12,,,,,,,,,
CREATE_LINE,,,,-41250.000000:-30950.000000,-41250.000000:-30275.000000,152.552400,ETCH/F.CU,UG_D12,,,,,,,,,
CREATE_LINE,,,,-25138.849810:25505.582321,-24454.684052:24821.416563,152.552400,ETCH/F.CU,KEY7,,,,,,,,,
CREATE_LINE,,,,-24454.684052:24821.416563,-18757.483926:24821.416563,152.552400,ETCH/F.CU,KEY7,,,,,,,,,
CREATE_LINE,,,,-18757.483926:24821.416563,-17212.174136:26366.726354,152.552400,ETCH/F.CU,KEY7,,,,,,,,,
CREATE_LINE,,,,-17212.174136:26366.726354,-17212.174136:29023.870896,152.552400,ETCH/F.CU,KEY7,,,,,,,,,
CREATE_LINE,,,,-17212.174136:29023.870896,-18804.000000:30615.696761,152.552400,ETCH/F.CU,KEY7,,,,,,,,,
CREATE_LINE,,,,-18804.000000:30615.696761,-18804.000000:31055.000000,152.552400,ETCH/F.CU,KEY7,,,,,,,,,
CREATE_LINE,,,,-18804.000000:31055.000000,-18804.000000:31505.000000,152.552400,ETCH/F.CU,KEY7,,,,,,,,,
CREATE_LINE,,,,-18804.000000:31505.000000,-18804.468750:31504.781250,152.552400,ETCH/F.CU,KEY7,,,,,,,,,
CREATE_LINE,,,,20610.899869:40058.405062,20610.899869:38460.899869,152.552400,ETCH/B.CU,KEY2,,,,,,,,,
CREATE_LINE,,,,20610.899869:38460.899869,15618.634300:33468.634300,152.552400,ETCH/B.CU,KEY2,,,,,,,,,
CREATE_LINE,,,,15618.634300:33468.634300,14916.500000:32766.500000,152.552400,ETCH/B.CU,KEY2,,,,,,,,,
CREATE_LINE,,,,14916.500000:32766.500000,14525.000000:32375.000000,152.552400,ETCH/B.CU,KEY2,,,,,,,,,
CREATE_LINE,,,,-21661.878938:43055.612101,-23061.820358:43055.612101,152.552400,ETCH/B.CU,UG_D0,,,,,,,,,
CREATE_LINE,,,,-23061.820358:43055.612101,-24429.012981:41688.419479,152.552400,ETCH/B.CU,UG_D0,,,,,,,,,
CREATE_LINE,,,,-24429.012981:41688.419479,-26898.484193:41688.419479,152.552400,ETCH/B.CU,UG_D0,,,,,,,,,
CREATE_LINE,,,,-21697.503111:44463.648084,-21033.165287:43799.310260,152.552400,ETCH/B.CU,BOOT0,,,,,,,,,
CREATE_LINE,,,,-21033.165287:43799.310260,-18469.457171:43799.310260,152.552400,ETCH/B.CU,BOOT0,,,,,,,,,
CREATE_LINE,,,,-18469.457171:43799.310260,-16470.577519:45798.189911,152.552400,ETCH/B.CU,BOOT0,,,,,,,,,
CREATE_LINE,,,,-18100.757848:40702.028861,-15553.962690:40702.028861,152.552400,ETCH/B.CU,COL1,,,,,,,,,
CREATE_LINE,,,,-15553.962690:40702.028861,-11868.891421:44387.100129,152.552400,ETCH/B.CU,COL1,,,,,,,,,
CREATE_LINE,,,,-11868.891421:44387.100129,-5703.907889:44387.100129,152.552400,ETCH/B.CU,COL1,,,,,,,,,
CREATE_LINE,,,,-5703.907889:44387.100129,-4935.055777:45155.952241,152.552400,ETCH/B.CU,COL1,,,,,,,,,
CREATE_LINE,,,,-4935.055777:45155.952241,-3020.539916:45155.952241,152.552400,ETCH/B.CU,COL1,,,,,,,,,
CREATE_LINE,,,,-3020.539916:45155.952241,-2584.665574:44720.077899,152.552400,ETCH/B.CU,COL1,,,,,,,,,
CREATE_LINE,,,,-2584.665574:44720.077899,1727.469604:44720.077899,152.552400,ETCH/B.CU,COL1,,,,,,,,,
CREATE_LINE,,,,1727.469604:44720.077899,3442.761025:43004.786478,152.552400,ETCH/B.CU,COL1,,,,,,,,,
CREATE_LINE,,,,3442.761025:43004.786478,6133.147447:43004.786478,152.552400,ETCH/B.CU,COL1,,,,,,,,,
CREATE_LINE,,,,6133.147447:43004.786478,7418.869545:41719.064380,152.552400,ETCH/B.CU,COL1,,,,,,,,,
CREATE_LINE,,,,7418.869545:41719.064380,10773.355241:41719.064380,152.552400,ETCH/B.CU,COL1,,,,,,,,,
CREATE_LINE,,,,10773.355241:41719.064380,11881.094088:40611.325533,152.552400,ETCH/B.CU,COL1,,,,,,,,,
CREATE_LINE,,,,11881.094088:40611.325533,24203.146116:40611.325533,152.552400,ETCH/B.CU,COL1,,,,,,,,,
CREATE_LINE,,,,24203.146116:40611.325533,24424.664470:40389.807179,152.552400,ETCH/B.CU,COL1,,,,,,,,,
CREATE_LINE,,,,-2367.334566:40159.954356,-2367.334566:39871.172060,152.552400,ETCH/B.CU,CC2,,,,,,,,,
CREATE_LINE,,,,-2367.334566:39871.172060,-3735.482843:38503.023783,152.552400,ETCH/B.CU,CC2,,,,,,,,,
CREATE_LINE,,,,-3735.482843:38503.023783,-5951.147045:38503.023783,152.552400,ETCH/B.CU,CC2,,,,,,,,,
CREATE_LINE,,,,-5951.147045:38503.023783,-6596.405378:39148.282116,152.552400,ETCH/B.CU,CC2,,,,,,,,,
CREATE_LINE,,,,-2386.799945:37746.768450,-1855.332759:37215.301265,152.552400,ETCH/B.CU,VBUS,,,,,,,,,
CREATE_LINE,,,,-1855.332759:37215.301265,647.089976:37215.301265,152.552400,ETCH/B.CU,VBUS,,,,,,,,,
CREATE_LINE,,,,1378.075470:-42967.636328,1378.075470:-36358.808080,152.552400,ETCH/B.CU,COL3,,,,,,,,,
CREATE_LINE,,,,1378.075470:-36358.808080,5476.667551:-32260.215998,152.552400,ETCH/B.CU,COL3,,,,,,,,,
CREATE_LINE,,,,5476.667551:-32260.215998,5476.667551:-4019.987533,152.552400,ETCH/B.CU,COL3,,,,,,,,,
CREATE_LINE,,,,5476.667551:-4019.987533,-1949.487362:3406.167381,152.552400,ETCH/B.CU,COL3,,,,,,,,,
CREATE_LINE,,,,-1949.487362:3406.167381,-1949.487362:7098.048186,152.552400,ETCH/B.CU,COL3,,,,,,,,,
CREATE_LINE,,,,-1949.487362:7098.048186,-2869.223983:8017.784807,152.552400,ETCH/B.CU,COL3,,,,,,,,,
CREATE_LINE,,,,-2869.223983:8017.784807,-8515.240733:8017.784807,152.552400,ETCH/B.CU,COL3,,,,,,,,,
CREATE_LINE,,,,-8515.240733:8017.784807,-9434.977354:8937.521427,152.552400,ETCH/B.CU,COL3,,,,,,,,,
CREATE_LINE,,,,-22086.089826:35014.308093,-21602.790339:34531.008606,152.552400,ETCH/B.CU,COL3,,,,,,,,,
CREATE_LINE,,,,-21602.790339:34531.008606,-17645.800807:34531.008606,152.552400,ETCH/B.CU,COL3,,,,,,,,,
CREATE_LINE,,,,-17645.800807:34531.008606,-16679.201834:33564.409632,152.552400,ETCH/B.CU,COL3,,,,,,,,,
CREATE_LINE,,,,-1090.687187:-647.142386,-5010.781912:3272.952338,152.552400,ETCH/B.CU,LED_D4,,,,,,,,,
CREATE_LINE,,,,-5010.781912:3272.952338,-5010.781912:3421.331478,152.552400,ETCH/B.CU,LED_D4,,,,,,,,,
CREATE_LINE,,,,-5010.781912:3421.331478,-7466.148089:5876.697655,152.552400,ETCH/B.CU,LED_D4,,,,,,,,,
CREATE_LINE,,,,-7466.148089:5876.697655,-8937.563280:5876.697655,152.552400,ETCH/B.CU,LED_D4,,,,,,,,,
CREATE_LINE,,,,-24260.999918:34464.176368,-24260.999918:32407.584972,152.552400,ETCH/B.CU,ROW0,,,,,,,,,
CREATE_LINE,,,,-24260.999918:32407.584972,-10618.634300:18765.219353,152.552400,ETCH/B.CU,ROW0,,,,,,,,,
CREATE_LINE,,,,-10618.634300:18765.219353,-10618.634300:16518.634300,152.552400,ETCH/B.CU,ROW0,,,,,,,,,
CREATE_LINE,,,,-10618.634300:16518.634300,-9916.500000:15816.500000,152.552400,ETCH/B.CU,ROW0,,,,,,,,,
CREATE_LINE,,,,-9916.500000:15816.500000,-9525.000000:15425.000000,152.552400,ETCH/B.CU,ROW0,,,,,,,,,
CREATE_LINE,,,,-9525.000000:15425.000000,-10632.000000:15425.000000,152.552400,ETCH/B.CU,ROW0,,,,,,,,,
CREATE_LINE,,,,-10632.000000:15425.000000,-11071.303239:15425.000000,152.552400,ETCH/B.CU,ROW0,,,,,,,,,
CREATE_LINE,,,,-11071.303239:15425.000000,-15308.359007:19662.055768,152.552400,ETCH/B.CU,ROW0,,,,,,,,,
CREATE_LINE,,,,-15308.359007:19662.055768,-16397.404714:19662.055768,152.552400,ETCH/B.CU,ROW0,,,,,,,,,
CREATE_LINE,,,,5125.556644:30986.199614,-6036.199614:30986.199614,152.552400,ETCH/B.CU,ROW0,,,,,,,,,
CREATE_LINE,,,,-6036.199614:30986.199614,-8431.365700:33381.365700,152.552400,ETCH/B.CU,ROW0,,,,,,,,,
CREATE_LINE,,,,-8431.365700:33381.365700,-9133.500000:34083.500000,152.552400,ETCH/B.CU,ROW0,,,,,,,,,
CREATE_LINE,,,,-9133.500000:34083.500000,-9525.000000:34475.000000,152.552400,ETCH/B.CU,ROW0,,,,,,,,,
CREATE_LINE,,,,41794.209340:17612.087169,37910.444409:13728.322238,152.552400,ETCH/B.CU,KEY10,,,,,,,,,
CREATE_LINE,,,,37910.444409:13728.322238,37910.444409:156.747648,152.552400,ETCH/B.CU,KEY10,,,,,,,,,
CREATE_LINE,,,,37910.444409:156.747648,33575.000000:-4178.696761,152.552400,ETCH/B.CU,KEY10,,,,,,,,,
CREATE_LINE,,,,33575.000000:-4178.696761,33575.000000:-4618.000000,152.552400,ETCH/B.CU,KEY10,,,,,,,,,
CREATE_LINE,,,,33575.000000:-4618.000000,33575.000000:-5725.000000,152.552400,ETCH/B.CU,KEY10,,,,,,,,,
CREATE_LINE,,,,28575.000000:15425.000000,27468.000000:15425.000000,152.552400,ETCH/B.CU,ROW1,,,,,,,,,
CREATE_LINE,,,,27468.000000:15425.000000,27028.696761:15425.000000,152.552400,ETCH/B.CU,ROW1,,,,,,,,,
CREATE_LINE,,,,27028.696761:15425.000000,11071.303239:15425.000000,152.552400,ETCH/B.CU,ROW1,,,,,,,,,
CREATE_LINE,,,,11071.303239:15425.000000,10632.000000:15425.000000,152.552400,ETCH/B.CU,ROW1,,,,,,,,,
CREATE_LINE,,,,10632.000000:15425.000000,9525.000000:15425.000000,152.552400,ETCH/B.CU,ROW1,,,,,,,,,
CREATE_LINE,,,,9525.000000:15425.000000,9133.500000:15816.500000,152.552400,ETCH/B.CU,ROW1,,,,,,,,,
CREATE_LINE,,,,9133.500000:15816.500000,8431.365700:16518.634300,152.552400,ETCH/B.CU,ROW1,,,,,,,,,
CREATE_LINE,,,,8431.365700:16518.634300,5729.079144:16518.634300,152.552400,ETCH/B.CU,ROW1,,,,,,,,,
CREATE_LINE,,,,5729.079144:16518.634300,-3583.629762:25831.343206,152.552400,ETCH/B.CU,ROW1,,,,,,,,,
CREATE_LINE,,,,-3583.629762:25831.343206,-12875.321440:25831.343206,152.552400,ETCH/B.CU,ROW1,,,,,,,,,
CREATE_LINE,,,,-12875.321440:25831.343206,-20687.014076:33643.035841,152.552400,ETCH/B.CU,ROW1,,,,,,,,,
CREATE_LINE,,,,-20687.014076:33643.035841,-22077.463194:33643.035841,152.552400,ETCH/B.CU,ROW1,,,,,,,,,
CREATE_LINE,,,,-22077.463194:33643.035841,-22729.267006:34294.839653,152.552400,ETCH/B.CU,ROW1,,,,,,,,,
CREATE_LINE,,,,-22729.267006:34294.839653,-22973.842389:34779.410198,152.552400,ETCH/B.CU,ROW1,,,,,,,,,
CREATE_LINE,,,,-22973.842389:34779.410198,-23096.130081:34901.697890,152.552400,ETCH/B.CU,ROW1,,,,,,,,,
CREATE_LINE,,,,-23096.130081:34901.697890,-23096.130081:35141.693050,152.552400,ETCH/B.CU,ROW1,,,,,,,,,
CREATE_LINE,,,,-23096.130081:35141.693050,-23258.980954:35304.543923,152.552400,ETCH/B.CU,ROW1,,,,,,,,,
CREATE_LINE,,,,-23258.980954:35304.543923,-23258.980954:35849.523512,152.552400,ETCH/B.CU,ROW1,,,,,,,,,
CREATE_LINE,,,,-23258.980954:35849.523512,-22928.741838:36179.762628,152.552400,ETCH/B.CU,ROW1,,,,,,,,,
CREATE_LINE,,,,-22928.741838:36179.762628,-21335.030167:36179.762628,152.552400,ETCH/B.CU,ROW1,,,,,,,,,
CREATE_LINE,,,,-21335.030167:36179.762628,-20630.258616:35474.991078,152.552400,ETCH/B.CU,ROW1,,,,,,,,,
CREATE_LINE,,,,-9525.000000:-3625.000000,-10632.000000:-3625.000000,152.552400,ETCH/B.CU,ROW1,,,,,,,,,
CREATE_LINE,,,,-10632.000000:-3625.000000,-11071.303239:-3625.000000,152.552400,ETCH/B.CU,ROW1,,,,,,,,,
CREATE_LINE,,,,-11071.303239:-3625.000000,-14510.961664:-7064.658424,152.552400,ETCH/B.CU,ROW1,,,,,,,,,
CREATE_LINE,,,,-14510.961664:-7064.658424,-25135.341576:-7064.658424,152.552400,ETCH/B.CU,ROW1,,,,,,,,,
CREATE_LINE,,,,-25135.341576:-7064.658424,-27481.365700:-4718.634300,152.552400,ETCH/B.CU,ROW1,,,,,,,,,
CREATE_LINE,,,,-27481.365700:-4718.634300,-28183.500000:-4016.500000,152.552400,ETCH/B.CU,ROW1,,,,,,,,,
CREATE_LINE,,,,-28183.500000:-4016.500000,-28575.000000:-3625.000000,152.552400,ETCH/B.CU,ROW1,,,,,,,,,
CREATE_LINE,,,,14852.924198:-43351.906998,16857.714360:-41347.116836,152.552400,ETCH/B.CU,UG_D9,,,,,,,,,
CREATE_LINE,,,,16857.714360:-41347.116836,29121.348438:-41347.116836,152.552400,ETCH/B.CU,UG_D9,,,,,,,,,
CREATE_LINE,,,,41895.322999:-22897.114966,40871.524034:-21873.316001,152.552400,ETCH/B.CU,UG_D7,,,,,,,,,
CREATE_LINE,,,,40871.524034:-21873.316001,40871.524034:-14867.874970,152.552400,ETCH/B.CU,UG_D7,,,,,,,,,
CREATE_LINE,,,,4518.864603:-42949.843866,4518.864603:-34781.135397,152.552400,ETCH/B.CU,KEY12,,,,,,,,,
CREATE_LINE,,,,4518.864603:-34781.135397,13431.365700:-25868.634300,152.552400,ETCH/B.CU,KEY12,,,,,,,,,
CREATE_LINE,,,,13431.365700:-25868.634300,14133.500000:-25166.500000,152.552400,ETCH/B.CU,KEY12,,,,,,,,,
CREATE_LINE,,,,14133.500000:-25166.500000,14525.000000:-24775.000000,152.552400,ETCH/B.CU,KEY12,,,,,,,,,
CREATE_LINE,,,,13993.803771:-31650.795417,17250.297486:-34907.289131,152.552400,ETCH/B.CU,LED_D12,,,,,,,,,
CREATE_LINE,,,,17250.297486:-34907.289131,32553.762193:-34907.289131,152.552400,ETCH/B.CU,LED_D12,,,,,,,,,
CREATE_LINE,,,,-1146.865405:-5897.262295,-10123.762325:-14874.159215,152.552400,ETCH/B.CU,LED_D6,,,,,,,,,
CREATE_LINE,,,,-10123.762325:-14874.159215,-23202.204931:-14874.159215,152.552400,ETCH/B.CU,LED_D6,,,,,,,,,
CREATE_LINE,,,,-17813.007600:-12122.984383,-18399.452473:-11536.539510,152.552400,ETCH/B.CU,LED_D7,,,,,,,,,
CREATE_LINE,,,,-18399.452473:-11536.539510,-26366.020641:-11536.539510,152.552400,ETCH/B.CU,LED_D7,,,,,,,,,
CREATE_LINE,,,,-41360.475777:18149.428653,-37716.943289:14505.896166,152.552400,ETCH/B.CU,COL2,,,,,,,,,
CREATE_LINE,,,,-37716.943289:14505.896166,-37716.943289:-25466.546132,152.552400,ETCH/B.CU,COL2,,,,,,,,,
CREATE_LINE,,,,-14549.394789:38901.484323,-14998.474806:38452.404307,152.552400,ETCH/B.CU,ENC_B,,,,,,,,,
CREATE_LINE,,,,-14998.474806:38452.404307,-15569.104788:38452.404307,152.552400,ETCH/B.CU,ENC_B,,,,,,,,,
CREATE_LINE,,,,-15569.104788:38452.404307,-16862.422544:37159.086551,152.552400,ETCH/B.CU,ENC_B,,,,,,,,,
CREATE_LINE,,,,-16862.422544:37159.086551,-16862.422544:35343.822820,152.552400,ETCH/B.CU,ENC_B,,,,,,,,,
CREATE_LINE,,,,-16862.422544:35343.822820,-16080.555036:34561.955311,152.552400,ETCH/B.CU,ENC_B,,,,,,,,,
CREATE_LINE,,,,-16080.555036:34561.955311,-16080.555036:33385.759890,152.552400,ETCH/B.CU,ENC_B,,,,,,,,,
CREATE_LINE,,,,-16080.555036:33385.759890,-16460.739486:33005.575440,152.552400,ETCH/B.CU,ENC_B,,,,,,,,,
CREATE_LINE,,,,-16460.739486:33005.575440,-18621.004089:33005.575440,152.552400,ETCH/B.CU,ENC_B,,,,,,,,,
CREATE_LINE,,,,-18621.004089:33005.575440,-18776.140221:33160.711572,152.552400,ETCH/B.CU,ENC_B,,,,,,,,,
CREATE_LINE,,,,5405.578348:24776.112347,7268.345651:22913.345044,152.552400,ETCH/B.CU,LED_D1,,,,,,,,,
CREATE_LINE,,,,7268.345651:22913.345044,12594.918426:22913.345044,152.552400,ETCH/B.CU,LED_D1,,,,,,,,,
CREATE_LINE,,,,-15624.720380:10047.196967,-8751.011362:3173.487948,152.552400,ETCH/B.CU,LED_D3,,,,,,,,,
CREATE_LINE,,,,-8751.011362:3173.487948,-5623.819420:3173.487948,152.552400,ETCH/B.CU,LED_D3,,,,,,,,,
CREATE_LINE,,,,8893.424870:-7726.583369,9525.000000:-8358.158498,152.552400,ETCH/B.CU,ROW2,,,,,,,,,
CREATE_LINE,,,,9525.000000:-8358.158498,9525.000000:-21128.696761,152.552400,ETCH/B.CU,ROW2,,,,,,,,,
CREATE_LINE,,,,9525.000000:-21128.696761,9525.000000:-21568.000000,152.552400,ETCH/B.CU,ROW2,,,,,,,,,
CREATE_LINE,,,,9525.000000:-21568.000000,9525.000000:-22675.000000,152.552400,ETCH/B.CU,ROW2,,,,,,,,,
CREATE_LINE,,,,4901.430920:-22514.541166,4740.972086:-22675.000000,152.552400,ETCH/B.CU,ROW2,,,,,,,,,
CREATE_LINE,,,,4740.972086:-22675.000000,-7978.696761:-22675.000000,152.552400,ETCH/B.CU,ROW2,,,,,,,,,
CREATE_LINE,,,,-7978.696761:-22675.000000,-8418.000000:-22675.000000,152.552400,ETCH/B.CU,ROW2,,,,,,,,,
CREATE_LINE,,,,-8418.000000:-22675.000000,-9525.000000:-22675.000000,152.552400,ETCH/B.CU,ROW2,,,,,,,,,
CREATE_LINE,,,,9525.000000:-3625.000000,9133.500000:-3233.500000,152.552400,ETCH/B.CU,ROW2,,,,,,,,,
CREATE_LINE,,,,9133.500000:-3233.500000,8431.365700:-2531.365700,152.552400,ETCH/B.CU,ROW2,,,,,,,,,
CREATE_LINE,,,,8431.365700:-2531.365700,8431.365700:-1979.532248,152.552400,ETCH/B.CU,ROW2,,,,,,,,,
CREATE_LINE,,,,8431.365700:-1979.532248,-3785.418430:10237.251883,152.552400,ETCH/B.CU,ROW2,,,,,,,,,
CREATE_LINE,,,,-3785.418430:10237.251883,-8272.309784:10237.251883,152.552400,ETCH/B.CU,ROW2,,,,,,,,,
CREATE_LINE,,,,-8272.309784:10237.251883,-18665.301393:20630.243492,152.552400,ETCH/B.CU,ROW2,,,,,,,,,
CREATE_LINE,,,,-18665.301393:20630.243492,-18665.301393:25669.180059,152.552400,ETCH/B.CU,ROW2,,,,,,,,,
CREATE_LINE,,,,-18665.301393:25669.180059,-24890.223633:31894.102298,152.552400,ETCH/B.CU,ROW2,,,,,,,,,
CREATE_LINE,,,,-24890.223633:31894.102298,-24890.223633:37145.233367,152.552400,ETCH/B.CU,ROW2,,,,,,,,,
CREATE_LINE,,,,-24890.223633:37145.233367,-24184.316084:37851.140915,152.552400,ETCH/B.CU,ROW2,,,,,,,,,
CREATE_LINE,,,,42958.631580:-7109.254467,42958.631580:5394.154155,152.552400,ETCH/B.CU,UG_D6,,,,,,,,,
CREATE_LINE,,,,42958.631580:5394.154155,41216.197301:7136.588434,152.552400,ETCH/B.CU,UG_D6,,,,,,,,,
CREATE_LINE,,,,-40112.851371:39769.287799,-40112.851371:36664.722250,152.552400,ETCH/B.CU,TOUCH,,,,,,,,,
CREATE_LINE,,,,-40112.851371:36664.722250,-44417.476155:32360.097466,152.552400,ETCH/B.CU,TOUCH,,,,,,,,,
CREATE_LINE,,,,-44417.476155:32360.097466,-44417.476155:24026.423083,152.552400,ETCH/B.CU,TOUCH,,,,,,,,,
CREATE_LINE,,,,-44417.476155:24026.423083,-34030.148650:13639.095578,152.552400,ETCH/B.CU,TOUCH,,,,,,,,,
CREATE_LINE,,,,-34030.148650:13639.095578,-34030.148650:-16733.049267,152.552400,ETCH/B.CU,TOUCH,,,,,,,,,
CREATE_LINE,,,,-34030.148650:-16733.049267,-27203.753430:-23559.444488,152.552400,ETCH/B.CU,TOUCH,,,,,,,,,
CREATE_LINE,,,,-36632.039415:-23229.938743,-35086.978158:-24775.000000,152.552400,ETCH/B.CU,KEY11,,,,,,,,,
CREATE_LINE,,,,-35086.978158:-24775.000000,-6071.303239:-24775.000000,152.552400,ETCH/B.CU,KEY11,,,,,,,,,
CREATE_LINE,,,,-6071.303239:-24775.000000,-5632.000000:-24775.000000,152.552400,ETCH/B.CU,KEY11,,,,,,,,,
CREATE_LINE,,,,-5632.000000:-24775.000000,-4525.000000:-24775.000000,152.552400,ETCH/B.CU,KEY11,,,,,,,,,
CREATE_LINE,,,,-23575.000000:-5725.000000,-23575.000000:-4618.000000,152.552400,ETCH/B.CU,KEY7,,,,,,,,,
CREATE_LINE,,,,-23575.000000:-4618.000000,-23575.000000:-4178.696761,152.552400,ETCH/B.CU,KEY7,,,,,,,,,
CREATE_LINE,,,,-23575.000000:-4178.696761,-22214.402746:-2818.099506,152.552400,ETCH/B.CU,KEY7,,,,,,,,,
CREATE_LINE,,,,-22214.402746:-2818.099506,-22214.402746:18203.870385,152.552400,ETCH/B.CU,KEY7,,,,,,,,,
CREATE_LINE,,,,-22214.402746:18203.870385,-25138.849810:21128.317449,152.552400,ETCH/B.CU,KEY7,,,,,,,,,
CREATE_LINE,,,,-25138.849810:21128.317449,-25138.849810:25505.582321,152.552400,ETCH/B.CU,KEY7,,,,,,,,,
CREATE_LINE,,,,9196.272456:21150.669551,7948.424207:22398.517799,152.552400,ETCH/B.CU,COL0,,,,,,,,,
CREATE_LINE,,,,7948.424207:22398.517799,6205.734105:22398.517799,152.552400,ETCH/B.CU,COL0,,,,,,,,,
CREATE_LINE,,,,6205.734105:22398.517799,-33.507135:28637.759039,152.552400,ETCH/B.CU,COL0,,,,,,,,,
CREATE_LINE,,,,-33.507135:28637.759039,-8782.079685:28637.759039,152.552400,ETCH/B.CU,COL0,,,,,,,,,
CREATE_LINE,,,,-8782.079685:28637.759039,-16496.539098:36352.218452,152.552400,ETCH/B.CU,COL0,,,,,,,,,
CREATE_LINE,,,,-16496.539098:36352.218452,-16496.539098:36928.205826,152.552400,ETCH/B.CU,COL0,,,,,,,,,
CREATE_LINE,,,,-16496.539098:36928.205826,-15930.528226:37494.216698,152.552400,ETCH/B.CU,COL0,,,,,,,,,
CREATE_LINE,,,,-15930.528226:37494.216698,-15592.294942:37494.216698,152.552400,ETCH/B.CU,COL0,,,,,,,,,
CREATE_LINE,,,,-15592.294942:37494.216698,-15126.568350:37959.943289,152.552400,ETCH/B.CU,COL0,,,,,,,,,
CREATE_LINE,,,,-15126.568350:37959.943289,-9903.453868:37959.943289,152.552400,ETCH/B.CU,COL0,,,,,,,,,
CREATE_LINE,,,,-19509.455150:39361.729779,-20406.390218:38464.794711,152.552400,ETCH/B.CU,SWDIO,,,,,,,,,
CREATE_LINE,,,,-20406.390218:38464.794711,-27788.994737:38464.794711,152.552400,ETCH/B.CU,SWDIO,,,,,,,,,
CREATE_LINE,,,,-27788.994737:38464.794711,-30892.391524:41568.191497,152.552400,ETCH/B.CU,SWDIO,,,,,,,,,
CREATE_LINE,,,,-30892.391524:41568.191497,-33273.664328:41568.191497,152.552400,ETCH/B.CU,SWDIO,,,,,,,,,
CREATE_LINE,,,,-33273.664328:41568.191497,-34489.737419:42784.264588,152.552400,ETCH/B.CU,SWDIO,,,,,,,,,
CREATE_LINE,,,,-34489.737419:42784.264588,-34489.737419:44236.994035,152.552400,ETCH/B.CU,SWDIO,,,,,,,,,
CREATE_LINE,,,,-34489.737419:44236.994035,-35103.250000:44850.000000,152.552400,ETCH/B.CU,SWDIO,,,,,,,,,
CREATE_LINE,,,,-35103.250000:44850.000000,-35406.000000:45152.500000,152.552400,ETCH/B.CU,SWDIO,,,,,,,,,
CREATE_LINE,,,,-35406.000000:45152.500000,-35405.875000:45152.562500,152.552400,ETCH/B.CU,SWDIO,,,,,,,,,
CREATE_LINE,,,,-18847.446199:44439.320896,-19421.922019:45013.796716,152.552400,ETCH/B.CU,SWCLK,,,,,,,,,
CREATE_LINE,,,,-19421.922019:45013.796716,-26304.422578:45013.796716,152.552400,ETCH/B.CU,SWCLK,,,,,,,,,
CREATE_LINE,,,,-26304.422578:45013.796716,-27290.349302:44027.869992,152.552400,ETCH/B.CU,SWCLK,,,,,,,,,
CREATE_LINE,,,,-27290.349302:44027.869992,-31740.747379:44027.869992,152.552400,ETCH/B.CU,SWCLK,,,,,,,,,
CREATE_LINE,,,,-31740.747379:44027.869992,-32112.015177:44399.137790,152.552400,ETCH/B.CU,SWCLK,,,,,,,,,
CREATE_LINE,,,,-32112.015177:44399.137790,-32563.250000:44850.000000,152.552400,ETCH/B.CU,SWCLK,,,,,,,,,
CREATE_LINE,,,,-32563.250000:44850.000000,-32866.000000:45152.500000,152.552400,ETCH/B.CU,SWCLK,,,,,,,,,
CREATE_LINE,,,,-32866.000000:45152.500000,-32865.875000:45152.562500,152.552400,ETCH/B.CU,SWCLK,,,,,,,,,
CREATE_LINE,,,,-17889.256103:42203.239978,-20636.441301:42203.239978,152.552400,ETCH/B.CU,ENC_SW,,,,,,,,,
CREATE_LINE,,,,-20636.441301:42203.239978,-22199.551926:40640.129353,152.552400,ETCH/B.CU,ENC_SW,,,,,,,,,
CREATE_LINE,,,,-22199.551926:40640.129353,-22199.551926:40361.753817,152.552400,ETCH/B.CU,ENC_SW,,,,,,,,,
CREATE_LINE,,,,-22199.551926:40361.753817,-22581.617108:39979.688636,152.552400,ETCH/B.CU,ENC_SW,,,,,,,,,
CREATE_LINE,,,,-22581.617108:39979.688636,-22821.076827:39927.639363,152.552400,ETCH/B.CU,ENC_SW,,,,,,,,,
CREATE_LINE,,,,-22821.076827:39927.639363,-23172.739977:39927.639363,152.552400,ETCH/B.CU,ENC_SW,,,,,,,,,
CREATE_LINE,,,,-23172.739977:39927.639363,-23375.132326:40130.031712,152.552400,ETCH/B.CU,ENC_SW,,,,,,,,,
CREATE_LINE,,,,-23375.132326:40130.031712,-23375.132326:40792.226249,152.552400,ETCH/B.CU,ENC_SW,,,,,,,,,
CREATE_LINE,,,,-23375.132326:40792.226249,-22509.227320:41658.131255,152.552400,ETCH/B.CU,ENC_SW,,,,,,,,,
CREATE_LINE,,,,-22509.227320:41658.131255,-22233.802191:41658.131255,152.552400,ETCH/B.CU,ENC_SW,,,,,,,,,
CREATE_LINE,,,,-22233.802191:41658.131255,-21005.594244:42886.339202,152.552400,ETCH/B.CU,ENC_SW,,,,,,,,,
CREATE_LINE,,,,-21005.594244:42886.339202,-21005.594244:43235.029342,152.552400,ETCH/B.CU,ENC_SW,,,,,,,,,
CREATE_LINE,,,,-21005.594244:43235.029342,-21500.891803:43730.326901,152.552400,ETCH/B.CU,ENC_SW,,,,,,,,,
CREATE_LINE,,,,-21500.891803:43730.326901,-26676.286201:43730.326901,152.552400,ETCH/B.CU,ENC_SW,,,,,,,,,
CREATE_LINE,,,,-26676.286201:43730.326901,-26824.887461:43581.725641,152.552400,ETCH/B.CU,ENC_SW,,,,,,,,,
CREATE_LINE,,,,-21075.000000:26075.000000,-21431.000000:26431.000000,152.552400,ETCH/B.CU,ENC_SW,,,,,,,,,
CREATE_LINE,,,,-21431.000000:26431.000000,-22097.634300:27097.634300,152.552400,ETCH/B.CU,ENC_SW,,,,,,,,,
CREATE_LINE,,,,-22097.634300:27097.634300,-23612.687374:27097.634300,152.552400,ETCH/B.CU,ENC_SW,,,,,,,,,
CREATE_LINE,,,,-23612.687374:27097.634300,-31411.564408:34896.511334,152.552400,ETCH/B.CU,ENC_SW,,,,,,,,,
CREATE_LINE,,,,-31411.564408:34896.511334,-31411.564408:40969.819127,152.552400,ETCH/B.CU,ENC_SW,,,,,,,,,
CREATE_LINE,,,,-23780.027839:43106.793782,-23860.375025:43026.446597,152.552400,ETCH/B.CU,NRST,,,,,,,,,
CREATE_LINE,,,,-23860.375025:43026.446597,-28720.907377:43026.446597,152.552400,ETCH/B.CU,NRST,,,,,,,,,
CREATE_LINE,,,,-28720.907377:43026.446597,-29391.417656:43696.956876,152.552400,ETCH/B.CU,NRST,,,,,,,,,
CREATE_LINE,,,,-29391.417656:43696.956876,-32603.470054:43696.956876,152.552400,ETCH/B.CU,NRST,,,,,,,,,
CREATE_LINE,,,,-32603.470054:43696.956876,-32738.944240:43832.431061,152.552400,ETCH/B.CU,NRST,,,,,,,,,
CREATE_LINE,,,,-18206.929179:41498.794634,-20898.246782:41498.794634,152.552400,ETCH/B.CU,ENC_A,,,,,,,,,
CREATE_LINE,,,,-20898.246782:41498.794634,-21595.947766:40801.093650,152.552400,ETCH/B.CU,ENC_A,,,,,,,,,
CREATE_LINE,,,,-21595.947766:40801.093650,-21978.337192:39971.390747,152.552400,ETCH/B.CU,ENC_A,,,,,,,,,
CREATE_LINE,,,,-21978.337192:39971.390747,-22623.026128:39571.821929,152.552400,ETCH/B.CU,ENC_A,,,,,,,,,
CREATE_LINE,,,,-22623.026128:39571.821929,-26928.490374:39571.821929,152.552400,ETCH/B.CU,ENC_A,,,,,,,,,
CREATE_LINE,,,,-26928.490374:39571.821929,-30647.126683:43290.458238,152.552400,ETCH/B.CU,ENC_A,,,,,,,,,
CREATE_LINE,,,,-30647.126683:43290.458238,-33014.536782:43290.458238,152.552400,ETCH/B.CU,ENC_A,,,,,,,,,
CREATE_LINE,,,,-33014.536782:43290.458238,-34116.424095:44392.345551,152.552400,ETCH/B.CU,ENC_A,,,,,,,,,
CREATE_LINE,,,,-34116.424095:44392.345551,-34116.424095:45556.063287,152.552400,ETCH/B.CU,ENC_A,,,,,,,,,
CREATE_LINE,,,,-34116.424095:45556.063287,-34829.089938:46268.729130,152.552400,ETCH/B.CU,ENC_A,,,,,,,,,
CREATE_LINE,,,,-34829.089938:46268.729130,-36724.417379:46268.729130,152.552400,ETCH/B.CU,ENC_A,,,,,,,,,
CREATE_LINE,,,,-36724.417379:46268.729130,-38166.559650:44826.586859,152.552400,ETCH/B.CU,ENC_A,,,,,,,,,
CREATE_LINE,,,,-38166.559650:44826.586859,-38166.559650:35112.862890,152.552400,ETCH/B.CU,ENC_A,,,,,,,,,
CREATE_LINE,,,,-38166.559650:35112.862890,-35575.000000:32521.303239,152.552400,ETCH/B.CU,ENC_A,,,,,,,,,
CREATE_LINE,,,,-35575.000000:32521.303239,-35575.000000:32082.000000,152.552400,ETCH/B.CU,ENC_A,,,,,,,,,
CREATE_LINE,,,,-35575.000000:32082.000000,-35575.000000:31075.000000,152.552400,ETCH/B.CU,ENC_A,,,,,,,,,
CREATE_LINE,,,,-22832.799272:40489.227445,-20634.189358:42687.837359,152.552400,ETCH/B.CU,JOY_Y,,,,,,,,,
CREATE_LINE,,,,-20634.189358:42687.837359,-18396.713630:42687.837359,152.552400,ETCH/B.CU,JOY_Y,,,,,,,,,
CREATE_LINE,,,,-18396.713630:42687.837359,-16055.987676:45028.563313,152.552400,ETCH/B.CU,JOY_Y,,,,,,,,,
CREATE_LINE,,,,-16055.987676:45028.563313,-10099.132197:45028.563313,152.552400,ETCH/B.CU,JOY_Y,,,,,,,,,
CREATE_LINE,,,,-10099.132197:45028.563313,-9550.645343:45577.050166,152.552400,ETCH/B.CU,JOY_Y,,,,,,,,,
CREATE_LINE,,,,-9550.645343:45577.050166,5127.310828:45577.050166,152.552400,ETCH/B.CU,JOY_Y,,,,,,,,,
CREATE_LINE,,,,5127.310828:45577.050166,5531.219847:45173.141147,152.552400,ETCH/B.CU,JOY_Y,,,,,,,,,
CREATE_LINE,,,,5531.219847:45173.141147,12463.606057:45173.141147,152.552400,ETCH/B.CU,JOY_Y,,,,,,,,,
CREATE_LINE,,,,12463.606057:45173.141147,15446.611138:42190.136066,152.552400,ETCH/B.CU,JOY_Y,,,,,,,,,
CREATE_LINE,,,,15446.611138:42190.136066,23387.167699:42190.136066,152.552400,ETCH/B.CU,JOY_Y,,,,,,,,,
CREATE_LINE,,,,23387.167699:42190.136066,28142.180953:37435.122812,152.552400,ETCH/B.CU,JOY_Y,,,,,,,,,
CREATE_LINE,,,,28142.180953:37435.122812,28142.180953:32757.819047,152.552400,ETCH/B.CU,JOY_Y,,,,,,,,,
CREATE_LINE,,,,28142.180953:32757.819047,31409.365700:29490.634300,152.552400,ETCH/B.CU,JOY_Y,,,,,,,,,
CREATE_LINE,,,,31409.365700:29490.634300,32022.500000:28877.500000,152.552400,ETCH/B.CU,JOY_Y,,,,,,,,,
CREATE_LINE,,,,32022.500000:28877.500000,32325.000000:28575.000000,152.552400,ETCH/B.CU,JOY_Y,,,,,,,,,
CREATE_LINE,,,,3166.541212:44363.149352,3559.321223:44755.929363,152.552400,ETCH/B.CU,UG_D2,,,,,,,,,
CREATE_LINE,,,,3559.321223:44755.929363,3559.321223:44960.983303,152.552400,ETCH/B.CU,UG_D2,,,,,,,,,
CREATE_LINE,,,,3559.321223:44960.983303,3864.824111:45266.486191,152.552400,ETCH/B.CU,UG_D2,,,,,,,,,
CREATE_LINE,,,,3864.824111:45266.486191,4920.254402:45266.486191,152.552400,ETCH/B.CU,UG_D2,,,,,,,,,
CREATE_LINE,,,,4920.254402:45266.486191,7935.703263:42251.037329,152.552400,ETCH/B.CU,UG_D2,,,,,,,,,
CREATE_LINE,,,,7935.703263:42251.037329,10853.719530:42251.037329,152.552400,ETCH/B.CU,UG_D2,,,,,,,,,
CREATE_LINE,,,,-20213.819112:36154.891357,-20570.033498:36511.105744,152.552400,ETCH/B.CU,ROW3,,,,,,,,,
CREATE_LINE,,,,-20570.033498:36511.105744,-23092.917710:36511.105744,152.552400,ETCH/B.CU,ROW3,,,,,,,,,
CREATE_LINE,,,,-23092.917710:36511.105744,-23695.059363:35908.964091,152.552400,ETCH/B.CU,ROW3,,,,,,,,,
CREATE_LINE,,,,-23695.059363:35908.964091,-23695.059363:35828.823604,152.552400,ETCH/B.CU,ROW3,,,,,,,,,
CREATE_LINE,,,,-23695.059363:35828.823604,-23503.036607:34948.525400,152.552400,ETCH/B.CU,ROW3,,,,,,,,,
CREATE_LINE,,,,-23503.036607:34948.525400,-23201.797596:34448.531153,152.552400,ETCH/B.CU,ROW3,,,,,,,,,
CREATE_LINE,,,,-23201.797596:34448.531153,-23201.797596:34249.775917,152.552400,ETCH/B.CU,ROW3,,,,,,,,,
CREATE_LINE,,,,-23201.797596:34249.775917,-22163.258857:33211.237177,152.552400,ETCH/B.CU,ROW3,,,,,,,,,
CREATE_LINE,,,,-22163.258857:33211.237177,-20887.818658:33211.237177,152.552400,ETCH/B.CU,ROW3,,,,,,,,,
CREATE_LINE,,,,-20887.818658:33211.237177,-12795.438007:25118.856526,152.552400,ETCH/B.CU,ROW3,,,,,,,,,
CREATE_LINE,,,,-12795.438007:25118.856526,-7542.065219:25118.856526,152.552400,ETCH/B.CU,ROW3,,,,,,,,,
CREATE_LINE,,,,-7542.065219:25118.856526,24266.641958:-6689.850650,152.552400,ETCH/B.CU,ROW3,,,,,,,,,
CREATE_LINE,,,,24266.641958:-6689.850650,24266.641958:-17607.243803,152.552400,ETCH/B.CU,ROW3,,,,,,,,,
CREATE_LINE,,,,-22709.998804:35615.854165,-22742.074835:35583.778134,152.552400,ETCH/B.CU,JOY_SW,,,,,,,,,
CREATE_LINE,,,,-22742.074835:35583.778134,-22742.074835:35115.648193,152.552400,ETCH/B.CU,JOY_SW,,,,,,,,,
CREATE_LINE,,,,-22742.074835:35115.648193,-22514.242159:34617.172776,152.552400,ETCH/B.CU,JOY_SW,,,,,,,,,
CREATE_LINE,,,,-22514.242159:34617.172776,-22004.654672:34107.585289,152.552400,ETCH/B.CU,JOY_SW,,,,,,,,,
CREATE_LINE,,,,-22004.654672:34107.585289,-20637.386168:34107.585289,152.552400,ETCH/B.CU,JOY_SW,,,,,,,,,
CREATE_LINE,,,,-20637.386168:34107.585289,-14136.077404:27606.276524,152.552400,ETCH/B.CU,JOY_SW,,,,,,,,,
CREATE_LINE,,,,-14136.077404:27606.276524,-3254.060187:27606.276524,152.552400,ETCH/B.CU,JOY_SW,,,,,,,,,
CREATE_LINE,,,,-3254.060187:27606.276524,3742.763706:20609.452631,152.552400,ETCH/B.CU,JOY_SW,,,,,,,,,
CREATE_LINE,,,,3742.763706:20609.452631,24064.149391:20609.452631,152.552400,ETCH/B.CU,JOY_SW,,,,,,,,,
CREATE_LINE,,,,24064.149391:20609.452631,26029.696761:22575.000000,152.552400,ETCH/B.CU,JOY_SW,,,,,,,,,
CREATE_LINE,,,,26029.696761:22575.000000,26469.000000:22575.000000,152.552400,ETCH/B.CU,JOY_SW,,,,,,,,,
CREATE_LINE,,,,26469.000000:22575.000000,27325.000000:22575.000000,152.552400,ETCH/B.CU,JOY_SW,,,,,,,,,
CREATE_LINE,,,,-11146.967090:-31607.558992,-9818.890041:-32935.636041,152.552400,ETCH/B.CU,LED_D11,,,,,,,,,
CREATE_LINE,,,,-9818.890041:-32935.636041,3162.711473:-32935.636041,152.552400,ETCH/B.CU,LED_D11,,,,,,,,,
CREATE_LINE,,,,-40378.663532:-7876.244037,-40378.663532:11474.583578,152.552400,ETCH/B.CU,UG_D14,,,,,,,,,
CREATE_LINE,,,,-40378.663532:11474.583578,-41476.411045:12572.331091,152.552400,ETCH/B.CU,UG_D14,,,,,,,,,
CREATE_LINE,,,,-25810.441460:27899.977891,-23382.875978:25472.412408,152.552400,ETCH/B.CU,KEY8,,,,,,,,,
CREATE_LINE,,,,-23382.875978:25472.412408,-23382.875978:21270.508102,152.552400,ETCH/B.CU,KEY8,,,,,,,,,
CREATE_LINE,,,,-23382.875978:21270.508102,-20955.310496:18842.942620,152.552400,ETCH/B.CU,KEY8,,,,,,,,,
CREATE_LINE,,,,-20955.310496:18842.942620,-20955.310496:10705.310496,152.552400,ETCH/B.CU,KEY8,,,,,,,,,
CREATE_LINE,,,,-20955.310496:10705.310496,-5618.634300:-4631.365700,152.552400,ETCH/B.CU,KEY8,,,,,,,,,
CREATE_LINE,,,,-5618.634300:-4631.365700,-4916.500000:-5333.500000,152.552400,ETCH/B.CU,KEY8,,,,,,,,,
CREATE_LINE,,,,-4916.500000:-5333.500000,-4525.000000:-5725.000000,152.552400,ETCH/B.CU,KEY8,,,,,,,,,
CREATE_LINE,,,,8650.768355:40144.149442,7864.757981:40930.159816,207.774867,ETCH/B.CU,USB_DP,,,,,,,,,
CREATE_LINE,,,,7864.757981:40930.159816,7050.898966:40930.159816,207.774867,ETCH/B.CU,USB_DP,,,,,,,,,
CREATE_LINE,,,,7050.898966:40930.159816,6264.888591:41716.170191,207.774867,ETCH/B.CU,USB_DP,,,,,,,,,
CREATE_LINE,,,,6264.888591:41716.170191,5451.029577:41716.170191,207.774867,ETCH/B.CU,USB_DP,,,,,,,,,
CREATE_LINE,,,,5451.029577:41716.170191,4760.799946:41998.222173,207.774867,ETCH/B.CU,USB_DP,,,,,,,,,
CREATE_LINE,,,,4760.799946:41998.222173,4196.695981:42562.326138,207.774867,ETCH/B.CU,USB_DP,,,,,,,,,
CREATE_LINE,,,,4196.695981:42562.326138,3380.340685:42562.326138,207.774867,ETCH/B.CU,USB_DP,,,,,,,,,
CREATE_LINE,,,,3380.340685:42562.326138,2511.468102:43431.198722,207.774867,ETCH/B.CU,USB_DP,,,,,,,,,
CREATE_LINE,,,,2511.468102:43431.198722,-371.321181:43431.198722,207.774867,ETCH/B.CU,USB_DP,,,,,,,,,
CREATE_LINE,,,,-371.321181:43431.198722,-829.761652:42972.758251,207.774867,ETCH/B.CU,USB_DP,,,,,,,,,
CREATE_LINE,,,,-829.761652:42972.758251,-4944.788931:42972.758251,207.774867,ETCH/B.CU,USB_DP,,,,,,,,,
CREATE_LINE,,,,-4944.788931:42972.758251,-5803.890353:43831.859673,207.774867,ETCH/B.CU,USB_DP,,,,,,,,,
CREATE_LINE,,,,-5803.890353:43831.859673,-11585.519992:43831.859673,207.774867,ETCH/B.CU,USB_DP,,,,,,,,,
CREATE_LINE,,,,-15948.187696:36580.674223,-5457.818234:36580.674223,152.552400,ETCH/B.CU,V3V3,,,,,,,,,
CREATE_LINE,,,,-5457.818234:36580.674223,-914.117554:32036.973542,152.552400,ETCH/B.CU,V3V3,,,,,,,,,
CREATE_LINE,,,,-914.117554:32036.973542,5295.450978:32036.973542,152.552400,ETCH/B.CU,V3V3,,,,,,,,,
CREATE_LINE,,,,5295.450978:32036.973542,10226.784543:27105.639977,152.552400,ETCH/B.CU,V3V3,,,,,,,,,
CREATE_LINE,,,,10226.784543:27105.639977,28355.639977:27105.639977,152.552400,ETCH/B.CU,V3V3,,,,,,,,,
CREATE_LINE,,,,28355.639977:27105.639977,29003.988650:27753.988650,152.552400,ETCH/B.CU,V3V3,,,,,,,,,
CREATE_LINE,,,,29003.988650:27753.988650,29522.500000:28272.500000,152.552400,ETCH/B.CU,V3V3,,,,,,,,,
CREATE_LINE,,,,29522.500000:28272.500000,29825.000000:28575.000000,152.552400,ETCH/B.CU,V3V3,,,,,,,,,
CREATE_LINE,,,,-33727.911969:42803.502004,-32939.149493:42014.739528,152.552400,ETCH/B.CU,UG_D1,,,,,,,,,
CREATE_LINE,,,,-32939.149493:42014.739528,-30598.561959:42014.739528,152.552400,ETCH/B.CU,UG_D1,,,,,,,,,
CREATE_LINE,,,,-30598.561959:42014.739528,-27837.893294:39254.070863,152.552400,ETCH/B.CU,UG_D1,,,,,,,,,
CREATE_LINE,,,,-27837.893294:39254.070863,-22336.554619:39254.070863,152.552400,ETCH/B.CU,UG_D1,,,,,,,,,
CREATE_LINE,,,,-22336.554619:39254.070863,-22036.039665:39554.585817,152.552400,ETCH/B.CU,UG_D1,,,,,,,,,
CREATE_LINE,,,,-22036.039665:39554.585817,-21707.444179:39684.009636,152.552400,ETCH/B.CU,UG_D1,,,,,,,,,
CREATE_LINE,,,,-21707.444179:39684.009636,-21361.140400:40461.007729,152.552400,ETCH/B.CU,UG_D1,,,,,,,,,
CREATE_LINE,,,,-21361.140400:40461.007729,-21045.116342:40777.031787,152.552400,ETCH/B.CU,UG_D1,,,,,,,,,
CREATE_LINE,,,,-21045.116342:40777.031787,-19035.001104:40777.031787,152.552400,ETCH/B.CU,UG_D1,,,,,,,,,
CREATE_LINE,,,,-19035.001104:40777.031787,-18315.979365:40058.010048,152.552400,ETCH/B.CU,UG_D1,,,,,,,,,
CREATE_LINE,,,,-18315.979365:40058.010048,-11304.593751:40058.010048,152.552400,ETCH/B.CU,UG_D1,,,,,,,,,
CREATE_LINE,,,,-11304.593751:40058.010048,-10199.023413:41163.580386,152.552400,ETCH/B.CU,UG_D1,,,,,,,,,
CREATE_LINE,,,,-43780.709972:26069.765110,-37335.091006:26069.765110,152.552400,ETCH/B.CU,KEY3,,,,,,,,,
CREATE_LINE,,,,-37335.091006:26069.765110,-27997.610548:16732.284652,152.552400,ETCH/B.CU,KEY3,,,,,,,,,
CREATE_LINE,,,,-27997.610548:16732.284652,-26982.284652:16732.284652,152.552400,ETCH/B.CU,KEY3,,,,,,,,,
CREATE_LINE,,,,-26982.284652:16732.284652,-24668.634300:14418.634300,152.552400,ETCH/B.CU,KEY3,,,,,,,,,
CREATE_LINE,,,,-24668.634300:14418.634300,-23966.500000:13716.500000,152.552400,ETCH/B.CU,KEY3,,,,,,,,,
CREATE_LINE,,,,-23966.500000:13716.500000,-23575.000000:13325.000000,152.552400,ETCH/B.CU,KEY3,,,,,,,,,
CREATE_LINE,,,,33575.000000:-24775.000000,33183.500000:-24383.500000,152.552400,ETCH/B.CU,KEY13,,,,,,,,,
CREATE_LINE,,,,33183.500000:-24383.500000,32481.365700:-23681.365700,152.552400,ETCH/B.CU,KEY13,,,,,,,,,
CREATE_LINE,,,,32481.365700:-23681.365700,27669.141393:-18869.141393,152.552400,ETCH/B.CU,KEY13,,,,,,,,,
CREATE_LINE,,,,27669.141393:-18869.141393,22815.309539:-18869.141393,152.552400,ETCH/B.CU,KEY13,,,,,,,,,
CREATE_LINE,,,,22815.309539:-18869.141393,-475.879407:4422.047552,152.552400,ETCH/B.CU,KEY13,,,,,,,,,
CREATE_LINE,,,,-475.879407:4422.047552,-475.879407:6393.466371,152.552400,ETCH/B.CU,KEY13,,,,,,,,,
CREATE_LINE,,,,-475.879407:6393.466371,-2846.807867:8764.394831,152.552400,ETCH/B.CU,KEY13,,,,,,,,,
CREATE_LINE,,,,-2846.807867:8764.394831,-7257.815069:8764.394831,152.552400,ETCH/B.CU,KEY13,,,,,,,,,
CREATE_LINE,,,,-7257.815069:8764.394831,-21824.687217:23331.266980,152.552400,ETCH/B.CU,KEY13,,,,,,,,,
CREATE_LINE,,,,-21824.687217:23331.266980,-21824.687217:24677.865457,152.552400,ETCH/B.CU,KEY13,,,,,,,,,
CREATE_LINE,,,,-21824.687217:24677.865457,-37628.826313:40482.004553,152.552400,ETCH/B.CU,KEY13,,,,,,,,,
CREATE_LINE,,,,-37628.826313:40482.004553,-37628.826313:44497.779496,152.552400,ETCH/B.CU,KEY13,,,,,,,,,
CREATE_LINE,,,,-21721.748658:39099.176454,-21302.573604:39518.351508,152.552400,ETCH/B.CU,JOY_X,,,,,,,,,
CREATE_LINE,,,,-21302.573604:39518.351508,-21302.573604:39701.764776,152.552400,ETCH/B.CU,JOY_X,,,,,,,,,
CREATE_LINE,,,,-21302.573604:39701.764776,-21103.059576:40180.065085,152.552400,ETCH/B.CU,JOY_X,,,,,,,,,
CREATE_LINE,,,,-21103.059576:40180.065085,-20885.124474:40398.000187,152.552400,ETCH/B.CU,JOY_X,,,,,,,,,
CREATE_LINE,,,,-20885.124474:40398.000187,-19183.431941:40398.000187,152.552400,ETCH/B.CU,JOY_X,,,,,,,,,
CREATE_LINE,,,,-19183.431941:40398.000187,-18437.276175:39651.844422,152.552400,ETCH/B.CU,JOY_X,,,,,,,,,
CREATE_LINE,,,,-18437.276175:39651.844422,-7132.951302:39651.844422,152.552400,ETCH/B.CU,JOY_X,,,,,,,,,
CREATE_LINE,,,,-7132.951302:39651.844422,-4244.339855:42540.455869,152.552400,ETCH/B.CU,JOY_X,,,,,,,,,
CREATE_LINE,,,,-4244.339855:42540.455869,220.343240:42540.455869,152.552400,ETCH/B.CU,JOY_X,,,,,,,,,
CREATE_LINE,,,,220.343240:42540.455869,768.659640:43088.772269,152.552400,ETCH/B.CU,JOY_X,,,,,,,,,
CREATE_LINE,,,,768.659640:43088.772269,1600.040515:43088.772269,152.552400,ETCH/B.CU,JOY_X,,,,,,,,,
CREATE_LINE,,,,1600.040515:43088.772269,2781.189860:41907.622924,152.552400,ETCH/B.CU,JOY_X,,,,,,,,,
CREATE_LINE,,,,2781.189860:41907.622924,3983.941070:41907.622924,152.552400,ETCH/B.CU,JOY_X,,,,,,,,,
CREATE_LINE,,,,3983.941070:41907.622924,5376.349883:41317.048252,152.552400,ETCH/B.CU,JOY_X,,,,,,,,,
CREATE_LINE,,,,5376.349883:41317.048252,12916.517095:33776.881039,152.552400,ETCH/B.CU,JOY_X,,,,,,,,,
CREATE_LINE,,,,12916.517095:33776.881039,12916.517095:32073.873921,152.552400,ETCH/B.CU,JOY_X,,,,,,,,,
CREATE_LINE,,,,12916.517095:32073.873921,13970.748462:31019.642554,152.552400,ETCH/B.CU,JOY_X,,,,,,,,,
CREATE_LINE,,,,13970.748462:31019.642554,24880.357446:31019.642554,152.552400,ETCH/B.CU,JOY_X,,,,,,,,,
CREATE_LINE,,,,24880.357446:31019.642554,26409.365700:29490.634300,152.552400,ETCH/B.CU,JOY_X,,,,,,,,,
CREATE_LINE,,,,26409.365700:29490.634300,27022.500000:28877.500000,152.552400,ETCH/B.CU,JOY_X,,,,,,,,,
CREATE_LINE,,,,27022.500000:28877.500000,27325.000000:28575.000000,152.552400,ETCH/B.CU,JOY_X,,,,,,,,,
CREATE_LINE,,,,-20639.285797:39839.637262,-20575.880831:39903.042228,152.552400,ETCH/B.CU,LED_D0,,,,,,,,,
CREATE_LINE,,,,-20575.880831:39903.042228,-19203.169640:39903.042228,152.552400,ETCH/B.CU,LED_D0,,,,,,,,,
CREATE_LINE,,,,-19203.169640:39903.042228,-18911.369149:39611.241738,152.552400,ETCH/B.CU,LED_D0,,,,,,,,,
CREATE_LINE,,,,-18911.369149:39611.241738,-18911.369149:39154.755812,152.552400,ETCH/B.CU,LED_D0,,,,,,,,,
CREATE_LINE,,,,-18911.369149:39154.755812,-20266.437554:37799.687407,152.552400,ETCH/B.CU,LED_D0,,,,,,,,,
CREATE_LINE,,,,-20266.437554:37799.687407,-22263.389613:37799.687407,152.552400,ETCH/B.CU,LED_D0,,,,,,,,,
CREATE_LINE,,,,-22263.389613:37799.687407,-24052.436238:36010.640782,152.552400,ETCH/B.CU,LED_D0,,,,,,,,,
CREATE_LINE,,,,-24052.436238:36010.640782,-24052.436238:35294.306930,152.552400,ETCH/B.CU,LED_D0,,,,,,,,,
CREATE_LINE,,,,-24052.436238:35294.306930,-23869.030317:35110.901008,152.552400,ETCH/B.CU,LED_D0,,,,,,,,,
CREATE_LINE,,,,-23869.030317:35110.901008,-23685.624395:34384.966930,152.552400,ETCH/B.CU,LED_D0,,,,,,,,,
CREATE_LINE,,,,-23685.624395:34384.966930,-23685.624395:34216.239609,152.552400,ETCH/B.CU,LED_D0,,,,,,,,,
CREATE_LINE,,,,-23685.624395:34216.239609,-22046.191796:32576.807009,152.552400,ETCH/B.CU,LED_D0,,,,,,,,,
CREATE_LINE,,,,-22046.191796:32576.807009,-20810.366475:32576.807009,152.552400,ETCH/B.CU,LED_D0,,,,,,,,,
CREATE_LINE,,,,-20810.366475:32576.807009,-11482.377531:23248.818065,152.552400,ETCH/B.CU,LED_D0,,,,,,,,,
CREATE_LINE,,,,-11482.377531:23248.818065,-6447.509500:23248.818065,152.552400,ETCH/B.CU,LED_D0,,,,,,,,,
CREATE_LINE,,,,1265.616855:42476.619261,2384.790167:41357.445949,152.552400,ETCH/B.CU,KEY6,,,,,,,,,
CREATE_LINE,,,,2384.790167:41357.445949,4378.538233:41357.445949,152.552400,ETCH/B.CU,KEY6,,,,,,,,,
CREATE_LINE,,,,4378.538233:41357.445949,5001.122509:41133.611286,152.552400,ETCH/B.CU,KEY6,,,,,,,,,
CREATE_LINE,,,,5001.122509:41133.611286,10955.750341:35178.983454,152.552400,ETCH/B.CU,KEY6,,,,,,,,,
CREATE_LINE,,,,10955.750341:35178.983454,10955.750341:33508.742020,152.552400,ETCH/B.CU,KEY6,,,,,,,,,
CREATE_LINE,,,,10955.750341:33508.742020,17022.468467:27442.023894,152.552400,ETCH/B.CU,KEY6,,,,,,,,,
CREATE_LINE,,,,17022.468467:27442.023894,27754.813956:27442.023894,152.552400,ETCH/B.CU,KEY6,,,,,,,,,
CREATE_LINE,,,,27754.813956:27442.023894,28633.083317:28320.293256,152.552400,ETCH/B.CU,KEY6,,,,,,,,,
CREATE_LINE,,,,28633.083317:28320.293256,28633.083317:29028.672443,152.552400,ETCH/B.CU,KEY6,,,,,,,,,
CREATE_LINE,,,,28633.083317:29028.672443,29374.045557:29769.634683,152.552400,ETCH/B.CU,KEY6,,,,,,,,,
CREATE_LINE,,,,29374.045557:29769.634683,30334.404789:29769.634683,152.552400,ETCH/B.CU,KEY6,,,,,,,,,
CREATE_LINE,,,,30334.404789:29769.634683,31023.383837:29080.655635,152.552400,ETCH/B.CU,KEY6,,,,,,,,,
CREATE_LINE,,,,31023.383837:29080.655635,31023.383837:17422.919402,152.552400,ETCH/B.CU,KEY6,,,,,,,,,
CREATE_LINE,,,,31023.383837:17422.919402,33575.000000:14871.303239,152.552400,ETCH/B.CU,KEY6,,,,,,,,,
CREATE_LINE,,,,33575.000000:14871.303239,33575.000000:14432.000000,152.552400,ETCH/B.CU,KEY6,,,,,,,,,
CREATE_LINE,,,,33575.000000:14432.000000,33575.000000:13325.000000,152.552400,ETCH/B.CU,KEY6,,,,,,,,,
CREATE_LINE,,,,-18111.207317:20913.556386,-17168.020949:19970.370018,152.552400,ETCH/B.CU,KEY9,,,,,,,,,
CREATE_LINE,,,,-17168.020949:19970.370018,-17168.020949:19600.632298,152.552400,ETCH/B.CU,KEY9,,,,,,,,,
CREATE_LINE,,,,-17168.020949:19600.632298,-8603.416736:11036.028085,152.552400,ETCH/B.CU,KEY9,,,,,,,,,
CREATE_LINE,,,,-8603.416736:11036.028085,-2293.151407:11036.028085,152.552400,ETCH/B.CU,KEY9,,,,,,,,,
CREATE_LINE,,,,-2293.151407:11036.028085,13374.242378:-4631.365700,152.552400,ETCH/B.CU,KEY9,,,,,,,,,
CREATE_LINE,,,,13374.242378:-4631.365700,13431.365700:-4631.365700,152.552400,ETCH/B.CU,KEY9,,,,,,,,,
CREATE_LINE,,,,13431.365700:-4631.365700,14133.500000:-5333.500000,152.552400,ETCH/B.CU,KEY9,,,,,,,,,
CREATE_LINE,,,,14133.500000:-5333.500000,14525.000000:-5725.000000,152.552400,ETCH/B.CU,KEY9,,,,,,,,,
CREATE_VIA,,,VIA_610_305,,,,,COL0,-15592.294942:37494.216698,,,,,,,,
CREATE_VIA,,,VIA_610_305,,,,,COL0,-9903.453868:37959.943289,,,,,,,,
CREATE_VIA,,,VIA_610_305,,,,,ROW3,-20213.819112:36154.891357,,,,,,,,
CREATE_VIA,,,VIA_610_305,,,,,LED_D11,-11146.967090:-31607.558992,,,,,,,,
CREATE_VIA,,,VIA_610_305,,,,,UG_D9,14852.924198:-43351.906998,,,,,,,,
CREATE_VIA,,,VIA_610_305,,,,,UG_D9,29121.348438:-41347.116836,,,,,,,,
CREATE_VIA,,,VIA_610_305,,,,,COL3,1378.075470:-42967.636328,,,,,,,,
CREATE_VIA,,,VIA_610_305,,,,,LED_D12,32553.762193:-34907.289131,,,,,,,,
CREATE_VIA,,,VIA_610_305,,,,,UG_D6,42958.631580:-7109.254467,,,,,,,,
CREATE_VIA,,,VIA_610_305,,,,,UG_D6,41216.197301:7136.588434,,,,,,,,
CREATE_VIA,,,VIA_610_305,,,,,VBUS,-2386.799945:37746.768450,,,,,,,,
CREATE_VIA,,,VIA_610_305,,,,,VBUS,647.089976:37215.301265,,,,,,,,
CREATE_VIA,,,VIA_610_305,,,,,KEY13,-37628.826313:44497.779496,,,,,,,,
CREATE_VIA,,,VIA_610_305,,,,,GND,-43072.904320:36887.429305,,,,,,,,
CREATE_VIA,,,VIA_610_305,,,,,GND,-44121.449951:3077.506049,,,,,,,,
CREATE_VIA,,,VIA_610_305,,,,,GND,-42863.918610:-31427.479531,,,,,,,,
CREATE_VIA,,,VIA_610_305,,,,,GND,-42796.220064:-7135.965648,,,,,,,,
CREATE_VIA,,,VIA_610_305,,,,,GND,-40937.892874:3092.815770,,,,,,,,
CREATE_VIA,,,VIA_610_305,,,,,GND,-42490.755231:14887.751566,,,,,,,,
CREATE_VIA,,,VIA_610_305,,,,,GND,-31415.337080:42728.548706,,,,,,,,
CREATE_VIA,,,VIA_610_305,,,,,GND,-28379.000865:42475.349035,,,,,,,,
CREATE_VIA,,,VIA_610_305,,,,,GND,-24398.945155:6451.332870,,,,,,,,
CREATE_VIA,,,VIA_610_305,,,,,GND,-22970.345460:44460.102099,,,,,,,,
CREATE_VIA,,,VIA_610_305,,,,,GND,-23011.171771:42292.744035,,,,,,,,
CREATE_VIA,,,VIA_610_305,,,,,GND,-23188.389003:-13297.080749,,,,,,,,
CREATE_VIA,,,VIA_610_305,,,,,GND,-18511.555606:38578.358005,,,,,,,,
CREATE_VIA,,,VIA_610_305,,,,,GND,-15440.763286:43956.129187,,,,,,,,
CREATE_VIA,,,VIA_610_305,,,,,GND,-14006.461810:45631.191635,,,,,,,,
CREATE_VIA,,,VIA_610_305,,,,,GND,-9419.223091:42591.217168,,,,,,,,
CREATE_VIA,,,VIA_610_305,,,,,GND,-6474.915966:-13627.825255,,,,,,,,
CREATE_VIA,,,VIA_610_305,,,,,GND,-5415.375763:-31646.830923,,,,,,,,
CREATE_VIA,,,VIA_610_305,,,,,GND,-5407.283337:6742.058807,,,,,,,,
CREATE_VIA,,,VIA_610_305,,,,,GND,-5503.196111:42617.642405,,,,,,,,
CREATE_VIA,,,VIA_610_305,,,,,GND,-3254.363799:37767.728325,,,,,,,,
CREATE_VIA,,,VIA_610_305,,,,,GND,-899.137471:35290.298282,,,,,,,,
CREATE_VIA,,,VIA_610_305,,,,,GND,-4.930309:33250.246784,,,,,,,,
CREATE_VIA,,,VIA_610_305,,,,,GND,2903.670972:37657.393386,,,,,,,,
CREATE_VIA,,,VIA_610_305,,,,,GND,5246.465253:42427.405710,,,,,,,,
CREATE_VIA,,,VIA_610_305,,,,,GND,5321.215534:37607.084023,,,,,,,,
CREATE_VIA,,,VIA_610_305,,,,,GND,5400.414044:43866.099942,,,,,,,,
CREATE_VIA,,,VIA_610_305,,,,,GND,5774.172281:46004.213386,,,,,,,,
CREATE_VIA,,,VIA_610_305,,,,,GND,8610.977832:45850.526647,,,,,,,,
CREATE_VIA,,,VIA_610_305,,,,,GND,11319.794629:39282.067394,,,,,,,,
CREATE_VIA,,,VIA_610_305,,,,,GND,11059.483097:46127.681172,,,,,,,,
CREATE_VIA,,,VIA_610_305,,,,,GND,12608.026658:-32673.463046,,,,,,,,
CREATE_VIA,,,VIA_610_305,,,,,GND,13405.262786:-40373.419164,,,,,,,,
CREATE_VIA,,,VIA_610_305,,,,,GND,13200.265879:45976.357946,,,,,,,,
CREATE_VIA,,,VIA_610_305,,,,,GND,13460.952268:39347.424967,,,,,,,,
CREATE_VIA,,,VIA_610_305,,,,,GND,14804.022564:45086.041466,,,,,,,,
CREATE_VIA,,,VIA_610_305,,,,,GND,16001.520076:37677.678755,,,,,,,,
CREATE_VIA,,,VIA_610_305,,,,,GND,17185.130491:44756.740102,,,,,,,,
CREATE_VIA,,,VIA_610_305,,,,,GND,15034.506322:-14211.638180,,,,,,,,
CREATE_VIA,,,VIA_610_305,,,,,GND,18260.469727:43752.601920,,,,,,,,
CREATE_VIA,,,VIA_610_305,,,,,GND,18223.946112:34549.571662,,,,,,,,
CREATE_VIA,,,VIA_610_305,,,,,GND,18019.407744:45825.080097,,,,,,,,
CREATE_VIA,,,VIA_610_305,,,,,GND,14921.687540:24619.695127,,,,,,,,
CREATE_VIA,,,VIA_610_305,,,,,GND,19688.633575:43054.440941,,,,,,,,
CREATE_VIA,,,VIA_610_305,,,,,GND,19425.478391:41458.676981,,,,,,,,
CREATE_VIA,,,VIA_610_305,,,,,GND,14899.128957:5573.988030,,,,,,,,
CREATE_VIA,,,VIA_610_305,,,,,GND,20373.016527:41218.588904,,,,,,,,
CREATE_VIA,,,VIA_610_305,,,,,GND,39170.260101:-122.074144,,,,,,,,
CREATE_VIA,,,VIA_610_305,,,,,GND,33940.842133:5587.075481,,,,,,,,
CREATE_VIA,,,VIA_610_305,,,,,GND,33947.049130:-32781.876394,,,,,,,,
CREATE_VIA,,,VIA_610_305,,,,,GND,40350.044276:-30288.555180,,,,,,,,
CREATE_VIA,,,VIA_610_305,,,,,GND,40356.317876:-8448.059451,,,,,,,,
CREATE_VIA,,,VIA_610_305,,,,,GND,36316.613815:43625.893390,,,,,,,,
CREATE_VIA,,,VIA_610_305,,,,,GND,36884.937973:-41060.825046,,,,,,,,
CREATE_VIA,,,VIA_610_305,,,,,GND,41051.721055:36892.859788,,,,,,,,
CREATE_VIA,,,VIA_610_305,,,,,GND,41683.462753:12567.447687,,,,,,,,
CREATE_VIA,,,VIA_610_305,,,,,GND,43751.213429:-4077.083072,,,,,,,,
CREATE_VIA,,,VIA_610_305,,,,,GND,45895.576421:619.932330,,,,,,,,
CREATE_VIA,,,VIA_610_305,,,,,ENC_SW,-17889.256103:42203.239978,,,,,,,,
CREATE_VIA,,,VIA_610_305,,,,,KEY11,-36632.039415:-23229.938743,,,,,,,,
CREATE_VIA,,,VIA_610_305,,,,,LED_D6,-23202.204931:-14874.159215,,,,,,,,
CREATE_VIA,,,VIA_610_305,,,,,COL2,-37716.943289:-25466.546132,,,,,,,,
CREATE_VIA,,,VIA_610_305,,,,,KEY10,41794.209340:17612.087169,,,,,,,,
CREATE_VIA,,,VIA_610_305,,,,,LED_D3,-5623.819420:3173.487948,,,,,,,,
CREATE_VIA,,,VIA_610_305,,,,,LED_D0,-6447.509500:23248.818065,,,,,,,,
CREATE_VIA,,,VIA_610_305,,,,,USB_DP,8650.768355:40144.149442,,,,,,,,
CREATE_VIA,,,VIA_610_305,,,,,SWCLK,-18847.446199:44439.320896,,,,,,,,
CREATE_VIA,,,VIA_610_305,,,,,LED_D1,12594.918426:22913.345044,,,,,,,,
CREATE_VIA,,,VIA_610_305,,,,,UG_D7,40871.524034:-14867.874970,,,,,,,,
CREATE_VIA,,,VIA_610_305,,,,,UG_D14,-41476.411045:12572.331091,,,,,,,,
CREATE_VIA,,,VIA_610_305,,,,,CC2,-6596.405378:39148.282116,,,,,,,,
CREATE_VIA,,,VIA_610_305,,,,,CC2,-2367.334566:40159.954356,,,,,,,,
CREATE_VIA,,,VIA_610_305,,,,,ENC_A,-18206.929179:41498.794634,,,,,,,,
CREATE_VIA,,,VIA_610_305,,,,,BOOT0,-21697.503111:44463.648084,,,,,,,,
CREATE_VIA,,,VIA_610_305,,,,,BOOT0,-16470.577519:45798.189911,,,,,,,,
CREATE_VIA,,,VIA_610_305,,,,,KEY12,4518.864603:-42949.843866,,,,,,,,
CREATE_VIA,,,VIA_610_305,,,,,COL1,24424.664470:40389.807179,,,,,,,,
CREATE_VIA,,,VIA_610_305,,,,,ROW0,-16397.404714:19662.055768,,,,,,,,
CREATE_VIA,,,VIA_610_305,,,,,GND,34671.872314:-13830.915182,,,,,,,,
CREATE_VIA,,,VIA_610_305,,,,,UG_D7,41895.322999:-22897.114966,,,,,,,,
CREATE_VIA,,,VIA_610_305,,,,,LED_D3,-15624.720380:10047.196967,,,,,,,,
CREATE_VIA,,,VIA_610_305,,,,,ROW2,8893.424870:-7726.583369,,,,,,,,
CREATE_VIA,,,VIA_610_305,,,,,UG_D1,-10199.023413:41163.580386,,,,,,,,
CREATE_VIA,,,VIA_610_305,,,,,GND,19577.882153:35742.144525,,,,,,,,
CREATE_VIA,,,VIA_610_305,,,,,JOY_Y,-22832.799272:40489.227445,,,,,,,,
CREATE_VIA,,,VIA_610_305,,,,,JOY_X,-21721.748658:39099.176454,,,,,,,,
CREATE_VIA,,,VIA_610_305,,,,,COL0,9196.272456:21150.669551,,,,,,,,
CREATE_VIA,,,VIA_610_305,,,,,KEY8,-25810.441460:27899.977891,,,,,,,,
CREATE_VIA,,,VIA_610_305,,,,,UG_D2,10853.719530:42251.037329,,,,,,,,
CREATE_VIA,,,VIA_610_305,,,,,COL3,-9434.977354:8937.521427,,,,,,,,
CREATE_VIA,,,VIA_610_305,,,,,UG_D1,-33727.911969:42803.502004,,,,,,,,
CREATE_VIA,,,VIA_610_305,,,,,GND,-3441.145558:24409.884782,,,,,,,,
CREATE_VIA,,,VIA_610_305,,,,,SWDIO,-19509.455150:39361.729779,,,,,,,,
CREATE_VIA,,,VIA_610_305,,,,,COL1,-18100.757848:40702.028861,,,,,,,,
CREATE_VIA,,,VIA_610_305,,,,,ENC_SW,-26824.887461:43581.725641,,,,,,,,
CREATE_VIA,,,VIA_610_305,,,,,NRST,-23780.027839:43106.793782,,,,,,,,
CREATE_VIA,,,VIA_610_305,,,,,LED_D4,-1090.687187:-647.142386,,,,,,,,
CREATE_VIA,,,VIA_610_305,,,,,KEY9,-18111.207317:20913.556386,,,,,,,,
CREATE_VIA,,,VIA_610_305,,,,,COL2,-41360.475777:18149.428653,,,,,,,,
CREATE_VIA,,,VIA_610_305,,,,,TOUCH,-40112.851371:39769.287799,,,,,,,,
CREATE_VIA,,,VIA_610_305,,,,,UG_D0,-21661.878938:43055.612101,,,,,,,,
CREATE_VIA,,,VIA_610_305,,,,,JOY_SW,-22709.998804:35615.854165,,,,,,,,
CREATE_VIA,,,VIA_610_305,,,,,LED_D6,-1146.865405:-5897.262295,,,,,,,,
CREATE_VIA,,,VIA_610_305,,,,,LED_D7,-17813.007600:-12122.984383,,,,,,,,
CREATE_VIA,,,VIA_610_305,,,,,GND,11736.058549:42419.705025,,,,,,,,
CREATE_VIA,,,VIA_610_305,,,,,NRST,-32738.944240:43832.431061,,,,,,,,
CREATE_VIA,,,VIA_610_305,,,,,GND,-31136.243031:-39633.842210,,,,,,,,
CREATE_VIA,,,VIA_610_305,,,,,GND,-8122.479520:40270.348390,,,,,,,,
CREATE_VIA,,,VIA_610_305,,,,,UG_D0,-26898.484193:41688.419479,,,,,,,,
CREATE_VIA,,,VIA_610_305,,,,,COL3,-22086.089826:35014.308093,,,,,,,,
CREATE_VIA,,,VIA_610_305,,,,,LED_D7,-26366.020641:-11536.539510,,,,,,,,
CREATE_VIA,,,VIA_610_305,,,,,TOUCH,-27203.753430:-23559.444488,,,,,,,,
CREATE_VIA,,,VIA_610_305,,,,,ROW2,4901.430920:-22514.541166,,,,,,,,
CREATE_VIA,,,VIA_610_305,,,,,USB_DP,-11585.519992:43831.859673,,,,,,,,
CREATE_VIA,,,VIA_610_305,,,,,V3V3,-15948.187696:36580.674223,,,,,,,,
CREATE_VIA,,,VIA_610_305,,,,,LED_D0,-20639.285797:39839.637262,,,,,,,,
CREATE_VIA,,,VIA_610_305,,,,,ROW0,-24260.999918:34464.176368,,,,,,,,
CREATE_VIA,,,VIA_610_305,,,,,LED_D4,-8937.563280:5876.697655,,,,,,,,
CREATE_VIA,,,VIA_610_305,,,,,GND,-9163.928110:-38771.168892,,,,,,,,
CREATE_VIA,,,VIA_610_305,,,,,UG_D14,-40378.663532:-7876.244037,,,,,,,,
CREATE_VIA,,,VIA_610_305,,,,,ROW2,-24184.316084:37851.140915,,,,,,,,
CREATE_VIA,,,VIA_610_305,,,,,UG_D2,3166.541212:44363.149352,,,,,,,,
CREATE_VIA,,,VIA_610_305,,,,,COL1,-2584.665574:44720.077899,,,,,,,,
CREATE_VIA,,,VIA_610_305,,,,,KEY6,1265.616855:42476.619261,,,,,,,,
CREATE_VIA,,,VIA_610_305,,,,,LED_D11,3162.711473:-32935.636041,,,,,,,,
CREATE_VIA,,,VIA_610_305,,,,,ENC_B,-14549.394789:38901.484323,,,,,,,,
CREATE_VIA,,,VIA_610_305,,,,,KEY3,-43780.709972:26069.765110,,,,,,,,
CREATE_VIA,,,VIA_610_305,,,,,GND,40739.724415:-2624.156389,,,,,,,,
CREATE_VIA,,,VIA_610_305,,,,,ROW1,-20630.258616:35474.991078,,,,,,,,
CREATE_VIA,,,VIA_610_305,,,,,ROW3,24266.641958:-17607.243803,,,,,,,,
CREATE_VIA,,,VIA_610_305,,,,,LED_D12,13993.803771:-31650.795417,,,,,,,,
CREATE_VIA,,,VIA_610_305,,,,,ENC_B,-18776.140221:33160.711572,,,,,,,,
CREATE_VIA,,,VIA_610_305,,,,,KEY7,-25138.849810:25505.582321,,,,,,,,
CREATE_VIA,,,VIA_610_305,,,,,COL3,-16679.201834:33564.409632,,,,,,,,
CREATE_VIA,,,VIA_610_305,,,,,ENC_SW,-31411.564408:40969.819127,,,,,,,,
CREATE_VIA,,,VIA_610_305,,,,,KEY2,20610.899869:40058.405062,,,,,,,,
CREATE_VIA,,,VIA_610_305,,,,,LED_D1,5405.578348:24776.112347,,,,,,,,
CREATE_VIA,,,VIA_610_305,,,,,ROW0,5125.556644:30986.199614,,,,,,,,
CREATE_VIA,,,VIA_610_305,,,,,COL3,-1949.487362:7098.048186,,,,,,,,
CREATE_VIA,,,VIA_610_305,,,,,GND,-39467.919560:45880.734352,,,,,,,,
CREATE_VIA,,,VIA_610_305,,,,,GND,-45880.734352:38675.485062,,,,,,,,
CREATE_VIA,,,VIA_610_305,,,,,GND,-24489.138310:45880.734352,,,,,,,,
CREATE_VIA,,,VIA_610_305,,,,,GND,-10943.044560:45880.734352,,,,,,,,
CREATE_VIA,,,VIA_610_305,,,,,GND,41454.567789:45880.734352,,,,,,,,
CREATE_VIA,,,VIA_610_305,,,,,GND,45880.734352:29262.337428,,,,,,,,
CREATE_VIA,,,VIA_610_305,,,,,GND,45880.734352:19683.904998,,,,,,,,
CREATE_VIA,,,VIA_610_305,,,,,GND,24616.874925:45188.668439,,,,,,,,
CREATE_VIA,,,VIA_610_305,,,,,GND,45880.734352:2324.502395,,,,,,,,
CREATE_VIA,,,VIA_610_305,,,,,GND,45880.734352:-41454.567789,,,,,,,,
CREATE_VIA,,,VIA_610_305,,,,,GND,29262.337428:-45880.734352,,,,,,,,
CREATE_VIA,,,VIA_610_305,,,,,GND,19683.904998:-45880.734352,,,,,,,,
CREATE_VIA,,,VIA_610_305,,,,,GND,10105.472568:-45880.734352,,,,,,,,
CREATE_VIA,,,VIA_610_305,,,,,GND,527.040138:-45880.734352,,,,,,,,
CREATE_VIA,,,VIA_610_305,,,,,GND,-9051.392292:-45880.734352,,,,,,,,
CREATE_VIA,,,VIA_610_305,,,,,GND,-18629.824723:-45880.734352,,,,,,,,
CREATE_VIA,,,VIA_610_305,,,,,GND,-28208.257153:-45880.734352,,,,,,,,
CREATE_VIA,,,VIA_610_305,,,,,GND,-37786.689583:-45880.734352,,,,,,,,
CREATE_VIA,,,VIA_610_305,,,,,GND,-45880.734352:-32930.215634,,,,,,,,
CREATE_VIA,,,VIA_610_305,,,,,GND,-45880.734352:-23351.783204,,,,,,,,
CREATE_VIA,,,VIA_610_305,,,,,GND,-45880.734352:-13773.350774,,,,,,,,
CREATE_VIA,,,VIA_610_305,,,,,GND,-45880.734352:-4194.918344,,,,,,,,
CREATE_VIA,,,VIA_610_305,,,,,GND,8294.251463:-36072.024520,,,,,,,,
CREATE_VIA,,,VIA_610_305,,,,,GND,41998.056000:-31576.548430,,,,,,,,
CREATE_VIA,,,VIA_610_305,,,,,GND,42492.408331:-15439.564412,,,,,,,,
CREATE_VIA,,,VIA_610_305,,,,,GND,20593.258790:-35750.141141,,,,,,,,
CREATE_VIA,,,VIA_610_305,,,,,GND,-45217.680221:12626.875133,,,,,,,,
CREATE_VIA,,,VIA_610_305,,,,,GND,-45217.680221:22205.307563,,,,,,,,
CREATE_VIA,,,VIA_610_305,,,,,GND,-39193.361690:2616.312500,,,,,,,,
CREATE_VIA,,,VIA_610_305,,,,,GND,-34873.000660:-9795.242939,,,,,,,,
CREATE_VIA,,,VIA_610_305,,,,,GND,-25980.191770:-2389.249228,,,,,,,,
CREATE_VIA,,,VIA_610_305,,,,,GND,30511.718155:-17794.048651,,,,,,,,
CREATE_VIA,,,VIA_610_305,,,,,GND,31673.774481:-31535.327920,,,,,,,,
CREATE_VIA,,,VIA_610_305,,,,,GND,-35697.318123:-25356.632779,,,,,,,,
CREATE_VIA,,,VIA_610_305,,,,,GND,-24359.290842:-31764.719049,,,,,,,,
CREATE_VIA,,,VIA_610_305,,,,,GND,-11626.034844:-25617.852010,,,,,,,,
CREATE_VIA,,,VIA_610_305,,,,,GND,-25791.575810:-14771.539606,,,,,,,,
CREATE_VIA,,,VIA_610_305,,,,,GND,-37323.707640:36373.751284,,,,,,,,
CREATE_VIA,,,VIA_610_305,,,,,GND,-35720.526536:16521.446208,,,,,,,,
CREATE_VIA,,,VIA_610_305,,,,,GND,-27476.489985:7976.179519,,,,,,,,
CREATE_VIA,,,VIA_610_305,,,,,GND,-16122.618201:16437.225219,,,,,,,,
CREATE_VIA,,,VIA_610_305,,,,,GND,-10740.442814:9051.014144,,,,,,,,
CREATE_VIA,,,VIA_610_305,,,,,GND,-15007.486473:29669.658337,,,,,,,,
CREATE_VIA,,,VIA_610_305,,,,,GND,-24225.727988:23646.209134,,,,,,,,
CREATE_VIA,,,VIA_610_305,,,,,GND,-37146.020993:26887.757615,,,,,,,,
CREATE_VIA,,,VIA_610_305,,,,,GND,-4283.997568:29480.611049,,,,,,,,
CREATE_VIA,,,VIA_610_305,,,,,GND,5534.117652:27190.877416,,,,,,,,
CREATE_VIA,,,VIA_610_305,,,,,GND,12512.725688:35372.645190,,,,,,,,
CREATE_VIA,,,VIA_610_305,,,,,GND,5542.674237:15700.111672,,,,,,,,
CREATE_VIA,,,VIA_610_305,,,,,GND,16626.350028:19766.600621,,,,,,,,
CREATE_VIA,,,VIA_610_305,,,,,GND,25706.328732:21059.659228,,,,,,,,
CREATE_VIA,,,VIA_610_305,,,,,GND,11034.627621:7734.136430,,,,,,,,
CREATE_VIA,,,VIA_610_305,,,,,GND,22359.229274:30176.790544,,,,,,,,
CREATE_VIA,,,VIA_610_305,,,,,GND,29657.415921:7154.333244,,,,,,,,
CREATE_VIA,,,VIA_610_305,,,,,GND,19349.709341:10907.736598,,,,,,,,
CREATE_VIA,,,VIA_610_305,,,,,GND,38753.296419:10294.706260,,,,,,,,
CREATE_VIA,,,VIA_610_305,,,,,GND,36338.472744:-2607.196761,,,,,,,,
CREATE_VIA,,,VIA_610_305,,,,,GND,34246.249935:35426.175750,,,,,,,,
CREATE_VIA,,,VIA_610_305,,,,,GND,1015.736064:1632.916698,,,,,,,,
CREATE_VIA,,,VIA_610_305,,,,,GND,-10406.712777:-1035.259967,,,,,,,,
CREATE_VIA,,,VIA_610_305,,,,,GND,-16836.819694:-11686.747238,,,,,,,,
CREATE_VIA,,,VIA_610_305,,,,,GND,-322.687974:-11981.337337,,,,,,,,
CREATE_VIA,,,VIA_610_305,,,,,GND,8682.147990:-9738.699103,,,,,,,,
CREATE_VIA,,,VIA_610_305,,,,,GND,23338.937349:-6954.118785,,,,,,,,
CREATE_VIA,,,VIA_610_305,,,,,GND,14857.151106:-22934.037730,,,,,,,,
CREATE_VIA,,,VIA_610_305,,,,,GND,4633.815541:-27737.923899,,,,,,,,
CREATE_VIA,,,VIA_610_305,,,,,GND,-3680.896875:-34699.222606,,,,,,,,
CREATE_VIA,,,VIA_610_305,,,,,GND,-7589.385052:-17792.945444,,,,,,,,
CREATE_VIA,,,VIA_610_305,,,,,GND,17906.747354:862.016697,,,,,,,,
CREATE_VIA,,,VIA_610_305,,,,,GND,-1927.360709:43877.225889,,,,,,,,
CREATE_POUR,,,,,,,BOUNDARY/LAYER_1,GND,-41471.774223:46493.995000 41471.774223:46493.995000 42058.972556:46461.018649 42610.915708:46367.239736 43148.888450:46212.252458 43666.125463:45998.005873 44156.122192:45727.194253 44612.716643:45403.223213 45030.166877:45030.166877 45403.223213:44612.716643 45727.194253:44156.122192 45998.005873:43666.125463 46212.252458:43148.888450 46367.239736:42610.915708 46461.018649:42058.972556 46493.995000:41471.774223 46493.995000:-41471.774223 46461.018649:-42058.972556 46367.239736:-42610.915708 46212.252458:-43148.888450 45998.005873:-43666.125463 45727.194253:-44156.122192 45403.223213:-44612.716643 45030.166877:-45030.166877 44612.716643:-45403.223213 44156.122192:-45727.194253 43666.125463:-45998.005873 43148.888450:-46212.252458 42610.915708:-46367.239736 42058.972556:-46461.018649 41471.774223:-46493.995000 -41471.774223:-46493.995000 -42058.972556:-46461.018649 -42610.915708:-46367.239736 -43148.888450:-46212.252458 -43666.125463:-45998.005873 -44156.122192:-45727.194253 -44612.716643:-45403.223213 -45030.166877:-45030.166877 -45403.223213:-44612.716643 -45727.194253:-44156.122192 -45998.005873:-43666.125463 -46212.252458:-43148.888450 -46367.239736:-42610.915708 -46461.018649:-42058.972556 -46493.995000:-41471.774223 -46493.995000:41471.774223 -46461.018649:42058.972556 -46367.239736:42610.915708 -46212.252458:43148.888450 -45998.005873:43666.125463 -45727.194253:44156.122192 -45403.223213:44612.716643 -45030.166877:45030.166877 -44612.716643:45403.223213 -44156.122192:45727.194253 -43666.125463:45998.005873 -43148.888450:46212.252458 -42610.915708:46367.239736 -42058.972556:46461.018649 -41471.774223:46493.995000,,,,,,,,
CREATE_POUR,,,,,,,BOUNDARY/LAYER_2,GND,-41471.774223:46493.995000 41471.774223:46493.995000 42058.972556:46461.018649 42610.915708:46367.239736 43148.888450:46212.252458 43666.125463:45998.005873 44156.122192:45727.194253 44612.716643:45403.223213 45030.166877:45030.166877 45403.223213:44612.716643 45727.194253:44156.122192 45998.005873:43666.125463 46212.252458:43148.888450 46367.239736:42610.915708 46461.018649:42058.972556 46493.995000:41471.774223 46493.995000:-41471.774223 46461.018649:-42058.972556 46367.239736:-42610.915708 46212.252458:-43148.888450 45998.005873:-43666.125463 45727.194253:-44156.122192 45403.223213:-44612.716643 45030.166877:-45030.166877 44612.716643:-45403.223213 44156.122192:-45727.194253 43666.125463:-45998.005873 43148.888450:-46212.252458 42610.915708:-46367.239736 42058.972556:-46461.018649 41471.774223:-46493.995000 -41471.774223:-46493.995000 -42058.972556:-46461.018649 -42610.915708:-46367.239736 -43148.888450:-46212.252458 -43666.125463:-45998.005873 -44156.122192:-45727.194253 -44612.716643:-45403.223213 -45030.166877:-45030.166877 -45403.223213:-44612.716643 -45727.194253:-44156.122192 -45998.005873:-43666.125463 -46212.252458:-43148.888450 -46367.239736:-42610.915708 -46461.018649:-42058.972556 -46493.995000:-41471.774223 -46493.995000:41471.774223 -46461.018649:42058.972556 -46367.239736:42610.915708 -46212.252458:43148.888450 -45998.005873:43666.125463 -45727.194253:44156.122192 -45403.223213:44612.716643 -45030.166877:45030.166877 -44612.716643:45403.223213 -44156.122192:45727.194253 -43666.125463:45998.005873 -43148.888450:46212.252458 -42610.915708:46367.239736 -42058.972556:46461.018649 -41471.774223:46493.995000,,,,,,,,
