DJLaser serial tap initialized

[1785500167.521669] TX fd=12 bytes=23 path=/dev/cu.usbmodem1234561
00000000  a1 00 17 b9 3a 09 42 e0 a7 2c ef bb 9f 39 e8 53  |....:.B..,...9.S|
00000010  06 f2 31 66 88 5f 3c                             |..1f._<|

[1785500167.522443] RX fd=12 bytes=37 path=/dev/cu.usbmodem1234561
00000000  b1 00 25 06 a4 46 74 b1 20 20 e6 ea c1 fc 73 c8  |..%..Ft.  ....s.|
00000010  9f ea 5f d9 80 b1 02 91 06 8d a2 e2 8c 5c 28 f2  |.._..........\(.|
00000020  f0 61 c6 77 f1                                   |.a.w.|

[1785500168.012702] TX fd=12 bytes=23 path=/dev/tty.usbmodem1234561
00000000  a1 00 17 b9 3a 09 42 e0 a7 2c ef bb 9f 39 e8 53  |....:.B..,...9.S|
00000010  06 f2 31 66 88 5f 3c                             |..1f._<|

[1785500168.013373] RX fd=12 bytes=37 path=/dev/tty.usbmodem1234561
00000000  b1 00 25 06 a4 46 74 b1 20 20 e6 ea c1 fc 73 c8  |..%..Ft.  ....s.|
00000010  9f ea 5f d9 80 b1 02 91 06 8d a2 e2 8c 5c 28 f2  |.._..........\(.|
00000020  f0 61 c6 77 f1                                   |.a.w.|

[1785500168.517331] RX fd=12 bytes=62 path=/dev/cu.usbmodem31201
00000000  49 20 28 32 33 35 38 32 34 39 29 20 53 79 73 74  |I (2358249) Syst|
00000010  65 6d 49 6e 66 6f 3a 20 66 72 65 65 20 73 72 61  |emInfo: free sra|
00000020  6d 3a 20 38 36 38 30 37 20 6d 69 6e 69 6d 61 6c  |m: 86807 minimal|
00000030  20 73 72 61 6d 3a 20 38 30 31 34 33 0d 0a        | sram: 80143..|

[1785500168.517386] TX fd=12 bytes=23 path=/dev/cu.usbmodem31201
00000000  a1 00 17 b9 3a 09 42 e0 a7 2c ef bb 9f 39 e8 53  |....:.B..,...9.S|
00000010  06 f2 31 66 88 5f 3c                             |..1f._<|

[1785500169.022361] TX fd=12 bytes=23 path=/dev/tty.usbmodem31201
00000000  a1 00 17 b9 3a 09 42 e0 a7 2c ef bb 9f 39 e8 53  |....:.B..,...9.S|
00000010  06 f2 31 66 88 5f 3c                             |..1f._<|

[1785500169.531078] TX fd=12 bytes=23 path=/dev/cu.usbmodem1234561
00000000  a1 00 17 b9 3a 09 42 e0 a7 2c ef bb 9f 39 e8 53  |....:.B..,...9.S|
00000010  06 f2 31 66 88 5f 3c                             |..1f._<|

[1785500169.531776] RX fd=12 bytes=37 path=/dev/cu.usbmodem1234561
00000000  b1 00 25 06 a4 46 74 b1 20 20 e6 ea c1 fc 73 c8  |..%..Ft.  ....s.|
00000010  9f ea 5f d9 80 b1 02 91 06 8d a2 e2 8c 5c 28 f2  |.._..........\(.|
00000020  f0 61 c6 77 f1                                   |.a.w.|

[1785500169.832779] TX fd=12 bytes=23 path=/dev/cu.usbmodem1234561
00000000  a1 00 17 b9 3a 09 42 e0 a7 2c ef bb 9f 39 e8 53  |....:.B..,...9.S|
00000010  06 f2 31 66 88 5f 3c                             |..1f._<|

[1785500169.834656] RX fd=12 bytes=37 path=/dev/cu.usbmodem1234561
00000000  b1 00 25 06 a4 46 74 b1 20 20 e6 ea c1 fc 73 c8  |..%..Ft.  ....s.|
00000010  9f ea 5f d9 80 b1 02 91 06 8d a2 e2 8c 5c 28 f2  |.._..........\(.|
00000020  f0 61 c6 77 f1                                   |.a.w.|

[1785500169.835431] TX fd=12 bytes=23 path=/dev/cu.usbmodem1234561
00000000  a1 00 17 b9 3a 09 42 e0 a7 2c ef bb 9f 39 e8 53  |....:.B..,...9.S|
00000010  06 f2 31 66 88 5f 3c                             |..1f._<|

[1785500169.835996] RX fd=12 bytes=37 path=/dev/cu.usbmodem1234561
00000000  b1 00 25 06 a4 46 74 b1 20 20 e6 ea c1 fc 73 c8  |..%..Ft.  ....s.|
00000010  9f ea 5f d9 80 b1 02 91 06 8d a2 e2 8c 5c 28 f2  |.._..........\(.|
00000020  f0 61 c6 77 f1                                   |.a.w.|

[1785500169.856215] TX fd=12 bytes=23 path=/dev/cu.usbmodem1234561
00000000  a1 00 17 43 49 a8 91 ce c1 ba c9 71 cf 20 bb 7c  |...CI......q. .||
00000010  80 22 84 66 88 a9 07                             |.".f...|

[1785500169.856685] RX fd=12 bytes=21 path=/dev/cu.usbmodem1234561
00000000  b1 00 15 26 ff 5c 8d c1 b1 8b e6 6c 12 68 73 65  |...&.\.....l.hse|
00000010  bd c2 af 4c 7d                                   |...L}|

[1785500169.876789] TX fd=12 bytes=23 path=/dev/cu.usbmodem1234561
00000000  a1 00 17 1c ae 9a cc 07 1e 1f 13 14 dc df 63 34  |..............c4|
00000010  d8 a0 e9 66 88 98 76                             |...f..v|

[1785500169.877245] RX fd=12 bytes=21 path=/dev/cu.usbmodem1234561
00000000  b1 00 15 55 68 cd 1a 16 e9 8d 1d f1 ec e2 e0 d0  |...Uh...........|
00000010  f0 1f 97 e3 7f                                   |.....|

[1785500169.896277] TX fd=12 bytes=23 path=/dev/cu.usbmodem1234561
00000000  a1 00 17 ed 48 26 d7 c5 5d e5 a3 0f 81 ba db 69  |....H&..]......i|
00000010  93 bb 34 66 88 f1 5b                             |..4f..[|

[1785500169.896745] RX fd=12 bytes=21 path=/dev/cu.usbmodem1234561
00000000  b1 00 15 13 2b 3f 57 15 8e 92 54 d3 3b f3 a0 f6  |....+?W...T.;...|
00000010  6d 2a 05 aa 9c                                   |m*...|

[1785500170.625304] TX fd=12 bytes=23 path=/dev/cu.usbmodem1234561
00000000  a1 00 17 b9 3a 09 42 e0 a7 2c ef bb 9f 39 e8 53  |....:.B..,...9.S|
00000010  06 f2 31 66 88 5f 3c                             |..1f._<|

[1785500170.625855] RX fd=12 bytes=37 path=/dev/cu.usbmodem1234561
00000000  b1 00 25 06 a4 46 74 b1 20 20 e6 ea c1 fc 73 c8  |..%..Ft.  ....s.|
00000010  9f ea 5f d9 80 b1 02 91 06 8d a2 e2 8c 5c 28 f2  |.._..........\(.|
00000020  f0 61 c6 77 f1                                   |.a.w.|

[1785500170.645586] TX fd=12 bytes=23 path=/dev/cu.usbmodem1234561
00000000  a1 00 17 43 49 a8 91 ce c1 ba c9 71 cf 20 bb 7c  |...CI......q. .||
00000010  80 22 84 66 88 a9 07                             |.".f...|

[1785500170.646094] RX fd=12 bytes=21 path=/dev/cu.usbmodem1234561
00000000  b1 00 15 26 ff 5c 8d c1 b1 8b e6 6c 12 68 73 65  |...&.\.....l.hse|
00000010  bd c2 af 4c 7d                                   |...L}|

[1785500170.665988] TX fd=12 bytes=23 path=/dev/cu.usbmodem1234561
00000000  a1 00 17 ed 48 26 d7 c5 5d e5 a3 0f 81 ba db 69  |....H&..]......i|
00000010  93 bb 34 66 88 f1 5b                             |..4f..[|

[1785500170.666446] RX fd=12 bytes=21 path=/dev/cu.usbmodem1234561
00000000  b1 00 15 13 2b 3f 57 15 8e 92 54 d3 3b f3 a0 f6  |....+?W...T.;...|
00000010  6d 2a 05 aa 9c                                   |m*...|

[1785500170.686598] TX fd=12 bytes=23 path=/dev/cu.usbmodem1234561
00000000  a1 00 17 1c ae 9a cc 07 1e 1f 13 14 dc df 63 34  |..............c4|
00000010  d8 a0 e9 66 88 98 76                             |...f..v|

[1785500170.687081] RX fd=12 bytes=21 path=/dev/cu.usbmodem1234561
00000000  b1 00 15 55 68 cd 1a 16 e9 8d 1d f1 ec e2 e0 d0  |...Uh...........|
00000010  f0 1f 97 e3 7f                                   |.....|

[1785500170.705838] TX fd=12 bytes=23 path=/dev/cu.usbmodem1234561
00000000  a1 00 17 af 4c 83 24 82 4c d1 e0 2d be 57 4e 4b  |....L.$.L..-.WNK|
00000010  85 28 94 66 88 2e b8                             |.(.f...|

[1785500170.706266] RX fd=12 bytes=21 path=/dev/cu.usbmodem1234561
00000000  b1 00 15 fd d3 de 04 03 dd 56 ab 24 8f c6 97 19  |.........V.$....|
00000010  0e 76 94 3c 3e                                   |.v.<>|

[1785500170.726890] TX fd=12 bytes=23 path=/dev/cu.usbmodem1234561
00000000  a1 00 17 b7 47 e5 b8 8f 71 21 ae d4 87 80 62 cc  |....G...q!....b.|
00000010  97 7a b5 66 88 83 b7                             |.z.f...|

[1785500170.727321] RX fd=12 bytes=21 path=/dev/cu.usbmodem1234561
00000000  b1 00 15 31 a5 d8 03 9f 28 17 60 d0 3f f0 82 2e  |...1....(.`.?...|
00000010  56 b4 2d f7 0c                                   |V.-..|

[1785500170.746511] TX fd=12 bytes=23 path=/dev/cu.usbmodem1234561
00000000  a1 00 17 8a 72 b2 3a 03 97 51 c9 9e be c7 82 7c  |....r.:..Q.....||
00000010  24 24 5f 66 88 e7 ef                             |$$_f...|

[1785500170.746906] RX fd=12 bytes=21 path=/dev/cu.usbmodem1234561
00000000  b1 00 15 77 71 50 be 8d b0 be 33 3b 27 1c 42 09  |...wqP....3;'.B.|
00000010  5b 47 a9 fd 39                                   |[G..9|

[1785500170.746981] TX fd=12 bytes=23 path=/dev/cu.usbmodem1234561
00000000  a1 00 17 b9 3a 09 42 e0 a7 2c ef bb 9f 39 e8 53  |....:.B..,...9.S|
00000010  06 f2 31 66 88 5f 3c                             |..1f._<|

[1785500170.747654] RX fd=12 bytes=37 path=/dev/cu.usbmodem1234561
00000000  b1 00 25 06 a4 46 74 b1 20 20 e6 ea c1 fc 73 c8  |..%..Ft.  ....s.|
00000010  9f ea 5f d9 80 b1 02 91 06 8d a2 e2 8c 5c 28 f2  |.._..........\(.|
00000020  f0 61 c6 77 f1                                   |.a.w.|

[1785500171.847534] TX fd=12 bytes=23 path=/dev/cu.usbmodem1234561
00000000  a1 00 17 23 6e 82 73 5f ae 14 14 a2 05 1d 9e ac  |...#n.s_........|
00000010  82 16 7d 66 88 ab 13                             |..}f...|

[1785500171.848000] RX fd=12 bytes=21 path=/dev/cu.usbmodem1234561
00000000  b1 00 15 68 9e 4d 78 c0 eb b7 af 17 e1 39 b1 de  |...h.Mx......9..|
00000010  9d 68 91 79 a8                                   |.h.y.|

[1785500174.843009] TX fd=12 bytes=23 path=/dev/cu.usbmodem1234561
00000000  a1 00 17 23 6e 82 73 5f ae 14 14 a2 05 1d 9e ac  |...#n.s_........|
00000010  82 16 7d 66 88 ab 13                             |..}f...|

[1785500174.843556] RX fd=12 bytes=21 path=/dev/cu.usbmodem1234561
00000000  b1 00 15 68 9e 4d 78 c0 eb b7 af 17 e1 39 b1 de  |...h.Mx......9..|
00000010  9d 68 91 79 a8                                   |.h.y.|

[1785500177.841608] TX fd=12 bytes=23 path=/dev/cu.usbmodem1234561
00000000  a1 00 17 23 6e 82 73 5f ae 14 14 a2 05 1d 9e ac  |...#n.s_........|
00000010  82 16 7d 66 88 ab 13                             |..}f...|

[1785500177.842000] RX fd=12 bytes=21 path=/dev/cu.usbmodem1234561
00000000  b1 00 15 68 9e 4d 78 c0 eb b7 af 17 e1 39 b1 de  |...h.Mx......9..|
00000010  9d 68 91 79 a8                                   |.h.y.|

[1785500180.842063] TX fd=12 bytes=23 path=/dev/cu.usbmodem1234561
00000000  a1 00 17 23 6e 82 73 5f ae 14 14 a2 05 1d 9e ac  |...#n.s_........|
00000010  82 16 7d 66 88 ab 13                             |..}f...|

[1785500180.842518] RX fd=12 bytes=21 path=/dev/cu.usbmodem1234561
00000000  b1 00 15 68 9e 4d 78 c0 eb b7 af 17 e1 39 b1 de  |...h.Mx......9..|
00000010  9d 68 91 79 a8                                   |.h.y.|

[1785500183.832152] TX fd=12 bytes=23 path=/dev/cu.usbmodem1234561
00000000  a1 00 17 23 6e 82 73 5f ae 14 14 a2 05 1d 9e ac  |...#n.s_........|
00000010  82 16 7d 66 88 ab 13                             |..}f...|

[1785500183.832617] RX fd=12 bytes=21 path=/dev/cu.usbmodem1234561
00000000  b1 00 15 68 9e 4d 78 c0 eb b7 af 17 e1 39 b1 de  |...h.Mx......9..|
00000010  9d 68 91 79 a8                                   |.h.y.|

[1785500186.832123] TX fd=12 bytes=23 path=/dev/cu.usbmodem1234561
00000000  a1 00 17 23 6e 82 73 5f ae 14 14 a2 05 1d 9e ac  |...#n.s_........|
00000010  82 16 7d 66 88 ab 13                             |..}f...|

[1785500186.832584] RX fd=12 bytes=21 path=/dev/cu.usbmodem1234561
00000000  b1 00 15 68 9e 4d 78 c0 eb b7 af 17 e1 39 b1 de  |...h.Mx......9..|
00000010  9d 68 91 79 a8                                   |.h.y.|

[1785500189.832045] TX fd=12 bytes=23 path=/dev/cu.usbmodem1234561
00000000  a1 00 17 23 6e 82 73 5f ae 14 14 a2 05 1d 9e ac  |...#n.s_........|
00000010  82 16 7d 66 88 ab 13                             |..}f...|

[1785500189.832495] RX fd=12 bytes=21 path=/dev/cu.usbmodem1234561
00000000  b1 00 15 68 9e 4d 78 c0 eb b7 af 17 e1 39 b1 de  |...h.Mx......9..|
00000010  9d 68 91 79 a8                                   |.h.y.|

[1785500192.834543] TX fd=12 bytes=23 path=/dev/cu.usbmodem1234561
00000000  a1 00 17 23 6e 82 73 5f ae 14 14 a2 05 1d 9e ac  |...#n.s_........|
00000010  82 16 7d 66 88 ab 13                             |..}f...|

[1785500192.834991] RX fd=12 bytes=21 path=/dev/cu.usbmodem1234561
00000000  b1 00 15 68 9e 4d 78 c0 eb b7 af 17 e1 39 b1 de  |...h.Mx......9..|
00000010  9d 68 91 79 a8                                   |.h.y.|

[1785500195.836130] TX fd=12 bytes=23 path=/dev/cu.usbmodem1234561
00000000  a1 00 17 23 6e 82 73 5f ae 14 14 a2 05 1d 9e ac  |...#n.s_........|
00000010  82 16 7d 66 88 ab 13                             |..}f...|

[1785500195.836633] RX fd=12 bytes=21 path=/dev/cu.usbmodem1234561
00000000  b1 00 15 68 9e 4d 78 c0 eb b7 af 17 e1 39 b1 de  |...h.Mx......9..|
00000010  9d 68 91 79 a8                                   |.h.y.|

[1785500197.216165] TX fd=12 bytes=23 path=/dev/cu.usbmodem1234561
00000000  a1 00 17 b7 47 e5 b8 8f 71 21 ae d4 87 80 62 cc  |....G...q!....b.|
00000010  97 7a b5 66 88 83 b7                             |.z.f...|

[1785500197.216624] RX fd=12 bytes=21 path=/dev/cu.usbmodem1234561
00000000  b1 00 15 31 a5 d8 03 9f 28 17 60 d0 3f f0 82 2e  |...1....(.`.?...|
00000010  56 b4 2d f7 0c                                   |V.-..|

[1785500197.237275] TX fd=12 bytes=167 path=/dev/cu.usbmodem1234561
00000000  a1 00 a7 c0 22 66 c7 56 da 2e e3 22 78 56 af 2a  |...."f.V..."xV.*|
00000010  3b 18 55 fd aa 72 97 fc 54 73 b5 dd fe 13 89 27  |;.U..r..Ts.....'|
00000020  d7 f0 91 ed 2b ff ed b1 37 fb 49 5e 90 13 02 28  |....+...7.I^...(|
00000030  76 94 91 35 7f 7c db fd 82 5e c8 13 ee 11 89 33  |v..5.|...^.....3|
00000040  25 2e bb 5f 13 55 fa 4e 4d 25 36 f3 da 5e 96 a0  |%.._.U.NM%6..^..|
00000050  67 d0 24 0f cb 99 f9 3c f9 ea 44 f0 0a 11 ed c1  |g.$....<..D.....|
00000060  cc a6 4a 95 b5 4d a1 2b 65 a7 76 a0 e0 d4 85 90  |..J..M.+e.v.....|
00000070  6c 1f 84 7a d4 6c e4 ce 4c 15 01 8d a5 4f 8b 58  |l..z.l..L....O.X|
00000080  64 74 53 9a 51 6a 56 6e 92 2c 46 6e e3 99 68 bb  |dtS.QjVn.,Fn..h.|
00000090  22 c1 98 2d 54 76 46 69 14 b3 72 67 16 a0 e7 dc  |"..-TvFi..rg....|
000000a0  5d 39 ff 66 88 7a ae                             |]9.f.z.|

[1785500197.238116] RX fd=12 bytes=21 path=/dev/cu.usbmodem1234561
00000000  b1 00 15 77 71 50 be 8d b0 be 33 3b 27 1c 42 09  |...wqP....3;'.B.|
00000010  5b 47 a9 fd 39                                   |[G..9|

[1785500197.238183] TX fd=12 bytes=23 path=/dev/cu.usbmodem1234561
00000000  a1 00 17 84 62 b8 8c fb cd 18 7c 92 a8 47 8b a8  |....b.....|..G..|
00000010  ef 3c ef 66 88 16 f6                             |.<.f...|

[1785500197.238663] RX fd=12 bytes=21 path=/dev/cu.usbmodem1234561
00000000  b1 00 15 77 71 50 be 8d b0 be 33 3b 27 1c 42 09  |...wqP....3;'.B.|
00000010  5b 47 a9 fd 39                                   |[G..9|

[1785500197.239159] RX fd=12 bytes=21 path=/dev/cu.usbmodem1234561
00000000  b1 00 15 24 b1 80 e3 f6 58 21 67 1e 02 b8 84 81  |...$....X!g.....|
00000010  12 28 ff 57 8f                                   |.(.W.|

[1785500198.840707] TX fd=12 bytes=23 path=/dev/cu.usbmodem1234561
00000000  a1 00 17 23 6e 82 73 5f ae 14 14 a2 05 1d 9e ac  |...#n.s_........|
00000010  82 16 7d 66 88 ab 13                             |..}f...|

[1785500198.841664] RX fd=12 bytes=21 path=/dev/cu.usbmodem1234561
00000000  b1 00 15 75 84 a1 e8 81 54 35 47 24 e1 12 ec 4f  |...u....T5G$...O|
00000010  43 09 24 29 be                                   |C.$).|

[1785500199.499714] RX fd=12 bytes=21 path=/dev/cu.usbmodem1234561
00000000  b1 00 15 0d f4 dc db d7 7e 37 67 6c 38 0b 4a 83  |........~7gl8.J.|
00000010  50 32 c2 64 d9                                   |P2.d.|

[1785500201.839950] TX fd=12 bytes=23 path=/dev/cu.usbmodem1234561
00000000  a1 00 17 23 6e 82 73 5f ae 14 14 a2 05 1d 9e ac  |...#n.s_........|
00000010  82 16 7d 66 88 ab 13                             |..}f...|

[1785500201.840541] RX fd=12 bytes=21 path=/dev/cu.usbmodem1234561
00000000  b1 00 15 68 9e 4d 78 c0 eb b7 af 17 e1 39 b1 de  |...h.Mx......9..|
00000010  9d 68 91 79 a8                                   |.h.y.|

[1785500203.848993] TX fd=12 bytes=23 path=/dev/cu.usbmodem1234561
00000000  a1 00 17 b7 47 e5 b8 8f 71 21 ae d4 87 80 62 cc  |....G...q!....b.|
00000010  97 7a b5 66 88 83 b7                             |.z.f...|

[1785500203.849408] RX fd=12 bytes=21 path=/dev/cu.usbmodem1234561
00000000  b1 00 15 31 a5 d8 03 9f 28 17 60 d0 3f f0 82 2e  |...1....(.`.?...|
00000010  56 b4 2d f7 0c                                   |V.-..|

[1785500203.869698] TX fd=12 bytes=167 path=/dev/cu.usbmodem1234561
00000000  a1 00 a7 c0 22 66 c7 56 da 2e e3 22 78 56 af 2a  |...."f.V..."xV.*|
00000010  3b 18 55 fd aa 72 97 fc 54 73 b5 dd fe 13 89 27  |;.U..r..Ts.....'|
00000020  d7 f0 91 ed 2b ff ed b1 37 fb 49 5e 90 13 02 28  |....+...7.I^...(|
00000030  76 94 91 35 7f 7c db fd 82 5e c8 13 ee 11 89 33  |v..5.|...^.....3|
00000040  25 2e bb 5f 13 55 fa 4e 4d 25 36 f3 da 5e 96 a0  |%.._.U.NM%6..^..|
00000050  67 d0 24 0f cb 99 f9 3c f9 ea 44 f0 0a 11 ed c1  |g.$....<..D.....|
00000060  cc a6 4a 95 b5 4d a1 2b 65 a7 76 a0 e0 d4 85 90  |..J..M.+e.v.....|
00000070  6c 1f 84 7a d4 6c e4 ce 4c 15 01 8d a5 4f 8b 58  |l..z.l..L....O.X|
00000080  64 74 53 9a 51 6a 56 6e 92 2c 46 6e e3 99 68 bb  |dtS.QjVn.,Fn..h.|
00000090  22 c1 98 2d 54 76 46 69 14 b3 72 67 16 a0 e7 dc  |"..-TvFi..rg....|
000000a0  5d 39 ff 66 88 7a ae                             |]9.f.z.|

[1785500203.870528] RX fd=12 bytes=21 path=/dev/cu.usbmodem1234561
00000000  b1 00 15 77 71 50 be 8d b0 be 33 3b 27 1c 42 09  |...wqP....3;'.B.|
00000010  5b 47 a9 fd 39                                   |[G..9|

[1785500203.870737] TX fd=12 bytes=1024 path=/dev/cu.usbmodem1234561
00000000  a1 0b c7 85 f2 09 a9 bb 13 e3 ec d5 60 cd f0 3f  |............`..?|
00000010  10 6c ba e3 5a 9d a0 70 51 22 d7 bc cc 66 4c 76  |.l..Z..pQ"...fLv|
00000020  14 6d 7e 89 c5 e8 ff 9e e1 8c 75 55 9a 99 b5 ba  |.m~.......uU....|
00000030  94 f3 29 b9 85 c9 aa af f6 56 72 4b c0 f4 b3 ad  |..)......VrK....|
00000040  9e c1 30 e2 7b 7c 93 03 a4 38 1d fa 8a 96 cd ad  |..0.{|...8......|
00000050  53 66 01 a2 69 5a d0 dd 62 ee 12 82 88 a5 37 9a  |Sf..iZ..b.....7.|
00000060  2a 67 08 cc a6 10 ec cc 83 64 96 03 c1 b3 76 be  |*g.......d....v.|
00000070  89 ec 50 10 ec d7 d1 42 6c f8 13 22 4e 39 a7 6f  |..P....Bl.."N9.o|
00000080  60 cd 9f 95 00 6c 9f 8a e0 25 5d 76 7d f1 11 6c  |`....l...%]v}..l|
00000090  96 05 cb 18 ca ea d8 ad a9 5c 20 70 5e 73 33 98  |.........\ p^s3.|
000000a0  3f 8e bb a3 bc f2 82 d1 18 e3 80 7d f7 32 ac c6  |?..........}.2..|
000000b0  75 dd c8 0b d3 21 2d 97 5e a3 41 f9 02 cd 73 89  |u....!-.^.A...s.|
000000c0  af cc 42 76 b8 4d 66 87 ed de 52 fb d8 c1 ef 9a  |..Bv.Mf...R.....|
000000d0  ef 5f eb f7 e6 2c 9f a4 07 b4 03 8b 1e b3 5f 2e  |._...,........_.|
000000e0  c1 cd 28 4c 32 81 90 af 26 6a 70 51 06 2d 1a 0c  |..(L2...&jpQ.-..|
000000f0  14 70 67 22 29 c7 83 4b df 67 b2 3d d6 d8 69 8f  |.pg")..K.g.=..i.|
00000100  5a 3a 0b b5 2b b8 96 54 cc aa b2 66 3b 42 84 ba  |Z:..+..T...f;B..|
00000110  4b 34 f4 2d 76 c7 96 20 38 23 ac 20 80 98 a9 7c  |K4.-v.. 8#. ...||
00000120  5f 77 b2 10 9e da 09 56 ee ce c5 26 8d 39 fe fc  |_w.....V...&.9..|
00000130  58 e7 0f 8c 90 c0 da 46 67 bf 14 9c 85 a8 e1 de  |X......Fg.......|
00000140  37 8c 63 e2 90 21 4a 3b 0a 28 47 78 f5 b4 8c 85  |7.c..!J;.(Gx....|
00000150  2c 8b 96 2c f1 bb 31 0a 4c 0d ec a4 51 12 51 64  |,..,..1.L...Q.Qd|
00000160  d3 05 a5 f4 d2 03 1b ec 4b cb 62 d4 4f c8 aa 77  |........K.b.O..w|
00000170  32 43 8f 63 62 29 9d 29 60 85 04 61 3c 59 44 26  |2C.cb).)`..a<YD&|
00000180  72 77 3c 17 dd 68 ad e8 d1 a2 e2 3c 92 79 c3 6c  |rw<..h.....<.y.l|
00000190  73 62 13 2d 94 6c 5a 24 96 c8 33 b1 f8 cc 59 c2  |sb.-.lZ$..3...Y.|
000001a0  7e 97 8f 5a 4e 62 eb de 29 02 01 ba ef fb 2f 36  |~..ZNb..)...../6|
000001b0  ce ed 10 ff cd 9e 25 84 1a de 93 c7 9d b1 dc d4  |......%.........|
000001c0  e0 98 6d 51 ea 95 75 c9 f7 26 8b 12 ed a5 15 4e  |..mQ..u..&.....N|
000001d0  76 fe 8b 50 2a 48 d6 7f 6e f0 40 23 3c 2c c7 26  |v..P*H..n.@#<,.&|
000001e0  7a d7 1b e7 91 1d f9 e1 72 3a 8f e5 6e c8 94 0f  |z.......r:..n...|
000001f0  28 17 06 4c cd 03 6a 5b 39 f3 47 9e 22 6b d5 7e  |(..L..j[9.G."k.~|
00000200  fb 30 41 fa 35 24 89 9d 6e 8f 23 5e 70 04 87 74  |.0A.5$..n.#^p..t|
00000210  98 41 9d ff 30 61 8c 0e 4f bc 81 b8 4c ff 29 b5  |.A..0a..O...L.).|
00000220  2d 70 cb 43 f8 e8 60 42 ac 43 f7 e3 96 0e 78 ae  |-p.C..`B.C....x.|
00000230  44 e7 56 5a ab ec d9 07 4c a1 b4 7b 9f 90 db f4  |D.VZ....L..{....|
00000240  38 54 27 94 a4 fa 09 96 5e 81 5a e1 b8 a9 cb 47  |8T'.....^.Z....G|
00000250  2e 47 54 56 4c bf 98 59 21 3b a2 57 ad 04 3b 9b  |.GTVL..Y!;.W..;.|
00000260  0d 60 a3 b7 3d b0 0a 08 8a 2f f9 3f 1f 71 df c1  |.`..=..../.?.q..|
00000270  56 00 bc 5b f4 59 54 57 db 65 75 93 3d a3 c2 b3  |V..[.YTW.eu.=...|
00000280  d9 83 77 e2 15 56 fc 81 06 9a 17 97 42 27 a7 04  |..w..V......B'..|
00000290  ad 23 3a e1 be ac 82 d1 52 cb eb a8 cd 04 7e b9  |.#:.....R.....~.|
000002a0  f8 4a e4 d3 25 4c 4a 8b c3 1b 7b ad 9d f6 ac 9d  |.J..%LJ...{.....|
000002b0  59 df 17 55 5c 1c 2f 0b c7 27 4d f6 62 42 60 79  |Y..U\./..'M.bB`y|
000002c0  7c 88 55 32 de a4 de 8d fc 52 4c fa 7e 97 30 a7  ||.U2.....RL.~.0.|
000002d0  43 1c fe 84 0f 2f 2e 72 94 d6 9d 56 07 56 5e 12  |C..../.r...V.V^.|
000002e0  60 cc 84 b3 e2 d2 71 64 4c f8 3d a6 ed 74 14 06  |`.....qdL.=..t..|
000002f0  7c 7e 0a 9e 94 53 63 21 86 4e be 52 bf e0 9e 37  ||~...Sc!.N.R...7|
00000300  e9 8b 02 93 4e 57 8b f0 c6 d2 da 2c 34 d4 d8 1c  |....NW.....,4...|
00000310  19 ef 5e 53 d6 b8 3f 47 0b 70 5c 65 87 37 d0 2e  |..^S..?G.p\e.7..|
00000320  7f a6 b6 a5 12 ab e4 43 ee 8f de e5 f7 9c 88 0c  |.......C........|
00000330  92 07 6a 4d 9c 7c a4 e3 a6 50 e7 08 73 87 a4 82  |..jM.|...P..s...|
00000340  a6 95 31 2f c7 b8 27 80 fa 02 78 4d 7b b3 9c 5a  |..1/..'...xM{..Z|
00000350  a8 68 21 dd 38 c3 51 1f 90 bf 6b 77 f9 ec ac f9  |.h!.8.Q...kw....|
00000360  b2 2d 96 11 85 86 c0 88 85 33 4b cd 4b 34 e4 14  |.-.......3K.K4..|
00000370  a9 47 11 50 02 d1 08 df 77 8f bf 62 f9 a4 37 a4  |.G.P....w..b..7.|
00000380  9a 40 6b 4f 66 16 ca e1 a3 db 4a e3 77 75 f1 1c  |.@kOf.....J.wu..|
00000390  33 37 41 c0 14 49 92 db 23 2e ee 14 2f 76 fa cd  |37A..I..#.../v..|
000003a0  93 cc ad 4d eb 3b 8b bc 46 68 52 92 e0 0d df 99  |...M.;..FhR.....|
000003b0  69 45 5c 4a fa 1c b8 a6 3d 4c 6b e6 39 76 24 63  |iE\J....=Lk.9v$c|
000003c0  d8 6f 6f 0a 06 de ac 2a 3c 8b 3d ae 9f 09 09 b1  |.oo....*<.=.....|
000003d0  ef 79 ba e9 e5 8c 9d 3f 70 38 83 4f c9 89 6e fa  |.y.....?p8.O..n.|
000003e0  d5 b2 88 c9 24 14 45 72 74 e7 a0 7b df 06 b5 e4  |....$.Ert..{....|
000003f0  4b 03 d8 a8 45 66 f1 e7 b5 ce 23 f6 20 43 a5 88  |K...Ef....#. C..|

[1785500203.870944] TX fd=12 bytes=1024 path=/dev/cu.usbmodem1234561
00000000  0c 5d 61 46 f0 00 6e f6 bf e1 1e 9f 4a b7 54 55  |.]aF..n.....J.TU|
00000010  1b a7 5d d2 84 0f d4 2a 4b 27 d6 8b fa 83 cf 1f  |..]....*K'......|
00000020  de 56 83 f2 08 77 c1 7a 54 db ae ea b6 65 a5 38  |.V...w.zT....e.8|
00000030  f0 1b 6f 95 a3 4a 1f ad 04 1f c9 63 26 dc a7 5d  |..o..J.....c&..]|
00000040  0b c4 f6 f3 c1 27 ee 7d c7 8c e3 92 16 6b 69 14  |.....'.}.....ki.|
00000050  07 6e ce 89 a6 f1 2f b8 15 bd 97 d6 5b 34 9e e0  |.n..../.....[4..|
00000060  c2 36 f9 50 79 46 f0 95 83 dd 8c 50 3b 45 4f 31  |.6.PyF.....P;EO1|
00000070  1a b6 f3 8f 61 c8 bc a2 66 ff 3a c5 3c ad 59 fa  |....a...f.:.<.Y.|
00000080  74 b8 f5 1f 68 79 4a 0c 2f f7 ae d1 d6 f7 4d 37  |t...hyJ./.....M7|
00000090  d3 90 4e c7 a4 2e 7a 08 11 57 ca 2e 18 48 e1 f9  |..N...z..W...H..|
000000a0  97 5d da 10 30 73 e4 4a df d9 1f 75 e4 ac 4d 70  |.]..0s.J...u..Mp|
000000b0  3e 7f 04 c5 27 6f 3a bc 1e 9f b0 35 80 d7 55 84  |>...'o:....5..U.|
000000c0  6e 0f 44 43 f3 45 ce f1 87 c9 29 5f ec 52 82 2e  |n.DC.E....)_.R..|
000000d0  56 75 6b de df 67 fb c9 20 c8 ea f9 f9 3b 6f ca  |Vuk..g.. ....;o.|
000000e0  af 6e 42 d4 39 67 c3 a0 f0 cf 96 d6 80 3c 83 b9  |.nB.9g.......<..|
000000f0  cc 03 1c 29 35 a7 8b ed b5 00 b0 6b 09 e7 38 a9  |...)5......k..8.|
00000100  b6 aa af d0 10 ee 01 28 e0 55 bf 62 72 c8 9f a4  |.......(.U.br...|
00000110  6c 6f 8c ad 00 72 95 e2 c4 28 57 7d a8 b4 af 0f  |lo...r...(W}....|
00000120  9e c9 0d e8 5c 48 bd 8e df 92 e5 6b 1a 3b 24 6f  |....\H.....k.;$o|
00000130  f7 b1 4c 63 b3 84 00 74 04 d0 19 ab 81 cf 51 0c  |..Lc...t......Q.|
00000140  be 37 3b 96 88 c3 06 88 99 df 77 eb 81 13 48 51  |.7;.......w...HQ|
00000150  a2 3a 77 cf d6 1e f9 ba 23 2f 85 61 5b 14 0f d7  |.:w.....#/.a[...|
00000160  c8 1b d4 f1 16 3e 71 7c de b1 25 34 05 d8 2f 1e  |.....>q|..%4../.|
00000170  c7 df 75 f4 71 3d ae c7 55 0d c3 c3 d6 1e db d6  |..u.q=..U.......|
00000180  e3 d5 ab 9a 23 68 17 85 9e dd 94 f5 89 96 39 a1  |....#h........9.|
00000190  24 64 96 eb 3c c9 ff 2f 1f d8 70 9a 84 af e2 1b  |$d..<../..p.....|
000001a0  4e 19 e7 75 1a a1 d0 de 52 8b fe 76 91 7f ea fe  |N..u....R..v....|
000001b0  76 a4 94 7f fa 6d b8 9c 1c 01 21 21 a9 42 9c a9  |v....m....!!.B..|
000001c0  41 5f 44 5d e6 ac c7 90 b2 87 94 ae 5c 22 b7 41  |A_D]........\".A|
000001d0  d4 f4 79 c4 1f d0 0d f7 1b e7 fb d1 25 b1 77 92  |..y.........%.w.|
000001e0  e0 57 96 cb 6e da 29 99 4f 9a 0b c5 c0 89 cb ce  |.W..n.).O.......|
000001f0  fa ec 05 fd d4 ea a0 e1 48 30 fe 6b 0e 8e 43 f5  |........H0.k..C.|
00000200  13 0b a8 ad 7f 4b 4a 1d ab 7d 5c 15 ae 69 22 02  |.....KJ..}\..i".|
00000210  56 80 4a 2e ec 3a c0 a7 a0 c7 5b f3 13 b7 d8 98  |V.J..:....[.....|
00000220  a7 86 5f ea 67 52 98 59 45 23 86 14 de 24 aa 56  |.._.gR.YE#...$.V|
00000230  f1 83 3b 0d 53 d6 a8 6d 61 a0 e2 55 08 a2 7e 7a  |..;.S..ma..U..~z|
00000240  85 09 24 8b da 48 78 49 e1 30 ec aa 5d 74 b6 ce  |..$..HxI.0..]t..|
00000250  ad 5c 3e 44 b3 bc 89 d1 e3 85 80 a1 55 a3 c4 f5  |.\>D........U...|
00000260  24 a8 75 25 3f 70 a8 c8 20 1f 63 72 ae 6b f5 6e  |$.u%?p.. .cr.k.n|
00000270  a1 4a 93 fa f1 d1 88 de 2e 73 2e 0b a7 ef fb e2  |.J.......s......|
00000280  08 51 55 e4 7c ca 15 61 c9 44 31 4b 6a 9f a8 9c  |.QU.|..a.D1Kj...|
00000290  57 ab 7a 90 94 11 e8 0c d5 83 f0 61 e2 e5 1e 0a  |W.z........a....|
000002a0  9d 7f 6f 38 3c 44 95 91 52 aa 81 4d 85 e7 54 8b  |..o8<D..R..M..T.|
000002b0  f7 1d a3 bd a5 fd 1d 1e 7a fe 46 26 2b ab 4b 18  |........z.F&+.K.|
000002c0  3e 47 3b 55 3b 84 b2 45 58 03 b8 18 9e c6 5c 32  |>G;U;..EX.....\2|
000002d0  57 34 c0 28 7c 35 f6 44 e8 48 3a 83 43 79 dd 2a  |W4.(|5.D.H:.Cy.*|
000002e0  bb 16 f3 ba a7 ce e3 d4 29 a2 25 6b 3a 50 fa 09  |........).%k:P..|
000002f0  64 d8 5d 8e 35 59 c7 99 09 42 5d fa d3 5a 18 ee  |d.].5Y...B]..Z..|
00000300  26 94 9b 09 e3 f7 5f f4 11 fd b7 9a 05 87 5f 59  |&....._......._Y|
00000310  24 49 26 b9 ce 32 8f c0 ef fe d7 45 0f 88 4a 8c  |$I&..2.....E..J.|
00000320  09 64 13 4a dc f4 c0 dc e3 36 04 9e 34 89 ac 22  |.d.J.....6..4.."|
00000330  7b 12 23 72 8a 7f cf 7a 55 20 57 c1 aa ce 7d e3  |{.#r...zU W...}.|
00000340  f1 b1 72 f0 85 ed 7c 2f 1b ff df 9a 10 10 6a 79  |..r...|/......jy|
00000350  1b f8 26 a6 c1 00 a3 bb 8e ba 7b 21 3e af 06 55  |..&.......{!>..U|
00000360  d9 0f 9e 2c d4 46 bc 08 aa 7b eb 56 03 16 cb 6e  |...,.F...{.V...n|
00000370  49 31 ca ba 33 b9 75 57 a1 01 5e 93 f0 86 4e 4c  |I1..3.uW..^...NL|
00000380  86 1f 61 1c 87 70 f8 62 a9 93 08 03 4a de 5b e0  |..a..p.b....J.[.|
00000390  52 76 40 27 70 ec 38 1c d8 f6 c5 65 0f 73 26 6e  |Rv@'p.8....e.s&n|
000003a0  af d1 7c ca 02 13 f4 d6 7c 4e 31 e3 35 88 91 cd  |..|.....|N1.5...|
000003b0  2a c4 61 fe 10 98 29 40 85 a7 b7 69 45 63 1f 75  |*.a...)@...iEc.u|
000003c0  d2 d2 fd 2e d0 2b a6 ba 46 05 fc 60 d1 ee 5d d1  |.....+..F..`..].|
000003d0  b4 68 f9 9f 70 db 26 9e cc 5f 77 77 e1 ff c6 27  |.h..p.&.._ww...'|
000003e0  b6 eb 6c dd c5 f5 5b ee dd 43 0e 00 ee 8e 52 a2  |..l...[..C....R.|
000003f0  80 5d ef f2 97 0c 11 f9 0f 83 c2 37 89 bb 6f 7c  |.].........7..o||

[1785500203.871149] TX fd=12 bytes=967 path=/dev/cu.usbmodem1234561
00000000  82 49 11 23 d1 2f 07 dc e7 8d 1d 82 aa 54 ec f2  |.I.#./.......T..|
00000010  e4 67 17 c4 f8 ca 2a d9 6e cb a6 22 0d ae 48 e4  |.g....*.n.."..H.|
00000020  66 51 b5 ca d7 d8 65 a6 b2 d4 7d d4 fd b4 b8 f2  |fQ....e...}.....|
00000030  84 73 a7 34 d1 76 e0 e4 63 6d 4c 94 37 a6 f1 28  |.s.4.v..cmL.7..(|
00000040  37 6b 94 59 76 5a 07 37 c0 e5 ed 26 23 ba 39 77  |7k.YvZ.7...&#.9w|
00000050  6a ac 09 bc 3f 27 31 ea 64 d5 57 24 18 2c 3e 87  |j...?'1.d.W$.,>.|
00000060  4f 84 eb 80 eb f3 66 7a 37 de 60 81 9a dc aa 56  |O.....fz7.`....V|
00000070  9e 22 2c aa 7e 81 9d 45 54 9c 21 95 a5 c3 ef 9d  |.",.~..ET.!.....|
00000080  89 84 d9 2b c3 5d 1a 29 90 a4 50 fe 8e d2 2a 97  |...+.].)..P...*.|
00000090  dd de 83 7a 43 42 c9 99 46 93 59 71 57 ca 84 4b  |...zCB..F.YqW..K|
000000a0  01 05 31 1f 7c c4 16 20 29 18 d4 20 8e 57 e3 45  |..1.|.. ).. .W.E|
000000b0  3a 99 27 36 e9 48 7e 1b 01 be 55 4a 17 3d 1f 3d  |:.'6.H~...UJ.=.=|
000000c0  e6 04 b2 af 88 02 00 25 3b 5b 70 74 49 95 d9 c6  |.......%;[ptI...|
000000d0  65 fc 16 14 24 ca 31 5e cc 67 ec c4 46 38 4c 87  |e...$.1^.g..F8L.|
000000e0  ee b1 26 a0 16 91 c5 b6 a7 a2 60 d9 bd e0 3f 48  |..&.......`...?H|
000000f0  0c 29 dc bb 0e 3b c5 1d 53 4f fb 17 ed 2c 36 1f  |.)...;..SO...,6.|
00000100  a6 45 fe 16 ef 2b b6 f0 67 d1 8f 60 b2 0d 1d 3a  |.E...+..g..`...:|
00000110  30 bb 6e 75 11 ac 3a 5a 16 f0 1b 3b ea 10 04 97  |0.nu..:Z...;....|
00000120  f4 eb c9 28 e5 95 93 89 64 2c e1 c9 31 f2 6a ad  |...(....d,..1.j.|
00000130  97 6e c9 3a a7 9e 6f 47 b4 d1 89 a4 e5 4c 5b 42  |.n.:..oG.....L[B|
00000140  78 e6 2a 86 2f b9 cb 34 dc c7 f6 7f ff cf cc 42  |x.*./..4.......B|
00000150  9c bb 1b fc 12 b1 e0 d6 99 52 3a 16 9f 69 37 02  |.........R:..i7.|
00000160  53 7d 68 6f 3d 55 5c e5 d1 59 f6 db 8a 05 27 21  |S}ho=U\..Y....'!|
00000170  ab 57 c5 f8 0b b6 fd 98 75 ee d1 03 cc 87 ee 18  |.W......u.......|
00000180  f1 6c 13 1a f1 8c 09 26 fe 2a 60 fe 52 18 a0 4d  |.l.....&.*`.R..M|
00000190  5e a8 97 46 8e 7e 17 bc e5 90 14 25 28 8e 68 27  |^..F.~.....%(.h'|
000001a0  5d c6 2b 12 d0 de ef f0 ac 2d f6 65 d6 7c b2 93  |].+......-.e.|..|
000001b0  d4 8e e6 5f 66 29 bb 77 d0 23 37 d0 88 e5 d8 c5  |..._f).w.#7.....|
000001c0  25 24 f3 79 63 68 e1 5c 65 32 ce 35 d0 a6 b9 cd  |%$.ych.\e2.5....|
000001d0  16 e4 75 bd 4f 64 6b 33 bb 58 62 78 da 6e 75 10  |..u.Odk3.Xbx.nu.|
000001e0  c2 05 d1 1a 52 a2 c1 27 1e d4 4f 59 9d db ad 18  |....R..'..OY....|
000001f0  be 7f 9e af 47 0d 5f 83 d3 93 aa e7 6c ae ae e3  |....G._.....l...|
00000200  09 94 db 27 57 fb ed c5 38 e2 65 10 6b 52 de bb  |...'W...8.e.kR..|
00000210  a6 4a c1 8a 29 31 ac 38 9a 59 8c f7 6d 0a 22 7a  |.J..)1.8.Y..m."z|
00000220  de 7d e2 84 9d 9e a5 05 dc 86 59 1c 8a c5 44 5e  |.}........Y...D^|
00000230  20 f5 06 ee 76 c2 a5 6f 02 10 6a c1 0e 22 37 9c  | ...v..o..j.."7.|
00000240  ae 6f ed 0f 40 97 ab 41 37 9e 25 f2 73 3c 41 a9  |.o..@..A7.%.s<A.|
00000250  1d a8 33 7d 13 86 00 b5 3e de b9 4a 70 1e 81 bd  |..3}....>..Jp...|
00000260  01 c3 32 60 95 51 d4 a9 47 32 ef e9 ce ec de 14  |..2`.Q..G2......|
00000270  48 e6 3f 4c 91 f9 65 af 4b 01 15 65 ba e8 26 f9  |H.?L..e.K..e..&.|
00000280  3e cb 23 90 8f 3e 5e 34 92 b5 27 1d b7 c9 47 49  |>.#..>^4..'...GI|
00000290  04 83 82 5e 0e 46 c8 dd cf 6e 73 ad 09 b5 38 3a  |...^.F...ns...8:|
000002a0  be cd f4 8e 69 df 83 3a bc 6e 06 e1 4b 73 4e 04  |....i..:.n..KsN.|
000002b0  fd fb ec b6 22 52 be 9b 6a 4d 64 f3 7c 86 07 e6  |...."R..jMd.|...|
000002c0  57 76 2e d0 e7 58 c9 3b 54 62 b9 da e7 bc 71 c2  |Wv...X.;Tb....q.|
000002d0  2a 95 fd 82 c0 23 0f 58 3d 8d 04 a3 b4 bc e9 8b  |*....#.X=.......|
000002e0  94 11 8c 3e 3f 88 f8 a5 25 37 7c 8c 62 dc a7 b1  |...>?...%7|.b...|
000002f0  dc 79 b2 57 a4 b6 02 76 c2 cc e7 e8 0d 03 84 2a  |.y.W...v.......*|
00000300  ef 6e 5b 20 14 f1 92 e8 a4 39 91 60 25 5c 4a c2  |.n[ .....9.`%\J.|
00000310  bd 23 fe 9c 28 07 4c c4 32 14 14 6d 49 55 0c 3f  |.#..(.L.2..mIU.?|
00000320  b3 3a 02 15 2d e6 37 79 64 b2 33 2f eb ee 13 48  |.:..-.7yd.3/...H|
00000330  e5 50 52 4e ea d1 ca c6 4d 0c c7 8b 84 5a 94 6d  |.PRN....M....Z.m|
00000340  72 c8 4b ea d6 cc 14 c9 46 08 a2 6e 6e 78 b2 71  |r.K.....F..nnx.q|
00000350  2f 36 ff 48 f7 ab f9 7a e1 dc 33 c6 11 82 04 78  |/6.H...z..3....x|
00000360  4b 17 47 ca 0d 86 df 21 c4 ae 12 ca a6 fc 6c 65  |K.G....!......le|
00000370  40 c1 bc d1 9f 99 18 37 13 da 1e 03 62 c6 f5 ab  |@......7....b...|
00000380  cd bd f1 8f eb 63 fd c0 12 67 64 67 6f cb 71 e3  |.....c...gdgo.q.|
00000390  eb 45 28 13 34 55 be bd 0e bb 97 82 f1 b0 70 f5  |.E(.4U........p.|
000003a0  27 ba ce 69 53 5d 9c 8a e0 be f3 76 f8 fc 8a 6d  |'..iS].....v...m|
000003b0  72 5f 7d 35 89 92 0b 0d f5 98 b9 38 f7 2d da af  |r_}5.......8.-..|
000003c0  65 3f 9c 66 88 e5 bf                             |e?.f...|

[1785500203.880496] RX fd=12 bytes=21 path=/dev/cu.usbmodem1234561
00000000  b1 00 15 77 71 50 be 8d b0 be 33 3b 27 1c 42 09  |...wqP....3;'.B.|
00000010  5b 47 a9 fd 39                                   |[G..9|

[1785500203.880566] TX fd=12 bytes=23 path=/dev/cu.usbmodem1234561
00000000  a1 00 17 02 da 4f 97 06 27 ca 19 02 da ea 5b c3  |.....O..'.....[.|
00000010  db 41 97 66 88 10 f9                             |.A.f...|

[1785500203.980879] RX fd=12 bytes=21 path=/dev/cu.usbmodem1234561
00000000  b1 00 15 77 71 50 be 8d b0 be 33 3b 27 1c 42 09  |...wqP....3;'.B.|
00000010  5b 47 a9 fd 39                                   |[G..9|

[1785500203.981010] TX fd=12 bytes=23 path=/dev/cu.usbmodem1234561
00000000  a1 00 17 a3 6f ec 09 2f b1 c3 f0 cd 1b 86 e1 7c  |....o../.......||
00000010  a3 dd ec 66 88 cc e0                             |...f...|

[1785500204.079869] RX fd=12 bytes=21 path=/dev/cu.usbmodem1234561
00000000  b1 00 15 77 71 50 be 8d b0 be 33 3b 27 1c 42 09  |...wqP....3;'.B.|
00000010  5b 47 a9 fd 39                                   |[G..9|

[1785500204.080011] TX fd=12 bytes=23 path=/dev/cu.usbmodem1234561
00000000  a1 00 17 60 fa 3a 47 6d c0 92 fd ac 71 a5 bc 7c  |...`.:Gm....q..||
00000010  1c 90 e4 66 88 df 5a                             |...f..Z|

[1785500204.080424] RX fd=12 bytes=21 path=/dev/cu.usbmodem1234561
00000000  b1 00 15 e5 ad 8b c7 94 ba b1 46 51 95 55 35 0e  |..........FQ.U5.|
00000010  53 ec 9d d7 bc                                   |S....|

[1785500204.099356] RX fd=12 bytes=21 path=/dev/cu.usbmodem1234561
00000000  b1 00 15 ca 4f 1f 6a 92 1b 9c fe 59 51 d3 c5 18  |....O.j....YQ...|
00000010  eb 28 4d 6f d9                                   |.(Mo.|

[1785500204.101045] TX fd=12 bytes=23 path=/dev/cu.usbmodem1234561
00000000  a1 00 17 60 fa 3a 47 6d c0 92 fd ac 71 a5 bc 7c  |...`.:Gm....q..||
00000010  1c 90 e4 66 88 df 5a                             |...f..Z|

[1785500204.120459] RX fd=12 bytes=21 path=/dev/cu.usbmodem1234561
00000000  b1 00 15 e5 ae 5f 64 4d a1 b9 5b 0f df 17 b0 d6  |....._dM..[.....|
00000010  29 bf 4a fd bb                                   |).J..|

[1785500204.140959] TX fd=12 bytes=23 path=/dev/cu.usbmodem1234561
00000000  a1 00 17 60 fa 3a 47 6d c0 92 fd ac 71 a5 bc 7c  |...`.:Gm....q..||
00000010  1c 90 e4 66 88 df 5a                             |...f..Z|

[1785500204.141431] RX fd=12 bytes=21 path=/dev/cu.usbmodem1234561
00000000  b1 00 15 e5 ae 5f 64 4d a1 b9 5b 0f df 17 b0 d6  |....._dM..[.....|
00000010  29 bf 4a fd bb                                   |).J..|

[1785500204.241295] TX fd=12 bytes=23 path=/dev/cu.usbmodem1234561
00000000  a1 00 17 60 fa 3a 47 6d c0 92 fd ac 71 a5 bc 7c  |...`.:Gm....q..||
00000010  1c 90 e4 66 88 df 5a                             |...f..Z|

[1785500204.242047] RX fd=12 bytes=21 path=/dev/cu.usbmodem1234561
00000000  b1 00 15 af 5e 71 a9 73 c7 6c bc 16 c0 dc bb bb  |....^q.s.l......|
00000010  29 8c e5 08 c1                                   |)....|

[1785500204.341838] TX fd=12 bytes=23 path=/dev/cu.usbmodem1234561
00000000  a1 00 17 60 fa 3a 47 6d c0 92 fd ac 71 a5 bc 7c  |...`.:Gm....q..||
00000010  1c 90 e4 66 88 df 5a                             |...f..Z|

[1785500204.342481] RX fd=12 bytes=21 path=/dev/cu.usbmodem1234561
00000000  b1 00 15 e8 96 1e 1e 02 77 94 30 73 57 3b 3f c5  |........w.0sW;?.|
00000010  92 f6 ad 3e 25                                   |...>%|

[1785500204.441757] TX fd=12 bytes=23 path=/dev/cu.usbmodem1234561
00000000  a1 00 17 60 fa 3a 47 6d c0 92 fd ac 71 a5 bc 7c  |...`.:Gm....q..||
00000010  1c 90 e4 66 88 df 5a                             |...f..Z|

[1785500204.442469] RX fd=12 bytes=21 path=/dev/cu.usbmodem1234561
00000000  b1 00 15 e8 96 1e 1e 02 77 94 30 73 57 3b 3f c5  |........w.0sW;?.|
00000010  92 f6 ad 3e 25                                   |...>%|

[1785500204.540326] TX fd=12 bytes=23 path=/dev/cu.usbmodem1234561
00000000  a1 00 17 60 fa 3a 47 6d c0 92 fd ac 71 a5 bc 7c  |...`.:Gm....q..||
00000010  1c 90 e4 66 88 df 5a                             |...f..Z|

[1785500204.540762] RX fd=12 bytes=21 path=/dev/cu.usbmodem1234561
00000000  b1 00 15 e8 96 1e 1e 02 77 94 30 73 57 3b 3f c5  |........w.0sW;?.|
00000010  92 f6 ad 3e 25                                   |...>%|

[1785500204.641419] TX fd=12 bytes=23 path=/dev/cu.usbmodem1234561
00000000  a1 00 17 60 fa 3a 47 6d c0 92 fd ac 71 a5 bc 7c  |...`.:Gm....q..||
00000010  1c 90 e4 66 88 df 5a                             |...f..Z|

[1785500204.642246] RX fd=12 bytes=21 path=/dev/cu.usbmodem1234561
00000000  b1 00 15 6a e4 eb 19 d4 14 32 ea 4d d8 ef 7b f4  |...j.....2.M..{.|
00000010  69 73 f3 53 19                                   |is.S.|

[1785500204.741817] TX fd=12 bytes=23 path=/dev/cu.usbmodem1234561
00000000  a1 00 17 60 fa 3a 47 6d c0 92 fd ac 71 a5 bc 7c  |...`.:Gm....q..||
00000010  1c 90 e4 66 88 df 5a                             |...f..Z|

[1785500204.742426] RX fd=12 bytes=21 path=/dev/cu.usbmodem1234561
00000000  b1 00 15 de 3c e5 28 89 5f 6d a9 8b 88 ed d0 ec  |....<.(._m......|
00000010  0c c3 4e 3e 89                                   |..N>.|

[1785500204.841620] TX fd=12 bytes=23 path=/dev/cu.usbmodem1234561
00000000  a1 00 17 23 6e 82 73 5f ae 14 14 a2 05 1d 9e ac  |...#n.s_........|
00000010  82 16 7d 66 88 ab 13                             |..}f...|

[1785500204.842430] RX fd=12 bytes=21 path=/dev/cu.usbmodem1234561
00000000  b1 00 15 bf 13 53 5a 1c 3b 36 f4 5c bf ce dd b2  |.....SZ.;6.\....|
00000010  04 d1 ef c4 a4                                   |.....|

[1785500204.861726] TX fd=12 bytes=23 path=/dev/cu.usbmodem1234561
00000000  a1 00 17 60 fa 3a 47 6d c0 92 fd ac 71 a5 bc 7c  |...`.:Gm....q..||
00000010  1c 90 e4 66 88 df 5a                             |...f..Z|

[1785500204.862161] RX fd=12 bytes=21 path=/dev/cu.usbmodem1234561
00000000  b1 00 15 f5 c7 9c 68 e7 ae 8d 35 8a eb fe a2 3d  |......h...5....=|
00000010  f2 85 e6 f9 d3                                   |.....|

[1785500204.941611] TX fd=12 bytes=23 path=/dev/cu.usbmodem1234561
00000000  a1 00 17 60 fa 3a 47 6d c0 92 fd ac 71 a5 bc 7c  |...`.:Gm....q..||
00000010  1c 90 e4 66 88 df 5a                             |...f..Z|

[1785500204.942179] RX fd=12 bytes=21 path=/dev/cu.usbmodem1234561
00000000  b1 00 15 86 75 b2 3d c9 54 68 15 be af a8 2d 06  |....u.=.Th....-.|
00000010  8b 95 2f 17 b6                                   |../..|

[1785500205.041279] TX fd=12 bytes=23 path=/dev/cu.usbmodem1234561
00000000  a1 00 17 60 fa 3a 47 6d c0 92 fd ac 71 a5 bc 7c  |...`.:Gm....q..||
00000010  1c 90 e4 66 88 df 5a                             |...f..Z|

[1785500205.041993] RX fd=12 bytes=21 path=/dev/cu.usbmodem1234561
00000000  b1 00 15 cf 10 2c 2b bd 16 74 65 49 81 3f a8 16  |.....,+..teI.?..|
00000010  f3 68 92 55 6b                                   |.h.Uk|

[1785500205.141351] TX fd=12 bytes=23 path=/dev/cu.usbmodem1234561
00000000  a1 00 17 60 fa 3a 47 6d c0 92 fd ac 71 a5 bc 7c  |...`.:Gm....q..||
00000010  1c 90 e4 66 88 df 5a                             |...f..Z|

[1785500205.142147] RX fd=12 bytes=21 path=/dev/cu.usbmodem1234561
00000000  b1 00 15 92 af c9 ff 93 29 54 33 21 14 a7 99 d0  |........)T3!....|
00000010  a0 a0 87 b8 f3                                   |.....|

[1785500205.241228] TX fd=12 bytes=23 path=/dev/cu.usbmodem1234561
00000000  a1 00 17 60 fa 3a 47 6d c0 92 fd ac 71 a5 bc 7c  |...`.:Gm....q..||
00000010  1c 90 e4 66 88 df 5a                             |...f..Z|

[1785500205.241725] RX fd=12 bytes=21 path=/dev/cu.usbmodem1234561
00000000  b1 00 15 92 af c9 ff 93 29 54 33 21 14 a7 99 d0  |........)T3!....|
00000010  a0 a0 87 b8 f3                                   |.....|

[1785500205.341100] TX fd=12 bytes=23 path=/dev/cu.usbmodem1234561
00000000  a1 00 17 60 fa 3a 47 6d c0 92 fd ac 71 a5 bc 7c  |...`.:Gm....q..||
00000010  1c 90 e4 66 88 df 5a                             |...f..Z|

[1785500205.341827] RX fd=12 bytes=21 path=/dev/cu.usbmodem1234561
00000000  b1 00 15 2a de 50 ec 54 ad 05 f8 df 49 ea 11 ff  |...*.P.T....I...|
00000010  58 97 2b 17 26                                   |X.+.&|

[1785500205.441159] TX fd=12 bytes=23 path=/dev/cu.usbmodem1234561
00000000  a1 00 17 60 fa 3a 47 6d c0 92 fd ac 71 a5 bc 7c  |...`.:Gm....q..||
00000010  1c 90 e4 66 88 df 5a                             |...f..Z|

[1785500205.441607] RX fd=12 bytes=21 path=/dev/cu.usbmodem1234561
00000000  b1 00 15 2a de 50 ec 54 ad 05 f8 df 49 ea 11 ff  |...*.P.T....I...|
00000010  58 97 2b 17 26                                   |X.+.&|

[1785500205.541291] TX fd=12 bytes=23 path=/dev/cu.usbmodem1234561
00000000  a1 00 17 60 fa 3a 47 6d c0 92 fd ac 71 a5 bc 7c  |...`.:Gm....q..||
00000010  1c 90 e4 66 88 df 5a                             |...f..Z|

[1785500205.542108] RX fd=12 bytes=21 path=/dev/cu.usbmodem1234561
00000000  b1 00 15 7f 23 94 70 d4 87 88 7f cf e8 2e 95 bf  |....#.p.........|
00000010  e4 c4 83 ba 9a                                   |.....|

[1785500205.640961] TX fd=12 bytes=23 path=/dev/cu.usbmodem1234561
00000000  a1 00 17 60 fa 3a 47 6d c0 92 fd ac 71 a5 bc 7c  |...`.:Gm....q..||
00000010  1c 90 e4 66 88 df 5a                             |...f..Z|

[1785500205.641762] RX fd=12 bytes=21 path=/dev/cu.usbmodem1234561
00000000  b1 00 15 cf 64 1c 02 e5 be a3 56 02 c1 6f 74 d6  |....d.....V..ot.|
00000010  5e ce 2b 44 48                                   |^.+DH|

[1785500205.741718] TX fd=12 bytes=23 path=/dev/cu.usbmodem1234561
00000000  a1 00 17 60 fa 3a 47 6d c0 92 fd ac 71 a5 bc 7c  |...`.:Gm....q..||
00000010  1c 90 e4 66 88 df 5a                             |...f..Z|

[1785500205.742161] RX fd=12 bytes=21 path=/dev/cu.usbmodem1234561
00000000  b1 00 15 cf 64 1c 02 e5 be a3 56 02 c1 6f 74 d6  |....d.....V..ot.|
00000010  5e ce 2b 44 48                                   |^.+DH|

[1785500205.841834] TX fd=12 bytes=23 path=/dev/cu.usbmodem1234561
00000000  a1 00 17 60 fa 3a 47 6d c0 92 fd ac 71 a5 bc 7c  |...`.:Gm....q..||
00000010  1c 90 e4 66 88 df 5a                             |...f..Z|

[1785500205.842654] RX fd=12 bytes=21 path=/dev/cu.usbmodem1234561
00000000  b1 00 15 1f 80 f8 40 20 8d 2b 78 c1 34 de 56 6b  |......@ .+x.4.Vk|
00000010  83 8e 07 b3 82                                   |.....|

[1785500205.941766] TX fd=12 bytes=23 path=/dev/cu.usbmodem1234561
00000000  a1 00 17 60 fa 3a 47 6d c0 92 fd ac 71 a5 bc 7c  |...`.:Gm....q..||
00000010  1c 90 e4 66 88 df 5a                             |...f..Z|

[1785500205.942349] RX fd=12 bytes=21 path=/dev/cu.usbmodem1234561
00000000  b1 00 15 95 e0 49 2b 1f 6e 4d d8 34 cc 67 1c 9e  |.....I+.nM.4.g..|
00000010  22 93 a4 e8 e4                                   |"....|

[1785500206.041302] TX fd=12 bytes=23 path=/dev/cu.usbmodem1234561
00000000  a1 00 17 60 fa 3a 47 6d c0 92 fd ac 71 a5 bc 7c  |...`.:Gm....q..||
00000010  1c 90 e4 66 88 df 5a                             |...f..Z|

[1785500206.041845] RX fd=12 bytes=21 path=/dev/cu.usbmodem1234561
00000000  b1 00 15 95 e0 49 2b 1f 6e 4d d8 34 cc 67 1c 9e  |.....I+.nM.4.g..|
00000010  22 93 a4 e8 e4                                   |"....|

[1785500206.142040] TX fd=12 bytes=23 path=/dev/cu.usbmodem1234561
00000000  a1 00 17 60 fa 3a 47 6d c0 92 fd ac 71 a5 bc 7c  |...`.:Gm....q..||
00000010  1c 90 e4 66 88 df 5a                             |...f..Z|

[1785500206.142824] RX fd=12 bytes=21 path=/dev/cu.usbmodem1234561
00000000  b1 00 15 e7 13 fe 73 ab f1 7c 2b 17 dd 1b c4 cf  |......s..|+.....|
00000010  40 ca 93 25 17                                   |@..%.|

[1785500206.241705] TX fd=12 bytes=23 path=/dev/cu.usbmodem1234561
00000000  a1 00 17 60 fa 3a 47 6d c0 92 fd ac 71 a5 bc 7c  |...`.:Gm....q..||
00000010  1c 90 e4 66 88 df 5a                             |...f..Z|

[1785500206.242344] RX fd=12 bytes=21 path=/dev/cu.usbmodem1234561
00000000  b1 00 15 bb fb 14 9f d2 8f 3c eb 3c 11 8f 7f 2d  |.........<.<...-|
00000010  3d 11 8a 33 f7                                   |=..3.|

[1785500206.341100] TX fd=12 bytes=23 path=/dev/cu.usbmodem1234561
00000000  a1 00 17 60 fa 3a 47 6d c0 92 fd ac 71 a5 bc 7c  |...`.:Gm....q..||
00000010  1c 90 e4 66 88 df 5a                             |...f..Z|

[1785500206.341825] RX fd=12 bytes=21 path=/dev/cu.usbmodem1234561
00000000  b1 00 15 bb fb 14 9f d2 8f 3c eb 3c 11 8f 7f 2d  |.........<.<...-|
00000010  3d 11 8a 33 f7                                   |=..3.|

[1785500206.441424] TX fd=12 bytes=23 path=/dev/cu.usbmodem1234561
00000000  a1 00 17 60 fa 3a 47 6d c0 92 fd ac 71 a5 bc 7c  |...`.:Gm....q..||
00000010  1c 90 e4 66 88 df 5a                             |...f..Z|

[1785500206.442196] RX fd=12 bytes=21 path=/dev/cu.usbmodem1234561
00000000  b1 00 15 5b d7 99 1d fe 85 28 6b 7d eb ff ca 0a  |...[.....(k}....|
00000010  78 72 28 57 d1                                   |xr(W.|

[1785500206.541200] TX fd=12 bytes=23 path=/dev/cu.usbmodem1234561
00000000  a1 00 17 60 fa 3a 47 6d c0 92 fd ac 71 a5 bc 7c  |...`.:Gm....q..||
00000010  1c 90 e4 66 88 df 5a                             |...f..Z|

[1785500206.541635] RX fd=12 bytes=21 path=/dev/cu.usbmodem1234561
00000000  b1 00 15 5b d7 99 1d fe 85 28 6b 7d eb ff ca 0a  |...[.....(k}....|
00000010  78 72 28 57 d1                                   |xr(W.|

[1785500206.641373] TX fd=12 bytes=23 path=/dev/cu.usbmodem1234561
00000000  a1 00 17 60 fa 3a 47 6d c0 92 fd ac 71 a5 bc 7c  |...`.:Gm....q..||
00000010  1c 90 e4 66 88 df 5a                             |...f..Z|

[1785500206.642145] RX fd=12 bytes=21 path=/dev/cu.usbmodem1234561
00000000  b1 00 15 4b 3e 6b 77 58 3b c5 fd 59 b5 2c 68 62  |...K>kwX;..Y.,hb|
00000010  0f 11 fc be a6                                   |.....|

[1785500206.741797] TX fd=12 bytes=23 path=/dev/cu.usbmodem1234561
00000000  a1 00 17 60 fa 3a 47 6d c0 92 fd ac 71 a5 bc 7c  |...`.:Gm....q..||
00000010  1c 90 e4 66 88 df 5a                             |...f..Z|

[1785500206.742597] RX fd=12 bytes=21 path=/dev/cu.usbmodem1234561
00000000  b1 00 15 95 39 4d 25 54 cd 6f a9 c5 8e 87 eb 23  |....9M%T.o.....#|
00000010  35 1b e5 b7 e1                                   |5....|

[1785500206.842005] TX fd=12 bytes=23 path=/dev/cu.usbmodem1234561
00000000  a1 00 17 60 fa 3a 47 6d c0 92 fd ac 71 a5 bc 7c  |...`.:Gm....q..||
00000010  1c 90 e4 66 88 df 5a                             |...f..Z|

[1785500206.842563] RX fd=12 bytes=21 path=/dev/cu.usbmodem1234561
00000000  b1 00 15 95 39 4d 25 54 cd 6f a9 c5 8e 87 eb 23  |....9M%T.o.....#|
00000010  35 1b e5 b7 e1                                   |5....|

[1785500206.942019] TX fd=12 bytes=23 path=/dev/cu.usbmodem1234561
00000000  a1 00 17 60 fa 3a 47 6d c0 92 fd ac 71 a5 bc 7c  |...`.:Gm....q..||
00000010  1c 90 e4 66 88 df 5a                             |...f..Z|

[1785500206.942801] RX fd=12 bytes=21 path=/dev/cu.usbmodem1234561
00000000  b1 00 15 fb bd 88 7e 34 ed 31 bc 17 1c e2 16 66  |......~4.1.....f|
00000010  3f fe 8c b3 ca                                   |?....|

[1785500207.041649] TX fd=12 bytes=23 path=/dev/cu.usbmodem1234561
00000000  a1 00 17 60 fa 3a 47 6d c0 92 fd ac 71 a5 bc 7c  |...`.:Gm....q..||
00000010  1c 90 e4 66 88 df 5a                             |...f..Z|

[1785500207.042308] RX fd=12 bytes=21 path=/dev/cu.usbmodem1234561
00000000  b1 00 15 17 6a 9d 20 d7 86 f5 78 40 85 4b 82 1e  |....j. ...x@.K..|
00000010  03 ff de cc aa                                   |.....|

[1785500207.141874] TX fd=12 bytes=23 path=/dev/cu.usbmodem1234561
00000000  a1 00 17 60 fa 3a 47 6d c0 92 fd ac 71 a5 bc 7c  |...`.:Gm....q..||
00000010  1c 90 e4 66 88 df 5a                             |...f..Z|

[1785500207.142516] RX fd=12 bytes=21 path=/dev/cu.usbmodem1234561
00000000  b1 00 15 17 6a 9d 20 d7 86 f5 78 40 85 4b 82 1e  |....j. ...x@.K..|
00000010  03 ff de cc aa                                   |.....|

[1785500207.241947] TX fd=12 bytes=23 path=/dev/cu.usbmodem1234561
00000000  a1 00 17 60 fa 3a 47 6d c0 92 fd ac 71 a5 bc 7c  |...`.:Gm....q..||
00000010  1c 90 e4 66 88 df 5a                             |...f..Z|

[1785500207.242735] RX fd=12 bytes=21 path=/dev/cu.usbmodem1234561
00000000  b1 00 15 17 28 b4 e2 54 a8 06 6b e6 ef e5 86 a7  |....(..T..k.....|
00000010  22 8a 93 12 99                                   |"....|

[1785500207.341802] TX fd=12 bytes=23 path=/dev/cu.usbmodem1234561
00000000  a1 00 17 60 fa 3a 47 6d c0 92 fd ac 71 a5 bc 7c  |...`.:Gm....q..||
00000010  1c 90 e4 66 88 df 5a                             |...f..Z|

[1785500207.342239] RX fd=12 bytes=21 path=/dev/cu.usbmodem1234561
00000000  b1 00 15 17 28 b4 e2 54 a8 06 6b e6 ef e5 86 a7  |....(..T..k.....|
00000010  22 8a 93 12 99                                   |"....|

[1785500207.441244] TX fd=12 bytes=23 path=/dev/cu.usbmodem1234561
00000000  a1 00 17 60 fa 3a 47 6d c0 92 fd ac 71 a5 bc 7c  |...`.:Gm....q..||
00000010  1c 90 e4 66 88 df 5a                             |...f..Z|

[1785500207.442053] RX fd=12 bytes=21 path=/dev/cu.usbmodem1234561
00000000  b1 00 15 88 96 6b 4e 46 59 7a 74 da 0c 20 28 43  |.....kNFYzt.. (C|
00000010  e3 ba b4 28 9b                                   |...(.|

[1785500207.541748] TX fd=12 bytes=23 path=/dev/cu.usbmodem1234561
00000000  a1 00 17 60 fa 3a 47 6d c0 92 fd ac 71 a5 bc 7c  |...`.:Gm....q..||
00000010  1c 90 e4 66 88 df 5a                             |...f..Z|

[1785500207.542516] RX fd=12 bytes=21 path=/dev/cu.usbmodem1234561
00000000  b1 00 15 16 83 0d 3c d8 24 cd 83 33 a4 99 42 e3  |......<.$..3..B.|
00000010  2e a5 eb b7 0c                                   |.....|

[1785500207.641960] TX fd=12 bytes=23 path=/dev/cu.usbmodem1234561
00000000  a1 00 17 60 fa 3a 47 6d c0 92 fd ac 71 a5 bc 7c  |...`.:Gm....q..||
00000010  1c 90 e4 66 88 df 5a                             |...f..Z|

[1785500207.642450] RX fd=12 bytes=21 path=/dev/cu.usbmodem1234561
00000000  b1 00 15 16 83 0d 3c d8 24 cd 83 33 a4 99 42 e3  |......<.$..3..B.|
00000010  2e a5 eb b7 0c                                   |.....|

[1785500207.741099] TX fd=12 bytes=23 path=/dev/cu.usbmodem1234561
00000000  a1 00 17 60 fa 3a 47 6d c0 92 fd ac 71 a5 bc 7c  |...`.:Gm....q..||
00000010  1c 90 e4 66 88 df 5a                             |...f..Z|

[1785500207.741888] RX fd=12 bytes=21 path=/dev/cu.usbmodem1234561
00000000  b1 00 15 28 7a 69 f8 dc 05 6d e6 6d 5d 3d f5 44  |...(zi...m.m]=.D|
00000010  d0 7e 31 b4 8f                                   |.~1..|

[1785500207.840626] TX fd=12 bytes=23 path=/dev/cu.usbmodem1234561
00000000  a1 00 17 23 6e 82 73 5f ae 14 14 a2 05 1d 9e ac  |...#n.s_........|
00000010  82 16 7d 66 88 ab 13                             |..}f...|

[1785500207.841458] RX fd=12 bytes=21 path=/dev/cu.usbmodem1234561
00000000  b1 00 15 bf 13 53 5a 1c 3b 36 f4 5c bf ce dd b2  |.....SZ.;6.\....|
00000010  04 d1 ef c4 a4                                   |.....|

[1785500207.861754] TX fd=12 bytes=23 path=/dev/cu.usbmodem1234561
00000000  a1 00 17 60 fa 3a 47 6d c0 92 fd ac 71 a5 bc 7c  |...`.:Gm....q..||
00000010  1c 90 e4 66 88 df 5a                             |...f..Z|

[1785500207.862205] RX fd=12 bytes=21 path=/dev/cu.usbmodem1234561
00000000  b1 00 15 ba b6 36 1e 72 50 a1 71 8f ad 7d e3 bb  |.....6.rP.q..}..|
00000010  6d 1c d3 72 00                                   |m..r.|

[1785500207.941514] TX fd=12 bytes=23 path=/dev/cu.usbmodem1234561
00000000  a1 00 17 60 fa 3a 47 6d c0 92 fd ac 71 a5 bc 7c  |...`.:Gm....q..||
00000010  1c 90 e4 66 88 df 5a                             |...f..Z|

[1785500207.941958] RX fd=12 bytes=21 path=/dev/cu.usbmodem1234561
00000000  b1 00 15 ba b6 36 1e 72 50 a1 71 8f ad 7d e3 bb  |.....6.rP.q..}..|
00000010  6d 1c d3 72 00                                   |m..r.|

[1785500208.041301] TX fd=12 bytes=23 path=/dev/cu.usbmodem1234561
00000000  a1 00 17 60 fa 3a 47 6d c0 92 fd ac 71 a5 bc 7c  |...`.:Gm....q..||
00000010  1c 90 e4 66 88 df 5a                             |...f..Z|

[1785500208.042092] RX fd=12 bytes=21 path=/dev/cu.usbmodem1234561
00000000  b1 00 15 7c 4e 3f 51 89 de 73 a1 17 ab 6a 29 e7  |...|N?Q..s...j).|
00000010  a7 12 6d 54 c7                                   |..mT.|

[1785500208.140911] TX fd=12 bytes=23 path=/dev/cu.usbmodem1234561
00000000  a1 00 17 60 fa 3a 47 6d c0 92 fd ac 71 a5 bc 7c  |...`.:Gm....q..||
00000010  1c 90 e4 66 88 df 5a                             |...f..Z|

[1785500208.141604] RX fd=12 bytes=21 path=/dev/cu.usbmodem1234561
00000000  b1 00 15 9c 11 d7 2f be 27 52 93 48 e9 db 58 e0  |....../.'R.H..X.|
00000010  dd 89 93 1d bc                                   |.....|

[1785500208.241970] TX fd=12 bytes=23 path=/dev/cu.usbmodem1234561
00000000  a1 00 17 60 fa 3a 47 6d c0 92 fd ac 71 a5 bc 7c  |...`.:Gm....q..||
00000010  1c 90 e4 66 88 df 5a                             |...f..Z|

[1785500208.242724] RX fd=12 bytes=21 path=/dev/cu.usbmodem1234561
00000000  b1 00 15 d7 20 6c 1e 64 40 bb 05 f6 d7 80 92 bd  |.... l.d@.......|
00000010  7f 32 02 e1 40                                   |.2..@|

[1785500208.341529] TX fd=12 bytes=23 path=/dev/cu.usbmodem1234561
00000000  a1 00 17 60 fa 3a 47 6d c0 92 fd ac 71 a5 bc 7c  |...`.:Gm....q..||
00000010  1c 90 e4 66 88 df 5a                             |...f..Z|

[1785500208.342298] RX fd=12 bytes=21 path=/dev/cu.usbmodem1234561
00000000  b1 00 15 0b aa 5d 8c 9e 87 52 bf 57 4a 8e a7 89  |.....]...R.WJ...|
00000010  b3 db 25 4a 5c                                   |..%J\|

[1785500208.441435] TX fd=12 bytes=23 path=/dev/cu.usbmodem1234561
00000000  a1 00 17 60 fa 3a 47 6d c0 92 fd ac 71 a5 bc 7c  |...`.:Gm....q..||
00000010  1c 90 e4 66 88 df 5a                             |...f..Z|

[1785500208.441875] RX fd=12 bytes=21 path=/dev/cu.usbmodem1234561
00000000  b1 00 15 0b aa 5d 8c 9e 87 52 bf 57 4a 8e a7 89  |.....]...R.WJ...|
00000010  b3 db 25 4a 5c                                   |..%J\|

[1785500208.541995] TX fd=12 bytes=23 path=/dev/cu.usbmodem1234561
00000000  a1 00 17 60 fa 3a 47 6d c0 92 fd ac 71 a5 bc 7c  |...`.:Gm....q..||
00000010  1c 90 e4 66 88 df 5a                             |...f..Z|

[1785500208.542784] RX fd=12 bytes=21 path=/dev/cu.usbmodem1234561
00000000  b1 00 15 ce e2 c4 c4 49 23 23 13 e6 e9 28 0c 0f  |.......I##...(..|
00000010  ee 69 06 5d 40                                   |.i.]@|

[1785500208.641639] TX fd=12 bytes=23 path=/dev/cu.usbmodem1234561
00000000  a1 00 17 60 fa 3a 47 6d c0 92 fd ac 71 a5 bc 7c  |...`.:Gm....q..||
00000010  1c 90 e4 66 88 df 5a                             |...f..Z|

[1785500208.642466] RX fd=12 bytes=21 path=/dev/cu.usbmodem1234561
00000000  b1 00 15 88 36 82 08 61 11 f1 85 64 92 c3 82 2a  |....6..a...d...*|
00000010  aa 03 80 7c e7                                   |...|.|

[1785500208.741245] TX fd=12 bytes=23 path=/dev/cu.usbmodem1234561
00000000  a1 00 17 60 fa 3a 47 6d c0 92 fd ac 71 a5 bc 7c  |...`.:Gm....q..||
00000010  1c 90 e4 66 88 df 5a                             |...f..Z|

[1785500208.741695] RX fd=12 bytes=21 path=/dev/cu.usbmodem1234561
00000000  b1 00 15 88 36 82 08 61 11 f1 85 64 92 c3 82 2a  |....6..a...d...*|
00000010  aa 03 80 7c e7                                   |...|.|

[1785500208.841276] TX fd=12 bytes=23 path=/dev/cu.usbmodem1234561
00000000  a1 00 17 60 fa 3a 47 6d c0 92 fd ac 71 a5 bc 7c  |...`.:Gm....q..||
00000010  1c 90 e4 66 88 df 5a                             |...f..Z|

[1785500208.842090] RX fd=12 bytes=21 path=/dev/cu.usbmodem1234561
00000000  b1 00 15 89 a6 12 b4 ad de 22 9f 59 ba 84 c6 d4  |.........".Y....|
00000010  6f d0 8d 41 8c                                   |o..A.|

[1785500208.941981] TX fd=12 bytes=23 path=/dev/cu.usbmodem1234561
00000000  a1 00 17 60 fa 3a 47 6d c0 92 fd ac 71 a5 bc 7c  |...`.:Gm....q..||
00000010  1c 90 e4 66 88 df 5a                             |...f..Z|

[1785500208.942631] RX fd=12 bytes=21 path=/dev/cu.usbmodem1234561
00000000  b1 00 15 31 3c 26 df 26 07 1d bb 5c 02 d1 d0 e3  |...1<&.&...\....|
00000010  80 a0 d4 2f fe                                   |.../.|

[1785500209.041736] TX fd=12 bytes=23 path=/dev/cu.usbmodem1234561
00000000  a1 00 17 60 fa 3a 47 6d c0 92 fd ac 71 a5 bc 7c  |...`.:Gm....q..||
00000010  1c 90 e4 66 88 df 5a                             |...f..Z|

[1785500209.042394] RX fd=12 bytes=21 path=/dev/cu.usbmodem1234561
00000000  b1 00 15 31 3c 26 df 26 07 1d bb 5c 02 d1 d0 e3  |...1<&.&...\....|
00000010  80 a0 d4 2f fe                                   |.../.|

[1785500209.140369] TX fd=12 bytes=23 path=/dev/cu.usbmodem1234561
00000000  a1 00 17 60 fa 3a 47 6d c0 92 fd ac 71 a5 bc 7c  |...`.:Gm....q..||
00000010  1c 90 e4 66 88 df 5a                             |...f..Z|

[1785500209.141197] RX fd=12 bytes=21 path=/dev/cu.usbmodem1234561
00000000  b1 00 15 a3 9a 9f 5c c4 a4 6c e4 23 10 dc 23 8f  |......\..l.#..#.|
00000010  c2 cf f0 66 b0                                   |...f.|

[1785500209.241430] TX fd=12 bytes=23 path=/dev/cu.usbmodem1234561
00000000  a1 00 17 60 fa 3a 47 6d c0 92 fd ac 71 a5 bc 7c  |...`.:Gm....q..||
00000010  1c 90 e4 66 88 df 5a                             |...f..Z|

[1785500209.242031] RX fd=12 bytes=21 path=/dev/cu.usbmodem1234561
00000000  b1 00 15 85 92 3d a2 a3 13 0c 10 db eb 0c 20 45  |.....=........ E|
00000010  8c b6 e8 0d 03                                   |.....|

[1785500209.341498] TX fd=12 bytes=23 path=/dev/cu.usbmodem1234561
00000000  a1 00 17 60 fa 3a 47 6d c0 92 fd ac 71 a5 bc 7c  |...`.:Gm....q..||
00000010  1c 90 e4 66 88 df 5a                             |...f..Z|

[1785500209.342284] RX fd=12 bytes=21 path=/dev/cu.usbmodem1234561
00000000  b1 00 15 10 06 50 a8 ab 5f 9d 96 65 05 32 6a 03  |.....P.._..e.2j.|
00000010  37 92 b8 a3 9c                                   |7....|

[1785500209.440167] TX fd=12 bytes=23 path=/dev/cu.usbmodem1234561
00000000  a1 00 17 60 fa 3a 47 6d c0 92 fd ac 71 a5 bc 7c  |...`.:Gm....q..||
00000010  1c 90 e4 66 88 df 5a                             |...f..Z|

[1785500209.440995] RX fd=12 bytes=21 path=/dev/cu.usbmodem1234561
00000000  b1 00 15 24 00 9f bc 23 32 0a e5 de 9a de 31 ed  |...$...#2.....1.|
00000010  cc 71 14 fc 74                                   |.q..t|

[1785500209.542055] TX fd=12 bytes=23 path=/dev/cu.usbmodem1234561
00000000  a1 00 17 60 fa 3a 47 6d c0 92 fd ac 71 a5 bc 7c  |...`.:Gm....q..||
00000010  1c 90 e4 66 88 df 5a                             |...f..Z|

[1785500209.542620] RX fd=12 bytes=21 path=/dev/cu.usbmodem1234561
00000000  b1 00 15 24 00 9f bc 23 32 0a e5 de 9a de 31 ed  |...$...#2.....1.|
00000010  cc 71 14 fc 74                                   |.q..t|

[1785500209.641416] TX fd=12 bytes=23 path=/dev/cu.usbmodem1234561
00000000  a1 00 17 60 fa 3a 47 6d c0 92 fd ac 71 a5 bc 7c  |...`.:Gm....q..||
00000010  1c 90 e4 66 88 df 5a                             |...f..Z|

[1785500209.642196] RX fd=12 bytes=21 path=/dev/cu.usbmodem1234561
00000000  b1 00 15 10 7f 67 5a 10 3b db 11 94 9b 93 fe 9c  |.....gZ.;.......|
00000010  b2 03 14 c9 e3                                   |.....|

[1785500209.741844] TX fd=12 bytes=23 path=/dev/cu.usbmodem1234561
00000000  a1 00 17 60 fa 3a 47 6d c0 92 fd ac 71 a5 bc 7c  |...`.:Gm....q..||
00000010  1c 90 e4 66 88 df 5a                             |...f..Z|

[1785500209.742505] RX fd=12 bytes=21 path=/dev/cu.usbmodem1234561
00000000  b1 00 15 20 41 f7 ac 6b 8c 1d c1 e8 aa 72 93 23  |... A..k.....r.#|
00000010  52 f6 5b b1 a8                                   |R.[..|

[1785500209.841125] TX fd=12 bytes=23 path=/dev/cu.usbmodem1234561
00000000  a1 00 17 60 fa 3a 47 6d c0 92 fd ac 71 a5 bc 7c  |...`.:Gm....q..||
00000010  1c 90 e4 66 88 df 5a                             |...f..Z|

[1785500209.841943] RX fd=12 bytes=21 path=/dev/cu.usbmodem1234561
00000000  b1 00 15 e7 7a 38 d9 cc a4 74 22 ee f2 98 32 00  |....z8...t"...2.|
00000010  19 9f 8a 13 54                                   |....T|

[1785500209.941317] TX fd=12 bytes=23 path=/dev/cu.usbmodem1234561
00000000  a1 00 17 60 fa 3a 47 6d c0 92 fd ac 71 a5 bc 7c  |...`.:Gm....q..||
00000010  1c 90 e4 66 88 df 5a                             |...f..Z|

[1785500209.942126] RX fd=12 bytes=21 path=/dev/cu.usbmodem1234561
00000000  b1 00 15 2b 9e f7 af c3 fb 40 9d 4d e3 75 dc 09  |...+.....@.M.u..|
00000010  fa 54 c5 a4 94                                   |.T...|

[1785500210.041320] TX fd=12 bytes=23 path=/dev/cu.usbmodem1234561
00000000  a1 00 17 60 fa 3a 47 6d c0 92 fd ac 71 a5 bc 7c  |...`.:Gm....q..||
00000010  1c 90 e4 66 88 df 5a                             |...f..Z|

[1785500210.041873] RX fd=12 bytes=21 path=/dev/cu.usbmodem1234561
00000000  b1 00 15 3a 29 4e 05 f7 a8 bb 3a 3d 51 83 de f1  |...:)N....:=Q...|
00000010  a5 e5 88 a7 3a                                   |....:|

[1785500210.141828] TX fd=12 bytes=23 path=/dev/cu.usbmodem1234561
00000000  a1 00 17 60 fa 3a 47 6d c0 92 fd ac 71 a5 bc 7c  |...`.:Gm....q..||
00000010  1c 90 e4 66 88 df 5a                             |...f..Z|

[1785500210.142582] RX fd=12 bytes=21 path=/dev/cu.usbmodem1234561
00000000  b1 00 15 a8 e3 38 dc 9c 76 f3 e6 f3 79 3f bd 27  |.....8..v...y?.'|
00000010  de 9e 9c 02 a6                                   |.....|

[1785500210.241298] TX fd=12 bytes=23 path=/dev/cu.usbmodem1234561
00000000  a1 00 17 60 fa 3a 47 6d c0 92 fd ac 71 a5 bc 7c  |...`.:Gm....q..||
00000010  1c 90 e4 66 88 df 5a                             |...f..Z|

[1785500210.242150] RX fd=12 bytes=21 path=/dev/cu.usbmodem1234561
00000000  b1 00 15 fd ea e9 38 b7 6e d3 36 0e 4d cc a9 29  |......8.n.6.M..)|
00000010  33 ef 1f 8c 8e                                   |3....|

[1785500210.341706] TX fd=12 bytes=23 path=/dev/cu.usbmodem1234561
00000000  a1 00 17 60 fa 3a 47 6d c0 92 fd ac 71 a5 bc 7c  |...`.:Gm....q..||
00000010  1c 90 e4 66 88 df 5a                             |...f..Z|

[1785500210.342501] RX fd=12 bytes=21 path=/dev/cu.usbmodem1234561
00000000  b1 00 15 4a 80 20 58 73 31 df 86 63 68 56 c3 fa  |...J. Xs1..chV..|
00000010  6e 85 2e b5 26                                   |n...&|

[1785500210.441940] TX fd=12 bytes=23 path=/dev/cu.usbmodem1234561
00000000  a1 00 17 60 fa 3a 47 6d c0 92 fd ac 71 a5 bc 7c  |...`.:Gm....q..||
00000010  1c 90 e4 66 88 df 5a                             |...f..Z|

[1785500210.442710] RX fd=12 bytes=21 path=/dev/cu.usbmodem1234561
00000000  b1 00 15 70 19 42 8c 93 0e 81 ec 8e 29 3b 10 69  |...p.B......);.i|
00000010  74 83 6d 8b 85                                   |t.m..|

[1785500210.541260] TX fd=12 bytes=23 path=/dev/cu.usbmodem1234561
00000000  a1 00 17 60 fa 3a 47 6d c0 92 fd ac 71 a5 bc 7c  |...`.:Gm....q..||
00000010  1c 90 e4 66 88 df 5a                             |...f..Z|

[1785500210.542082] RX fd=12 bytes=21 path=/dev/cu.usbmodem1234561
00000000  b1 00 15 6f f9 e7 ba 07 95 68 83 32 c3 0d 96 d3  |...o.....h.2....|
00000010  72 e0 b7 a5 29                                   |r...)|

[1785500210.641586] TX fd=12 bytes=23 path=/dev/cu.usbmodem1234561
00000000  a1 00 17 60 fa 3a 47 6d c0 92 fd ac 71 a5 bc 7c  |...`.:Gm....q..||
00000010  1c 90 e4 66 88 df 5a                             |...f..Z|

[1785500210.642118] RX fd=12 bytes=21 path=/dev/cu.usbmodem1234561
00000000  b1 00 15 6f f9 e7 ba 07 95 68 83 32 c3 0d 96 d3  |...o.....h.2....|
00000010  72 e0 b7 a5 29                                   |r...)|

[1785500210.741829] TX fd=12 bytes=23 path=/dev/cu.usbmodem1234561
00000000  a1 00 17 60 fa 3a 47 6d c0 92 fd ac 71 a5 bc 7c  |...`.:Gm....q..||
00000010  1c 90 e4 66 88 df 5a                             |...f..Z|

[1785500210.742648] RX fd=12 bytes=21 path=/dev/cu.usbmodem1234561
00000000  b1 00 15 8e c0 7f eb 0f 15 9a 91 84 b2 bb 4f 53  |..............OS|
00000010  27 3f e1 bd 4f                                   |'?..O|

[1785500210.841710] TX fd=12 bytes=23 path=/dev/cu.usbmodem1234561
00000000  a1 00 17 23 6e 82 73 5f ae 14 14 a2 05 1d 9e ac  |...#n.s_........|
00000010  82 16 7d 66 88 ab 13                             |..}f...|

[1785500210.842539] RX fd=12 bytes=21 path=/dev/cu.usbmodem1234561
00000000  b1 00 15 bf 13 53 5a 1c 3b 36 f4 5c bf ce dd b2  |.....SZ.;6.\....|
00000010  04 d1 ef c4 a4                                   |.....|

[1785500210.861796] TX fd=12 bytes=23 path=/dev/cu.usbmodem1234561
00000000  a1 00 17 60 fa 3a 47 6d c0 92 fd ac 71 a5 bc 7c  |...`.:Gm....q..||
00000010  1c 90 e4 66 88 df 5a                             |...f..Z|

[1785500210.862363] RX fd=12 bytes=21 path=/dev/cu.usbmodem1234561
00000000  b1 00 15 41 9d 89 ab 6c f4 24 7f 50 de 09 5a 5d  |...A...l.$.P..Z]|
00000010  01 21 35 bf e3                                   |.!5..|

[1785500210.941308] TX fd=12 bytes=23 path=/dev/cu.usbmodem1234561
00000000  a1 00 17 60 fa 3a 47 6d c0 92 fd ac 71 a5 bc 7c  |...`.:Gm....q..||
00000010  1c 90 e4 66 88 df 5a                             |...f..Z|

[1785500210.941953] RX fd=12 bytes=21 path=/dev/cu.usbmodem1234561
00000000  b1 00 15 31 1e 1a 14 0f 04 44 4e 0b 87 e0 02 53  |...1.....DN....S|
00000010  ac ea b9 ad ff                                   |.....|

[1785500211.040565] TX fd=12 bytes=23 path=/dev/cu.usbmodem1234561
00000000  a1 00 17 60 fa 3a 47 6d c0 92 fd ac 71 a5 bc 7c  |...`.:Gm....q..||
00000010  1c 90 e4 66 88 df 5a                             |...f..Z|

[1785500211.041394] RX fd=12 bytes=21 path=/dev/cu.usbmodem1234561
00000000  b1 00 15 af 12 50 b1 e5 a9 d9 9c 4c 58 72 23 50  |.....P.....LXr#P|
00000010  a0 1c 76 e6 52                                   |..v.R|

[1785500211.141970] TX fd=12 bytes=23 path=/dev/cu.usbmodem1234561
00000000  a1 00 17 60 fa 3a 47 6d c0 92 fd ac 71 a5 bc 7c  |...`.:Gm....q..||
00000010  1c 90 e4 66 88 df 5a                             |...f..Z|

[1785500211.142560] RX fd=12 bytes=21 path=/dev/cu.usbmodem1234561
00000000  b1 00 15 d7 b3 6a a0 4f 78 76 5b ca 71 ba 52 22  |.....j.Oxv[.q.R"|
00000010  10 7a 29 48 fc                                   |.z)H.|

[1785500211.241261] TX fd=12 bytes=23 path=/dev/cu.usbmodem1234561
00000000  a1 00 17 60 fa 3a 47 6d c0 92 fd ac 71 a5 bc 7c  |...`.:Gm....q..||
00000010  1c 90 e4 66 88 df 5a                             |...f..Z|

[1785500211.242056] RX fd=12 bytes=21 path=/dev/cu.usbmodem1234561
00000000  b1 00 15 a7 5e da 51 f9 ac 71 75 a9 27 a2 74 91  |....^.Q..qu.'.t.|
00000010  0a 53 a0 ba a4                                   |.S...|

[1785500211.341754] TX fd=12 bytes=23 path=/dev/cu.usbmodem1234561
00000000  a1 00 17 60 fa 3a 47 6d c0 92 fd ac 71 a5 bc 7c  |...`.:Gm....q..||
00000010  1c 90 e4 66 88 df 5a                             |...f..Z|

[1785500211.342563] RX fd=12 bytes=21 path=/dev/cu.usbmodem1234561
00000000  b1 00 15 29 a2 b3 fc ae 08 b7 d1 3c 74 47 89 7b  |...).......<tG.{|
00000010  b4 1f c4 77 f4                                   |...w.|

[1785500211.441830] TX fd=12 bytes=23 path=/dev/cu.usbmodem1234561
00000000  a1 00 17 60 fa 3a 47 6d c0 92 fd ac 71 a5 bc 7c  |...`.:Gm....q..||
00000010  1c 90 e4 66 88 df 5a                             |...f..Z|

[1785500211.442258] RX fd=12 bytes=21 path=/dev/cu.usbmodem1234561
00000000  b1 00 15 29 a2 b3 fc ae 08 b7 d1 3c 74 47 89 7b  |...).......<tG.{|
00000010  b4 1f c4 77 f4                                   |...w.|

[1785500211.540634] TX fd=12 bytes=23 path=/dev/cu.usbmodem1234561
00000000  a1 00 17 60 fa 3a 47 6d c0 92 fd ac 71 a5 bc 7c  |...`.:Gm....q..||
00000010  1c 90 e4 66 88 df 5a                             |...f..Z|

[1785500211.541479] RX fd=12 bytes=21 path=/dev/cu.usbmodem1234561
00000000  b1 00 15 bb 38 53 db 41 e8 59 53 53 c4 ec f4 47  |....8S.A.YSS...G|
00000010  12 a0 d7 10 d7                                   |.....|

[1785500211.641520] TX fd=12 bytes=23 path=/dev/cu.usbmodem1234561
00000000  a1 00 17 60 fa 3a 47 6d c0 92 fd ac 71 a5 bc 7c  |...`.:Gm....q..||
00000010  1c 90 e4 66 88 df 5a                             |...f..Z|

[1785500211.642309] RX fd=12 bytes=21 path=/dev/cu.usbmodem1234561
00000000  b1 00 15 07 e0 02 a7 80 88 c8 f4 96 53 28 9c 08  |............S(..|
00000010  a3 e3 a4 2e 4f                                   |....O|

[1785500211.741236] TX fd=12 bytes=23 path=/dev/cu.usbmodem1234561
00000000  a1 00 17 60 fa 3a 47 6d c0 92 fd ac 71 a5 bc 7c  |...`.:Gm....q..||
00000010  1c 90 e4 66 88 df 5a                             |...f..Z|

[1785500211.742028] RX fd=12 bytes=21 path=/dev/cu.usbmodem1234561
00000000  b1 00 15 1c 9e b7 76 06 0e ec c1 a9 2c a2 10 b8  |......v.....,...|
00000010  95 83 f8 78 ee                                   |...x.|

[1785500211.841260] TX fd=12 bytes=23 path=/dev/cu.usbmodem1234561
00000000  a1 00 17 60 fa 3a 47 6d c0 92 fd ac 71 a5 bc 7c  |...`.:Gm....q..||
00000010  1c 90 e4 66 88 df 5a                             |...f..Z|

[1785500211.842082] RX fd=12 bytes=21 path=/dev/cu.usbmodem1234561
00000000  b1 00 15 f4 44 d6 78 51 d1 fc 57 d2 a0 47 eb 0e  |....D.xQ..W..G..|
00000010  7a 7e f5 01 aa                                   |z~...|

[1785500211.941335] TX fd=12 bytes=23 path=/dev/cu.usbmodem1234561
00000000  a1 00 17 60 fa 3a 47 6d c0 92 fd ac 71 a5 bc 7c  |...`.:Gm....q..||
00000010  1c 90 e4 66 88 df 5a                             |...f..Z|

[1785500211.941931] RX fd=12 bytes=21 path=/dev/cu.usbmodem1234561
00000000  b1 00 15 fc 8d fb 9e 31 48 0b 1a 3d e3 45 45 58  |.......1H..=.EEX|
00000010  52 ca 53 d1 b2                                   |R.S..|

[1785500212.042033] TX fd=12 bytes=23 path=/dev/cu.usbmodem1234561
00000000  a1 00 17 60 fa 3a 47 6d c0 92 fd ac 71 a5 bc 7c  |...`.:Gm....q..||
00000010  1c 90 e4 66 88 df 5a                             |...f..Z|

[1785500212.042793] RX fd=12 bytes=21 path=/dev/cu.usbmodem1234561
00000000  b1 00 15 50 38 de 44 80 46 7c a8 00 0f 67 bc a6  |...P8.D.F|...g..|
00000010  0f 06 4c d0 de                                   |..L..|

[1785500212.141995] TX fd=12 bytes=23 path=/dev/cu.usbmodem1234561
00000000  a1 00 17 60 fa 3a 47 6d c0 92 fd ac 71 a5 bc 7c  |...`.:Gm....q..||
00000010  1c 90 e4 66 88 df 5a                             |...f..Z|

[1785500212.142817] RX fd=12 bytes=21 path=/dev/cu.usbmodem1234561
00000000  b1 00 15 f9 b6 1f 91 70 db 37 75 34 a5 79 27 f1  |.......p.7u4.y'.|
00000010  31 bd ac 6b 7b                                   |1..k{|

[1785500212.241295] TX fd=12 bytes=23 path=/dev/cu.usbmodem1234561
00000000  a1 00 17 60 fa 3a 47 6d c0 92 fd ac 71 a5 bc 7c  |...`.:Gm....q..||
00000010  1c 90 e4 66 88 df 5a                             |...f..Z|

[1785500212.242148] RX fd=12 bytes=21 path=/dev/cu.usbmodem1234561
00000000  b1 00 15 e6 ce 60 7a 9f d7 ba 71 70 74 0b 74 ae  |.....`z...qpt.t.|
00000010  85 8d 27 98 2d                                   |..'.-|

[1785500212.341177] TX fd=12 bytes=23 path=/dev/cu.usbmodem1234561
00000000  a1 00 17 60 fa 3a 47 6d c0 92 fd ac 71 a5 bc 7c  |...`.:Gm....q..||
00000010  1c 90 e4 66 88 df 5a                             |...f..Z|

[1785500212.341918] RX fd=12 bytes=21 path=/dev/cu.usbmodem1234561
00000000  b1 00 15 c0 c3 c7 c0 2a 01 ba f0 93 7d dc 3b 1b  |.......*....}.;.|
00000010  62 e7 29 9f f7                                   |b.)..|

[1785500212.441900] TX fd=12 bytes=23 path=/dev/cu.usbmodem1234561
00000000  a1 00 17 60 fa 3a 47 6d c0 92 fd ac 71 a5 bc 7c  |...`.:Gm....q..||
00000010  1c 90 e4 66 88 df 5a                             |...f..Z|

[1785500212.442685] RX fd=12 bytes=21 path=/dev/cu.usbmodem1234561
00000000  b1 00 15 3c d8 0a 49 51 ee 17 58 50 0f 13 46 6c  |...<..IQ..XP..Fl|
00000010  18 09 d7 cc 6c                                   |....l|

[1785500212.541126] TX fd=12 bytes=23 path=/dev/cu.usbmodem1234561
00000000  a1 00 17 60 fa 3a 47 6d c0 92 fd ac 71 a5 bc 7c  |...`.:Gm....q..||
00000010  1c 90 e4 66 88 df 5a                             |...f..Z|

[1785500212.541643] RX fd=12 bytes=21 path=/dev/cu.usbmodem1234561
00000000  b1 00 15 3c d8 0a 49 51 ee 17 58 50 0f 13 46 6c  |...<..IQ..XP..Fl|
00000010  18 09 d7 cc 6c                                   |....l|

[1785500212.641214] TX fd=12 bytes=23 path=/dev/cu.usbmodem1234561
00000000  a1 00 17 60 fa 3a 47 6d c0 92 fd ac 71 a5 bc 7c  |...`.:Gm....q..||
00000010  1c 90 e4 66 88 df 5a                             |...f..Z|

[1785500212.642011] RX fd=12 bytes=21 path=/dev/cu.usbmodem1234561
00000000  b1 00 15 9f 5f 88 88 a3 72 36 fc 16 c1 8e bc 3a  |...._...r6.....:|
00000010  f3 76 2c 17 ca                                   |.v,..|

[1785500212.741981] TX fd=12 bytes=23 path=/dev/cu.usbmodem1234561
00000000  a1 00 17 60 fa 3a 47 6d c0 92 fd ac 71 a5 bc 7c  |...`.:Gm....q..||
00000010  1c 90 e4 66 88 df 5a                             |...f..Z|

[1785500212.742849] RX fd=12 bytes=21 path=/dev/cu.usbmodem1234561
00000000  b1 00 15 09 76 df 27 9c 44 1b 7b f5 27 78 5b 01  |....v.'.D.{.'x[.|
00000010  e2 3c 6d 6a b4                                   |.<mj.|

[1785500212.841364] TX fd=12 bytes=23 path=/dev/cu.usbmodem1234561
00000000  a1 00 17 60 fa 3a 47 6d c0 92 fd ac 71 a5 bc 7c  |...`.:Gm....q..||
00000010  1c 90 e4 66 88 df 5a                             |...f..Z|

[1785500212.841967] RX fd=12 bytes=21 path=/dev/cu.usbmodem1234561
00000000  b1 00 15 09 76 df 27 9c 44 1b 7b f5 27 78 5b 01  |....v.'.D.{.'x[.|
00000010  e2 3c 6d 6a b4                                   |.<mj.|

[1785500212.941799] TX fd=12 bytes=23 path=/dev/cu.usbmodem1234561
00000000  a1 00 17 60 fa 3a 47 6d c0 92 fd ac 71 a5 bc 7c  |...`.:Gm....q..||
00000010  1c 90 e4 66 88 df 5a                             |...f..Z|

[1785500212.942667] RX fd=12 bytes=21 path=/dev/cu.usbmodem1234561
00000000  b1 00 15 cf 55 76 41 50 97 c1 e8 70 32 32 ac 63  |....UvAP...p22.c|
00000010  88 f1 13 7c 69                                   |...|i|

[1785500213.041222] TX fd=12 bytes=23 path=/dev/cu.usbmodem1234561
00000000  a1 00 17 60 fa 3a 47 6d c0 92 fd ac 71 a5 bc 7c  |...`.:Gm....q..||
00000010  1c 90 e4 66 88 df 5a                             |...f..Z|

[1785500213.041893] RX fd=12 bytes=21 path=/dev/cu.usbmodem1234561
00000000  b1 00 15 fd 68 4c d4 85 4b ef bb 95 03 47 1e 14  |....hL..K....G..|
00000010  d2 8a b3 67 94                                   |...g.|

[1785500213.141898] TX fd=12 bytes=23 path=/dev/cu.usbmodem1234561
00000000  a1 00 17 60 fa 3a 47 6d c0 92 fd ac 71 a5 bc 7c  |...`.:Gm....q..||
00000010  1c 90 e4 66 88 df 5a                             |...f..Z|

[1785500213.142644] RX fd=12 bytes=21 path=/dev/cu.usbmodem1234561
00000000  b1 00 15 fd 68 4c d4 85 4b ef bb 95 03 47 1e 14  |....hL..K....G..|
00000010  d2 8a b3 67 94                                   |...g.|

[1785500213.240404] TX fd=12 bytes=23 path=/dev/cu.usbmodem1234561
00000000  a1 00 17 60 fa 3a 47 6d c0 92 fd ac 71 a5 bc 7c  |...`.:Gm....q..||
00000010  1c 90 e4 66 88 df 5a                             |...f..Z|

[1785500213.241237] RX fd=12 bytes=21 path=/dev/cu.usbmodem1234561
00000000  b1 00 15 7f 43 45 c9 f1 47 8c b4 4d 5f a9 ce f5  |....CE..G..M_...|
00000010  76 cf 0e 18 04                                   |v....|

[1785500213.341847] TX fd=12 bytes=23 path=/dev/cu.usbmodem1234561
00000000  a1 00 17 60 fa 3a 47 6d c0 92 fd ac 71 a5 bc 7c  |...`.:Gm....q..||
00000010  1c 90 e4 66 88 df 5a                             |...f..Z|

[1785500213.342532] RX fd=12 bytes=21 path=/dev/cu.usbmodem1234561
00000000  b1 00 15 b9 bf de 8f 11 56 2c 58 df 0f 36 8f f5  |........V,X..6..|
00000010  72 b0 9b d6 c4                                   |r....|

[1785500213.441781] TX fd=12 bytes=23 path=/dev/cu.usbmodem1234561
00000000  a1 00 17 60 fa 3a 47 6d c0 92 fd ac 71 a5 bc 7c  |...`.:Gm....q..||
00000010  1c 90 e4 66 88 df 5a                             |...f..Z|

[1785500213.442634] RX fd=12 bytes=21 path=/dev/cu.usbmodem1234561
00000000  b1 00 15 e7 ad 20 3e 44 df 9a 65 dc 9d 0f 05 dc  |..... >D..e.....|
00000010  25 6c 74 54 74                                   |%ltTt|

[1785500213.541327] TX fd=12 bytes=23 path=/dev/cu.usbmodem1234561
00000000  a1 00 17 60 fa 3a 47 6d c0 92 fd ac 71 a5 bc 7c  |...`.:Gm....q..||
00000010  1c 90 e4 66 88 df 5a                             |...f..Z|

[1785500213.542213] RX fd=12 bytes=21 path=/dev/cu.usbmodem1234561
00000000  b1 00 15 2f 89 25 3e d0 57 0d 07 80 51 0c c5 5d  |.../.%>.W...Q..]|
00000010  da 71 84 55 fb                                   |.q.U.|

[1785500213.641843] TX fd=12 bytes=23 path=/dev/cu.usbmodem1234561
00000000  a1 00 17 60 fa 3a 47 6d c0 92 fd ac 71 a5 bc 7c  |...`.:Gm....q..||
00000010  1c 90 e4 66 88 df 5a                             |...f..Z|

[1785500213.642322] RX fd=12 bytes=21 path=/dev/cu.usbmodem1234561
00000000  b1 00 15 2f 89 25 3e d0 57 0d 07 80 51 0c c5 5d  |.../.%>.W...Q..]|
00000010  da 71 84 55 fb                                   |.q.U.|

[1785500213.741557] TX fd=12 bytes=23 path=/dev/cu.usbmodem1234561
00000000  a1 00 17 60 fa 3a 47 6d c0 92 fd ac 71 a5 bc 7c  |...`.:Gm....q..||
00000010  1c 90 e4 66 88 df 5a                             |...f..Z|

[1785500213.742424] RX fd=12 bytes=21 path=/dev/cu.usbmodem1234561
00000000  b1 00 15 62 3d 0a 2f 44 f4 2a e5 67 54 de ba 09  |...b=./D.*.gT...|
00000010  02 06 ed 40 50                                   |...@P|

[1785500213.841393] TX fd=12 bytes=23 path=/dev/cu.usbmodem1234561
00000000  a1 00 17 23 6e 82 73 5f ae 14 14 a2 05 1d 9e ac  |...#n.s_........|
00000010  82 16 7d 66 88 ab 13                             |..}f...|

[1785500213.842244] RX fd=12 bytes=21 path=/dev/cu.usbmodem1234561
00000000  b1 00 15 bf 13 53 5a 1c 3b 36 f4 5c bf ce dd b2  |.....SZ.;6.\....|
00000010  04 d1 ef c4 a4                                   |.....|

[1785500213.861075] TX fd=12 bytes=23 path=/dev/cu.usbmodem1234561
00000000  a1 00 17 60 fa 3a 47 6d c0 92 fd ac 71 a5 bc 7c  |...`.:Gm....q..||
00000010  1c 90 e4 66 88 df 5a                             |...f..Z|

[1785500213.861528] RX fd=12 bytes=21 path=/dev/cu.usbmodem1234561
00000000  b1 00 15 11 43 f8 b1 33 3a 83 c7 75 51 e8 7c 7e  |....C..3:..uQ.|~|
00000010  ce f3 aa 37 e2                                   |...7.|

[1785500213.940618] TX fd=12 bytes=23 path=/dev/cu.usbmodem1234561
00000000  a1 00 17 60 fa 3a 47 6d c0 92 fd ac 71 a5 bc 7c  |...`.:Gm....q..||
00000010  1c 90 e4 66 88 df 5a                             |...f..Z|

[1785500213.941228] RX fd=12 bytes=21 path=/dev/cu.usbmodem1234561
00000000  b1 00 15 11 43 f8 b1 33 3a 83 c7 75 51 e8 7c 7e  |....C..3:..uQ.|~|
00000010  ce f3 aa 37 e2                                   |...7.|

[1785500214.041107] TX fd=12 bytes=23 path=/dev/cu.usbmodem1234561
00000000  a1 00 17 60 fa 3a 47 6d c0 92 fd ac 71 a5 bc 7c  |...`.:Gm....q..||
00000010  1c 90 e4 66 88 df 5a                             |...f..Z|

[1785500214.042007] RX fd=12 bytes=21 path=/dev/cu.usbmodem1234561
00000000  b1 00 15 88 c3 01 fd d6 60 56 75 2e fb 88 d2 67  |........`Vu....g|
00000010  b6 16 ca d0 12                                   |.....|

[1785500214.141417] TX fd=12 bytes=23 path=/dev/cu.usbmodem1234561
00000000  a1 00 17 60 fa 3a 47 6d c0 92 fd ac 71 a5 bc 7c  |...`.:Gm....q..||
00000010  1c 90 e4 66 88 df 5a                             |...f..Z|

[1785500214.142081] RX fd=12 bytes=21 path=/dev/cu.usbmodem1234561
00000000  b1 00 15 80 bd a8 09 e6 6c fd 0e 53 21 8e a9 8e  |........l..S!...|
00000010  77 1c 30 8e 64                                   |w.0.d|

[1785500214.241387] TX fd=12 bytes=23 path=/dev/cu.usbmodem1234561
00000000  a1 00 17 60 fa 3a 47 6d c0 92 fd ac 71 a5 bc 7c  |...`.:Gm....q..||
00000010  1c 90 e4 66 88 df 5a                             |...f..Z|

[1785500214.242237] RX fd=12 bytes=21 path=/dev/cu.usbmodem1234561
00000000  b1 00 15 85 55 f8 f2 35 80 61 1c ca ed 95 cc 69  |....U..5.a.....i|
00000010  06 be cf 4d 98                                   |...M.|

[1785500214.341912] TX fd=12 bytes=23 path=/dev/cu.usbmodem1234561
00000000  a1 00 17 60 fa 3a 47 6d c0 92 fd ac 71 a5 bc 7c  |...`.:Gm....q..||
00000010  1c 90 e4 66 88 df 5a                             |...f..Z|

[1785500214.342750] RX fd=12 bytes=21 path=/dev/cu.usbmodem1234561
00000000  b1 00 15 8d a6 d9 aa 95 2b 97 4c 09 40 fd ef a5  |........+.L.@...|
00000010  a0 3c d9 6e 1f                                   |.<.n.|

[1785500214.440165] TX fd=12 bytes=23 path=/dev/cu.usbmodem1234561
00000000  a1 00 17 60 fa 3a 47 6d c0 92 fd ac 71 a5 bc 7c  |...`.:Gm....q..||
00000010  1c 90 e4 66 88 df 5a                             |...f..Z|

[1785500214.440625] RX fd=12 bytes=21 path=/dev/cu.usbmodem1234561
00000000  b1 00 15 8d a6 d9 aa 95 2b 97 4c 09 40 fd ef a5  |........+.L.@...|
00000010  a0 3c d9 6e 1f                                   |.<.n.|

[1785500214.541699] TX fd=12 bytes=23 path=/dev/cu.usbmodem1234561
00000000  a1 00 17 60 fa 3a 47 6d c0 92 fd ac 71 a5 bc 7c  |...`.:Gm....q..||
00000010  1c 90 e4 66 88 df 5a                             |...f..Z|

[1785500214.542682] RX fd=12 bytes=21 path=/dev/cu.usbmodem1234561
00000000  b1 00 15 0e a2 10 1b e7 2d 1c e8 9a a8 b1 c4 2b  |........-......+|
00000010  de 32 14 4b c9                                   |.2.K.|

[1785500214.641921] TX fd=12 bytes=23 path=/dev/cu.usbmodem1234561
00000000  a1 00 17 60 fa 3a 47 6d c0 92 fd ac 71 a5 bc 7c  |...`.:Gm....q..||
00000010  1c 90 e4 66 88 df 5a                             |...f..Z|

[1785500214.642738] RX fd=12 bytes=21 path=/dev/cu.usbmodem1234561
00000000  b1 00 15 ef 66 59 5a 67 ba 7a ef 1d f5 8c db 10  |....fYZg.z......|
00000010  1b e4 71 f0 9c                                   |..q..|

[1785500214.740800] TX fd=12 bytes=23 path=/dev/cu.usbmodem1234561
00000000  a1 00 17 60 fa 3a 47 6d c0 92 fd ac 71 a5 bc 7c  |...`.:Gm....q..||
00000010  1c 90 e4 66 88 df 5a                             |...f..Z|

[1785500214.741405] RX fd=12 bytes=21 path=/dev/cu.usbmodem1234561
00000000  b1 00 15 ef 66 59 5a 67 ba 7a ef 1d f5 8c db 10  |....fYZg.z......|
00000010  1b e4 71 f0 9c                                   |..q..|

[1785500214.840276] TX fd=12 bytes=23 path=/dev/cu.usbmodem1234561
00000000  a1 00 17 60 fa 3a 47 6d c0 92 fd ac 71 a5 bc 7c  |...`.:Gm....q..||
00000010  1c 90 e4 66 88 df 5a                             |...f..Z|

[1785500214.841081] RX fd=12 bytes=21 path=/dev/cu.usbmodem1234561
00000000  b1 00 15 24 27 97 05 2e 38 0f 59 39 7f 10 e6 60  |...$'...8.Y9...`|
00000010  60 64 14 71 38                                   |`d.q8|

[1785500214.941867] TX fd=12 bytes=23 path=/dev/cu.usbmodem1234561
00000000  a1 00 17 60 fa 3a 47 6d c0 92 fd ac 71 a5 bc 7c  |...`.:Gm....q..||
00000010  1c 90 e4 66 88 df 5a                             |...f..Z|

[1785500214.942539] RX fd=12 bytes=21 path=/dev/cu.usbmodem1234561
00000000  b1 00 15 6a 9a 58 a6 17 d8 45 d7 7f 83 b1 a5 7e  |...j.X...E.....~|
00000010  6c 45 c1 37 17                                   |lE.7.|

[1785500215.041542] TX fd=12 bytes=23 path=/dev/cu.usbmodem1234561
00000000  a1 00 17 60 fa 3a 47 6d c0 92 fd ac 71 a5 bc 7c  |...`.:Gm....q..||
00000010  1c 90 e4 66 88 df 5a                             |...f..Z|

[1785500215.042261] RX fd=12 bytes=21 path=/dev/cu.usbmodem1234561
00000000  b1 00 15 6a 9a 58 a6 17 d8 45 d7 7f 83 b1 a5 7e  |...j.X...E.....~|
00000010  6c 45 c1 37 17                                   |lE.7.|

[1785500215.140994] TX fd=12 bytes=23 path=/dev/cu.usbmodem1234561
00000000  a1 00 17 60 fa 3a 47 6d c0 92 fd ac 71 a5 bc 7c  |...`.:Gm....q..||
00000010  1c 90 e4 66 88 df 5a                             |...f..Z|

[1785500215.141807] RX fd=12 bytes=21 path=/dev/cu.usbmodem1234561
00000000  b1 00 15 1a 92 50 c6 16 6d 1e 1e e1 49 d5 d0 92  |.....P..m...I...|
00000010  3e 30 87 3e 51                                   |>0.>Q|

[1785500215.241431] TX fd=12 bytes=23 path=/dev/cu.usbmodem1234561
00000000  a1 00 17 60 fa 3a 47 6d c0 92 fd ac 71 a5 bc 7c  |...`.:Gm....q..||
00000010  1c 90 e4 66 88 df 5a                             |...f..Z|

[1785500215.242037] RX fd=12 bytes=21 path=/dev/cu.usbmodem1234561
00000000  b1 00 15 6c 6e 1f 45 27 30 e7 09 7d a4 6c 18 9b  |...ln.E'0..}.l..|
00000010  f2 65 f7 de f6                                   |.e...|

[1785500215.341017] TX fd=12 bytes=23 path=/dev/cu.usbmodem1234561
00000000  a1 00 17 60 fa 3a 47 6d c0 92 fd ac 71 a5 bc 7c  |...`.:Gm....q..||
00000010  1c 90 e4 66 88 df 5a                             |...f..Z|

[1785500215.341773] RX fd=12 bytes=21 path=/dev/cu.usbmodem1234561
00000000  b1 00 15 a3 6c f9 d0 ab 5d 05 fc c0 51 a6 d5 5c  |....l...]...Q..\|
00000010  c1 27 4d 8e 94                                   |.'M..|

[1785500215.441552] TX fd=12 bytes=23 path=/dev/cu.usbmodem1234561
00000000  a1 00 17 60 fa 3a 47 6d c0 92 fd ac 71 a5 bc 7c  |...`.:Gm....q..||
00000010  1c 90 e4 66 88 df 5a                             |...f..Z|

[1785500215.442394] RX fd=12 bytes=21 path=/dev/cu.usbmodem1234561
00000000  b1 00 15 9f c7 0a a3 0b 68 60 b9 ca e2 2c 52 d0  |........h`...,R.|
00000010  08 2a de 23 34                                   |.*.#4|

[1785500215.541156] TX fd=12 bytes=23 path=/dev/cu.usbmodem1234561
00000000  a1 00 17 60 fa 3a 47 6d c0 92 fd ac 71 a5 bc 7c  |...`.:Gm....q..||
00000010  1c 90 e4 66 88 df 5a                             |...f..Z|

[1785500215.541620] RX fd=12 bytes=21 path=/dev/cu.usbmodem1234561
00000000  b1 00 15 9f c7 0a a3 0b 68 60 b9 ca e2 2c 52 d0  |........h`...,R.|
00000010  08 2a de 23 34                                   |.*.#4|

[1785500215.641465] TX fd=12 bytes=23 path=/dev/cu.usbmodem1234561
00000000  a1 00 17 60 fa 3a 47 6d c0 92 fd ac 71 a5 bc 7c  |...`.:Gm....q..||
00000010  1c 90 e4 66 88 df 5a                             |...f..Z|

[1785500215.642279] RX fd=12 bytes=21 path=/dev/cu.usbmodem1234561
00000000  b1 00 15 40 69 42 7d 38 3d 57 07 3c 53 de 7a 23  |...@iB}8=W.<S.z#|
00000010  e0 cc 5e 84 f0                                   |..^..|

[1785500215.741400] TX fd=12 bytes=23 path=/dev/cu.usbmodem1234561
00000000  a1 00 17 60 fa 3a 47 6d c0 92 fd ac 71 a5 bc 7c  |...`.:Gm....q..||
00000010  1c 90 e4 66 88 df 5a                             |...f..Z|

[1785500215.742184] RX fd=12 bytes=21 path=/dev/cu.usbmodem1234561
00000000  b1 00 15 ba 52 98 42 f5 93 6c 56 ef dc 8f 61 d6  |....R.B..lV...a.|
00000010  bc 22 df 65 4f                                   |.".eO|

[1785500215.841747] TX fd=12 bytes=23 path=/dev/cu.usbmodem1234561
00000000  a1 00 17 60 fa 3a 47 6d c0 92 fd ac 71 a5 bc 7c  |...`.:Gm....q..||
00000010  1c 90 e4 66 88 df 5a                             |...f..Z|

[1785500215.842293] RX fd=12 bytes=21 path=/dev/cu.usbmodem1234561
00000000  b1 00 15 ba 52 98 42 f5 93 6c 56 ef dc 8f 61 d6  |....R.B..lV...a.|
00000010  bc 22 df 65 4f                                   |.".eO|

[1785500215.941102] TX fd=12 bytes=23 path=/dev/cu.usbmodem1234561
00000000  a1 00 17 60 fa 3a 47 6d c0 92 fd ac 71 a5 bc 7c  |...`.:Gm....q..||
00000010  1c 90 e4 66 88 df 5a                             |...f..Z|

[1785500215.941897] RX fd=12 bytes=21 path=/dev/cu.usbmodem1234561
00000000  b1 00 15 e5 5e 14 10 34 10 31 bd 75 fb 2d e6 f4  |....^..4.1.u.-..|
00000010  41 09 7a 6d 2c                                   |A.zm,|

[1785500216.040408] TX fd=12 bytes=23 path=/dev/cu.usbmodem1234561
00000000  a1 00 17 60 fa 3a 47 6d c0 92 fd ac 71 a5 bc 7c  |...`.:Gm....q..||
00000010  1c 90 e4 66 88 df 5a                             |...f..Z|

[1785500216.041179] RX fd=12 bytes=21 path=/dev/cu.usbmodem1234561
00000000  b1 00 15 c1 89 6a 9d 2c 6a 08 f0 c2 f8 04 96 2b  |.....j.,j......+|
00000010  30 54 63 3d fe                                   |0Tc=.|

[1785500216.141374] TX fd=12 bytes=23 path=/dev/cu.usbmodem1234561
00000000  a1 00 17 60 fa 3a 47 6d c0 92 fd ac 71 a5 bc 7c  |...`.:Gm....q..||
00000010  1c 90 e4 66 88 df 5a                             |...f..Z|

[1785500216.142109] RX fd=12 bytes=21 path=/dev/cu.usbmodem1234561
00000000  b1 00 15 cd cd d7 99 d5 30 6b b1 ec f6 7f 57 82  |........0k....W.|
00000010  bd 63 41 22 63                                   |.cA"c|

[1785500216.241079] TX fd=12 bytes=23 path=/dev/cu.usbmodem1234561
00000000  a1 00 17 60 fa 3a 47 6d c0 92 fd ac 71 a5 bc 7c  |...`.:Gm....q..||
00000010  1c 90 e4 66 88 df 5a                             |...f..Z|

[1785500216.241836] RX fd=12 bytes=21 path=/dev/cu.usbmodem1234561
00000000  b1 00 15 05 ce de c3 36 19 06 af 1d a1 4b 5e 6d  |.......6.....K^m|
00000010  84 e9 71 97 42                                   |..q.B|

[1785500216.341211] TX fd=12 bytes=23 path=/dev/cu.usbmodem1234561
00000000  a1 00 17 60 fa 3a 47 6d c0 92 fd ac 71 a5 bc 7c  |...`.:Gm....q..||
00000010  1c 90 e4 66 88 df 5a                             |...f..Z|

[1785500216.341647] RX fd=12 bytes=21 path=/dev/cu.usbmodem1234561
00000000  b1 00 15 05 ce de c3 36 19 06 af 1d a1 4b 5e 6d  |.......6.....K^m|
00000010  84 e9 71 97 42                                   |..q.B|

[1785500216.441981] TX fd=12 bytes=23 path=/dev/cu.usbmodem1234561
00000000  a1 00 17 60 fa 3a 47 6d c0 92 fd ac 71 a5 bc 7c  |...`.:Gm....q..||
00000010  1c 90 e4 66 88 df 5a                             |...f..Z|

[1785500216.442806] RX fd=12 bytes=21 path=/dev/cu.usbmodem1234561
00000000  b1 00 15 a4 45 a8 c5 53 78 ca b4 9b f9 03 df ee  |....E..Sx.......|
00000010  72 41 44 b6 dc                                   |rAD..|

[1785500216.541980] TX fd=12 bytes=23 path=/dev/cu.usbmodem1234561
00000000  a1 00 17 60 fa 3a 47 6d c0 92 fd ac 71 a5 bc 7c  |...`.:Gm....q..||
00000010  1c 90 e4 66 88 df 5a                             |...f..Z|

[1785500216.542770] RX fd=12 bytes=21 path=/dev/cu.usbmodem1234561
00000000  b1 00 15 e1 89 07 73 fe d5 8f 0d 61 8e 27 34 09  |......s....a.'4.|
00000010  92 de 65 8c 95                                   |..e..|

[1785500216.641063] TX fd=12 bytes=23 path=/dev/cu.usbmodem1234561
00000000  a1 00 17 60 fa 3a 47 6d c0 92 fd ac 71 a5 bc 7c  |...`.:Gm....q..||
00000010  1c 90 e4 66 88 df 5a                             |...f..Z|

[1785500216.641528] RX fd=12 bytes=21 path=/dev/cu.usbmodem1234561
00000000  b1 00 15 e1 89 07 73 fe d5 8f 0d 61 8e 27 34 09  |......s....a.'4.|
00000010  92 de 65 8c 95                                   |..e..|

[1785500216.741390] TX fd=12 bytes=23 path=/dev/cu.usbmodem1234561
00000000  a1 00 17 60 fa 3a 47 6d c0 92 fd ac 71 a5 bc 7c  |...`.:Gm....q..||
00000010  1c 90 e4 66 88 df 5a                             |...f..Z|

[1785500216.742172] RX fd=12 bytes=21 path=/dev/cu.usbmodem1234561
00000000  b1 00 15 2a 4c 64 c6 4a bb e4 d1 2b 1a f5 32 93  |...*Ld.J...+..2.|
00000010  36 8a 9b 61 2d                                   |6..a-|

[1785500216.840411] TX fd=12 bytes=23 path=/dev/cu.usbmodem1234561
00000000  a1 00 17 23 6e 82 73 5f ae 14 14 a2 05 1d 9e ac  |...#n.s_........|
00000010  82 16 7d 66 88 ab 13                             |..}f...|

[1785500216.840876] RX fd=12 bytes=21 path=/dev/cu.usbmodem1234561
00000000  b1 00 15 bf 13 53 5a 1c 3b 36 f4 5c bf ce dd b2  |.....SZ.;6.\....|
00000010  04 d1 ef c4 a4                                   |.....|

[1785500216.861532] TX fd=12 bytes=23 path=/dev/cu.usbmodem1234561
00000000  a1 00 17 60 fa 3a 47 6d c0 92 fd ac 71 a5 bc 7c  |...`.:Gm....q..||
00000010  1c 90 e4 66 88 df 5a                             |...f..Z|

[1785500216.861912] RX fd=12 bytes=21 path=/dev/cu.usbmodem1234561
00000000  b1 00 15 2a 4c 64 c6 4a bb e4 d1 2b 1a f5 32 93  |...*Ld.J...+..2.|
00000010  36 8a 9b 61 2d                                   |6..a-|

[1785500216.940921] TX fd=12 bytes=23 path=/dev/cu.usbmodem1234561
00000000  a1 00 17 60 fa 3a 47 6d c0 92 fd ac 71 a5 bc 7c  |...`.:Gm....q..||
00000010  1c 90 e4 66 88 df 5a                             |...f..Z|

[1785500216.941593] RX fd=12 bytes=21 path=/dev/cu.usbmodem1234561
00000000  b1 00 15 07 09 d4 90 12 55 b0 84 b9 6c 69 d0 4e  |........U...li.N|
00000010  a9 96 27 0e 0a                                   |..'..|

[1785500217.041963] TX fd=12 bytes=23 path=/dev/cu.usbmodem1234561
00000000  a1 00 17 60 fa 3a 47 6d c0 92 fd ac 71 a5 bc 7c  |...`.:Gm....q..||
00000010  1c 90 e4 66 88 df 5a                             |...f..Z|

[1785500217.042738] RX fd=12 bytes=21 path=/dev/cu.usbmodem1234561
00000000  b1 00 15 37 f2 8c 8f 0d ef 91 e3 11 96 92 fb e1  |...7............|
00000010  3a 6d f6 65 b7                                   |:m.e.|

[1785500217.141686] TX fd=12 bytes=23 path=/dev/cu.usbmodem1234561
00000000  a1 00 17 60 fa 3a 47 6d c0 92 fd ac 71 a5 bc 7c  |...`.:Gm....q..||
00000010  1c 90 e4 66 88 df 5a                             |...f..Z|

[1785500217.142270] RX fd=12 bytes=21 path=/dev/cu.usbmodem1234561
00000000  b1 00 15 06 31 b3 51 c5 ab f7 fb 04 58 a4 14 8a  |....1.Q.....X...|
00000010  bf 77 7a 55 b5                                   |.wzU.|

[1785500217.241749] TX fd=12 bytes=23 path=/dev/cu.usbmodem1234561
00000000  a1 00 17 60 fa 3a 47 6d c0 92 fd ac 71 a5 bc 7c  |...`.:Gm....q..||
00000010  1c 90 e4 66 88 df 5a                             |...f..Z|

[1785500217.242535] RX fd=12 bytes=21 path=/dev/cu.usbmodem1234561
00000000  b1 00 15 a2 f9 0a c8 9c e7 c3 7d a9 08 9b b9 4d  |..........}....M|
00000010  4e 91 16 e9 26                                   |N...&|

[1785500217.341977] TX fd=12 bytes=23 path=/dev/cu.usbmodem1234561
00000000  a1 00 17 60 fa 3a 47 6d c0 92 fd ac 71 a5 bc 7c  |...`.:Gm....q..||
00000010  1c 90 e4 66 88 df 5a                             |...f..Z|

[1785500217.342746] RX fd=12 bytes=21 path=/dev/cu.usbmodem1234561
00000000  b1 00 15 a2 f9 0a c8 9c e7 c3 7d a9 08 9b b9 4d  |..........}....M|
00000010  4e 91 16 e9 26                                   |N...&|

[1785500217.440680] TX fd=12 bytes=23 path=/dev/cu.usbmodem1234561
00000000  a1 00 17 60 fa 3a 47 6d c0 92 fd ac 71 a5 bc 7c  |...`.:Gm....q..||
00000010  1c 90 e4 66 88 df 5a                             |...f..Z|

[1785500217.441445] RX fd=12 bytes=21 path=/dev/cu.usbmodem1234561
00000000  b1 00 15 de 36 f8 23 77 03 ae c2 e6 85 5f ae 8e  |....6.#w....._..|
00000010  c1 36 96 d9 22                                   |.6.."|

[1785500217.541411] TX fd=12 bytes=23 path=/dev/cu.usbmodem1234561
00000000  a1 00 17 60 fa 3a 47 6d c0 92 fd ac 71 a5 bc 7c  |...`.:Gm....q..||
00000010  1c 90 e4 66 88 df 5a                             |...f..Z|

[1785500217.541874] RX fd=12 bytes=21 path=/dev/cu.usbmodem1234561
00000000  b1 00 15 de 36 f8 23 77 03 ae c2 e6 85 5f ae 8e  |....6.#w....._..|
00000010  c1 36 96 d9 22                                   |.6.."|

[1785500217.641532] TX fd=12 bytes=23 path=/dev/cu.usbmodem1234561
00000000  a1 00 17 60 fa 3a 47 6d c0 92 fd ac 71 a5 bc 7c  |...`.:Gm....q..||
00000010  1c 90 e4 66 88 df 5a                             |...f..Z|

[1785500217.642343] RX fd=12 bytes=21 path=/dev/cu.usbmodem1234561
00000000  b1 00 15 f8 da 13 b3 1a d2 ac a6 e4 55 4f bd d4  |............UO..|
00000010  c7 b2 63 81 17                                   |..c..|

[1785500217.740853] TX fd=12 bytes=23 path=/dev/cu.usbmodem1234561
00000000  a1 00 17 60 fa 3a 47 6d c0 92 fd ac 71 a5 bc 7c  |...`.:Gm....q..||
00000010  1c 90 e4 66 88 df 5a                             |...f..Z|

[1785500217.741301] RX fd=12 bytes=21 path=/dev/cu.usbmodem1234561
00000000  b1 00 15 f8 da 13 b3 1a d2 ac a6 e4 55 4f bd d4  |............UO..|
00000010  c7 b2 63 81 17                                   |..c..|

[1785500217.840731] TX fd=12 bytes=23 path=/dev/cu.usbmodem1234561
00000000  a1 00 17 60 fa 3a 47 6d c0 92 fd ac 71 a5 bc 7c  |...`.:Gm....q..||
00000010  1c 90 e4 66 88 df 5a                             |...f..Z|

[1785500217.841546] RX fd=12 bytes=21 path=/dev/cu.usbmodem1234561
00000000  b1 00 15 9c 85 69 e8 78 34 16 04 fc 0b 27 6f 05  |.....i.x4....'o.|
00000010  4b 71 1d a3 39                                   |Kq..9|

[1785500217.941373] TX fd=12 bytes=23 path=/dev/cu.usbmodem1234561
00000000  a1 00 17 60 fa 3a 47 6d c0 92 fd ac 71 a5 bc 7c  |...`.:Gm....q..||
00000010  1c 90 e4 66 88 df 5a                             |...f..Z|

[1785500217.942206] RX fd=12 bytes=21 path=/dev/cu.usbmodem1234561
00000000  b1 00 15 26 db d0 34 37 42 21 97 37 6a 6e e2 b0  |...&..47B!.7jn..|
00000010  88 96 a9 3e 50                                   |...>P|

[1785500218.042009] TX fd=12 bytes=23 path=/dev/cu.usbmodem1234561
00000000  a1 00 17 60 fa 3a 47 6d c0 92 fd ac 71 a5 bc 7c  |...`.:Gm....q..||
00000010  1c 90 e4 66 88 df 5a                             |...f..Z|

[1785500218.042560] RX fd=12 bytes=21 path=/dev/cu.usbmodem1234561
00000000  b1 00 15 26 db d0 34 37 42 21 97 37 6a 6e e2 b0  |...&..47B!.7jn..|
00000010  88 96 a9 3e 50                                   |...>P|

[1785500218.141332] TX fd=12 bytes=23 path=/dev/cu.usbmodem1234561
00000000  a1 00 17 60 fa 3a 47 6d c0 92 fd ac 71 a5 bc 7c  |...`.:Gm....q..||
00000010  1c 90 e4 66 88 df 5a                             |...f..Z|

[1785500218.142215] RX fd=12 bytes=21 path=/dev/cu.usbmodem1234561
00000000  b1 00 15 f7 84 b0 b9 80 8c 5c df 6e 39 f8 9c e2  |.........\.n9...|
00000010  f1 45 33 8b ef                                   |.E3..|

[1785500218.242014] TX fd=12 bytes=23 path=/dev/cu.usbmodem1234561
00000000  a1 00 17 60 fa 3a 47 6d c0 92 fd ac 71 a5 bc 7c  |...`.:Gm....q..||
00000010  1c 90 e4 66 88 df 5a                             |...f..Z|

[1785500218.242592] RX fd=12 bytes=21 path=/dev/cu.usbmodem1234561
00000000  b1 00 15 ca 54 6a 72 12 5a bc 95 7d 94 08 04 b1  |....Tjr.Z..}....|
00000010  c5 3e a3 49 8b                                   |.>.I.|

[1785500218.341221] TX fd=12 bytes=23 path=/dev/cu.usbmodem1234561
00000000  a1 00 17 60 fa 3a 47 6d c0 92 fd ac 71 a5 bc 7c  |...`.:Gm....q..||
00000010  1c 90 e4 66 88 df 5a                             |...f..Z|

[1785500218.342028] RX fd=12 bytes=21 path=/dev/cu.usbmodem1234561
00000000  b1 00 15 ef bd b8 8a 7c 55 15 d6 d5 52 81 88 95  |.......|U...R...|
00000010  fb 6f 19 1e 0c                                   |.o...|

[1785500218.441710] TX fd=12 bytes=23 path=/dev/cu.usbmodem1234561
00000000  a1 00 17 60 fa 3a 47 6d c0 92 fd ac 71 a5 bc 7c  |...`.:Gm....q..||
00000010  1c 90 e4 66 88 df 5a                             |...f..Z|

[1785500218.442472] RX fd=12 bytes=21 path=/dev/cu.usbmodem1234561
00000000  b1 00 15 8c f7 6c c7 58 4e 75 d3 ff e7 eb 8b d3  |.....l.XNu......|
00000010  b2 35 4c 8d cb                                   |.5L..|

[1785500218.541629] TX fd=12 bytes=23 path=/dev/cu.usbmodem1234561
00000000  a1 00 17 60 fa 3a 47 6d c0 92 fd ac 71 a5 bc 7c  |...`.:Gm....q..||
00000010  1c 90 e4 66 88 df 5a                             |...f..Z|

[1785500218.542070] RX fd=12 bytes=21 path=/dev/cu.usbmodem1234561
00000000  b1 00 15 8c f7 6c c7 58 4e 75 d3 ff e7 eb 8b d3  |.....l.XNu......|
00000010  b2 35 4c 8d cb                                   |.5L..|

[1785500218.641868] TX fd=12 bytes=23 path=/dev/cu.usbmodem1234561
00000000  a1 00 17 60 fa 3a 47 6d c0 92 fd ac 71 a5 bc 7c  |...`.:Gm....q..||
00000010  1c 90 e4 66 88 df 5a                             |...f..Z|

[1785500218.642638] RX fd=12 bytes=21 path=/dev/cu.usbmodem1234561
00000000  b1 00 15 1e 14 5f 75 57 2c 14 f3 e5 70 d7 ad e5  |....._uW,...p...|
00000010  d7 53 8e 01 ba                                   |.S...|

[1785500218.741620] TX fd=12 bytes=23 path=/dev/cu.usbmodem1234561
00000000  a1 00 17 60 fa 3a 47 6d c0 92 fd ac 71 a5 bc 7c  |...`.:Gm....q..||
00000010  1c 90 e4 66 88 df 5a                             |...f..Z|

[1785500218.742386] RX fd=12 bytes=21 path=/dev/cu.usbmodem1234561
00000000  b1 00 15 ca 81 bf 60 13 35 8c b0 17 d1 de e7 51  |......`.5......Q|
00000010  0c a1 df 38 d0                                   |...8.|

[1785500218.841633] TX fd=12 bytes=23 path=/dev/cu.usbmodem1234561
00000000  a1 00 17 60 fa 3a 47 6d c0 92 fd ac 71 a5 bc 7c  |...`.:Gm....q..||
00000010  1c 90 e4 66 88 df 5a                             |...f..Z|

[1785500218.842477] RX fd=12 bytes=21 path=/dev/cu.usbmodem1234561
00000000  b1 00 15 59 05 d7 39 09 55 ce 97 b9 d4 b0 31 64  |...Y..9.U.....1d|
00000010  f9 79 33 69 db                                   |.y3i.|

[1785500218.942012] TX fd=12 bytes=23 path=/dev/cu.usbmodem1234561
00000000  a1 00 17 60 fa 3a 47 6d c0 92 fd ac 71 a5 bc 7c  |...`.:Gm....q..||
00000010  1c 90 e4 66 88 df 5a                             |...f..Z|

[1785500218.942776] RX fd=12 bytes=21 path=/dev/cu.usbmodem1234561
00000000  b1 00 15 ea 1f fd 6e c2 af d7 af c9 40 c2 ee 92  |......n.....@...|
00000010  0c 48 da 60 09                                   |.H.`.|

[1785500219.041866] TX fd=12 bytes=23 path=/dev/cu.usbmodem1234561
00000000  a1 00 17 60 fa 3a 47 6d c0 92 fd ac 71 a5 bc 7c  |...`.:Gm....q..||
00000010  1c 90 e4 66 88 df 5a                             |...f..Z|

[1785500219.042476] RX fd=12 bytes=21 path=/dev/cu.usbmodem1234561
00000000  b1 00 15 10 82 15 8c 27 52 68 50 06 ba 50 b3 18  |.......'RhP..P..|
00000010  db ca 6a f7 ae                                   |..j..|

[1785500219.141367] TX fd=12 bytes=23 path=/dev/cu.usbmodem1234561
00000000  a1 00 17 60 fa 3a 47 6d c0 92 fd ac 71 a5 bc 7c  |...`.:Gm....q..||
00000010  1c 90 e4 66 88 df 5a                             |...f..Z|

[1785500219.142167] RX fd=12 bytes=21 path=/dev/cu.usbmodem1234561
00000000  b1 00 15 c4 9f 5b 32 0a 28 41 13 5c fd 97 37 7f  |.....[2.(A.\..7.|
00000010  e0 a1 8e f5 0e                                   |.....|

[1785500219.241512] TX fd=12 bytes=23 path=/dev/cu.usbmodem1234561
00000000  a1 00 17 60 fa 3a 47 6d c0 92 fd ac 71 a5 bc 7c  |...`.:Gm....q..||
00000010  1c 90 e4 66 88 df 5a                             |...f..Z|

[1785500219.242274] RX fd=12 bytes=21 path=/dev/cu.usbmodem1234561
00000000  b1 00 15 a9 e7 5e ec a9 4e 45 0c d0 ae b0 76 b7  |.....^..NE....v.|
00000010  5d 77 de 6c 16                                   |]w.l.|

[1785500219.341029] TX fd=12 bytes=23 path=/dev/cu.usbmodem1234561
00000000  a1 00 17 60 fa 3a 47 6d c0 92 fd ac 71 a5 bc 7c  |...`.:Gm....q..||
00000010  1c 90 e4 66 88 df 5a                             |...f..Z|

[1785500219.341813] RX fd=12 bytes=21 path=/dev/cu.usbmodem1234561
00000000  b1 00 15 ae ef fc 1c 2a d3 ab 6d 8c 8f 49 29 ef  |.......*..m..I).|
00000010  3d d4 77 b4 47                                   |=.w.G|

[1785500219.441410] TX fd=12 bytes=23 path=/dev/cu.usbmodem1234561
00000000  a1 00 17 60 fa 3a 47 6d c0 92 fd ac 71 a5 bc 7c  |...`.:Gm....q..||
00000010  1c 90 e4 66 88 df 5a                             |...f..Z|

[1785500219.441998] RX fd=12 bytes=21 path=/dev/cu.usbmodem1234561
00000000  b1 00 15 ae ef fc 1c 2a d3 ab 6d 8c 8f 49 29 ef  |.......*..m..I).|
00000010  3d d4 77 b4 47                                   |=.w.G|

[1785500219.541858] TX fd=12 bytes=23 path=/dev/cu.usbmodem1234561
00000000  a1 00 17 60 fa 3a 47 6d c0 92 fd ac 71 a5 bc 7c  |...`.:Gm....q..||
00000010  1c 90 e4 66 88 df 5a                             |...f..Z|

[1785500219.542647] RX fd=12 bytes=21 path=/dev/cu.usbmodem1234561
00000000  b1 00 15 16 d4 ef f7 9a 88 90 e0 ec 2a cb 7c 9a  |............*.|.|
00000010  80 03 47 bd db                                   |..G..|

[1785500219.640810] TX fd=12 bytes=23 path=/dev/cu.usbmodem1234561
00000000  a1 00 17 60 fa 3a 47 6d c0 92 fd ac 71 a5 bc 7c  |...`.:Gm....q..||
00000010  1c 90 e4 66 88 df 5a                             |...f..Z|

[1785500219.641252] RX fd=12 bytes=21 path=/dev/cu.usbmodem1234561
00000000  b1 00 15 16 d4 ef f7 9a 88 90 e0 ec 2a cb 7c 9a  |............*.|.|
00000010  80 03 47 bd db                                   |..G..|

[1785500219.741094] TX fd=12 bytes=23 path=/dev/cu.usbmodem1234561
00000000  a1 00 17 60 fa 3a 47 6d c0 92 fd ac 71 a5 bc 7c  |...`.:Gm....q..||
00000010  1c 90 e4 66 88 df 5a                             |...f..Z|

[1785500219.741875] RX fd=12 bytes=21 path=/dev/cu.usbmodem1234561
00000000  b1 00 15 35 95 27 a5 92 91 81 93 b8 1a 53 9f 98  |...5.'.......S..|
00000010  c7 72 c9 3a a6                                   |.r.:.|

[1785500219.841785] TX fd=12 bytes=23 path=/dev/cu.usbmodem1234561
00000000  a1 00 17 23 6e 82 73 5f ae 14 14 a2 05 1d 9e ac  |...#n.s_........|
00000010  82 16 7d 66 88 ab 13                             |..}f...|

[1785500219.842600] RX fd=12 bytes=21 path=/dev/cu.usbmodem1234561
00000000  b1 00 15 bf 13 53 5a 1c 3b 36 f4 5c bf ce dd b2  |.....SZ.;6.\....|
00000010  04 d1 ef c4 a4                                   |.....|

[1785500219.861905] TX fd=12 bytes=23 path=/dev/cu.usbmodem1234561
00000000  a1 00 17 60 fa 3a 47 6d c0 92 fd ac 71 a5 bc 7c  |...`.:Gm....q..||
00000010  1c 90 e4 66 88 df 5a                             |...f..Z|

[1785500219.862363] RX fd=12 bytes=21 path=/dev/cu.usbmodem1234561
00000000  b1 00 15 9c e3 71 17 a0 9d e1 f0 52 c1 25 ce 87  |.....q.....R.%..|
00000010  f3 fe 0a cf 42                                   |....B|

[1785500219.941072] TX fd=12 bytes=23 path=/dev/cu.usbmodem1234561
00000000  a1 00 17 60 fa 3a 47 6d c0 92 fd ac 71 a5 bc 7c  |...`.:Gm....q..||
00000010  1c 90 e4 66 88 df 5a                             |...f..Z|

[1785500219.941637] RX fd=12 bytes=21 path=/dev/cu.usbmodem1234561
00000000  b1 00 15 9c e3 71 17 a0 9d e1 f0 52 c1 25 ce 87  |.....q.....R.%..|
00000010  f3 fe 0a cf 42                                   |....B|

[1785500220.040507] TX fd=12 bytes=23 path=/dev/cu.usbmodem1234561
00000000  a1 00 17 60 fa 3a 47 6d c0 92 fd ac 71 a5 bc 7c  |...`.:Gm....q..||
00000010  1c 90 e4 66 88 df 5a                             |...f..Z|

[1785500220.041309] RX fd=12 bytes=21 path=/dev/cu.usbmodem1234561
00000000  b1 00 15 64 99 29 41 d4 60 e2 7a 3f 9c fc f2 78  |...d.)A.`.z?...x|
00000010  27 b2 da d9 67                                   |'...g|

[1785500220.141423] TX fd=12 bytes=23 path=/dev/cu.usbmodem1234561
00000000  a1 00 17 60 fa 3a 47 6d c0 92 fd ac 71 a5 bc 7c  |...`.:Gm....q..||
00000010  1c 90 e4 66 88 df 5a                             |...f..Z|

[1785500220.142016] RX fd=12 bytes=21 path=/dev/cu.usbmodem1234561
00000000  b1 00 15 09 df d1 f5 6f 03 dc 06 7d 66 a7 14 08  |.......o...}f...|
00000010  26 d7 02 4b 6e                                   |&..Kn|

[1785500220.241525] TX fd=12 bytes=23 path=/dev/cu.usbmodem1234561
00000000  a1 00 17 60 fa 3a 47 6d c0 92 fd ac 71 a5 bc 7c  |...`.:Gm....q..||
00000010  1c 90 e4 66 88 df 5a                             |...f..Z|

[1785500220.242314] RX fd=12 bytes=21 path=/dev/cu.usbmodem1234561
00000000  b1 00 15 b3 19 2c ca d6 8e 3d a1 51 ca 34 80 b6  |.....,...=.Q.4..|
00000010  42 4b 6a b9 1b                                   |BKj..|

[1785500220.341838] TX fd=12 bytes=23 path=/dev/cu.usbmodem1234561
00000000  a1 00 17 60 fa 3a 47 6d c0 92 fd ac 71 a5 bc 7c  |...`.:Gm....q..||
00000010  1c 90 e4 66 88 df 5a                             |...f..Z|

[1785500220.342630] RX fd=12 bytes=21 path=/dev/cu.usbmodem1234561
00000000  b1 00 15 8e e8 9a 3d 59 82 4b 75 ef a0 3b e8 93  |......=Y.Ku..;..|
00000010  03 7c 43 05 70                                   |.|C.p|

[1785500220.441165] TX fd=12 bytes=23 path=/dev/cu.usbmodem1234561
00000000  a1 00 17 60 fa 3a 47 6d c0 92 fd ac 71 a5 bc 7c  |...`.:Gm....q..||
00000010  1c 90 e4 66 88 df 5a                             |...f..Z|

[1785500220.441636] RX fd=12 bytes=21 path=/dev/cu.usbmodem1234561
00000000  b1 00 15 8e e8 9a 3d 59 82 4b 75 ef a0 3b e8 93  |......=Y.Ku..;..|
00000010  03 7c 43 05 70                                   |.|C.p|

[1785500220.541489] TX fd=12 bytes=23 path=/dev/cu.usbmodem1234561
00000000  a1 00 17 60 fa 3a 47 6d c0 92 fd ac 71 a5 bc 7c  |...`.:Gm....q..||
00000010  1c 90 e4 66 88 df 5a                             |...f..Z|

[1785500220.542218] RX fd=12 bytes=21 path=/dev/cu.usbmodem1234561
00000000  b1 00 15 79 75 17 bc 02 bf 5b 64 11 3d 12 46 d8  |...yu....[d.=.F.|
00000010  cb 9a c9 0a b3                                   |.....|

[1785500220.641613] TX fd=12 bytes=23 path=/dev/cu.usbmodem1234561
00000000  a1 00 17 60 fa 3a 47 6d c0 92 fd ac 71 a5 bc 7c  |...`.:Gm....q..||
00000010  1c 90 e4 66 88 df 5a                             |...f..Z|

[1785500220.642388] RX fd=12 bytes=21 path=/dev/cu.usbmodem1234561
00000000  b1 00 15 f6 09 20 de c7 36 07 ec 98 a6 9e 45 a8  |..... ..6.....E.|
00000010  3c c8 86 42 1f                                   |<..B.|

[1785500220.740909] TX fd=12 bytes=23 path=/dev/cu.usbmodem1234561
00000000  a1 00 17 60 fa 3a 47 6d c0 92 fd ac 71 a5 bc 7c  |...`.:Gm....q..||
00000010  1c 90 e4 66 88 df 5a                             |...f..Z|

[1785500220.741683] RX fd=12 bytes=21 path=/dev/cu.usbmodem1234561
00000000  b1 00 15 e4 bb ba 62 88 cc 62 81 dd 26 cc 4f 70  |......b..b..&.Op|
00000010  3b ed 69 c3 3a                                   |;.i.:|

[1785500220.841301] TX fd=12 bytes=23 path=/dev/cu.usbmodem1234561
00000000  a1 00 17 60 fa 3a 47 6d c0 92 fd ac 71 a5 bc 7c  |...`.:Gm....q..||
00000010  1c 90 e4 66 88 df 5a                             |...f..Z|

[1785500220.842117] RX fd=12 bytes=21 path=/dev/cu.usbmodem1234561
00000000  b1 00 15 90 1a 5e 9f 11 61 d3 2b 43 1d 4a be c5  |.....^..a.+C.J..|
00000010  d0 b0 c8 52 cb                                   |...R.|

[1785500220.941874] TX fd=12 bytes=23 path=/dev/cu.usbmodem1234561
00000000  a1 00 17 60 fa 3a 47 6d c0 92 fd ac 71 a5 bc 7c  |...`.:Gm....q..||
00000010  1c 90 e4 66 88 df 5a                             |...f..Z|

[1785500220.942649] RX fd=12 bytes=21 path=/dev/cu.usbmodem1234561
00000000  b1 00 15 a4 62 60 0c 84 79 b8 90 65 0d 93 36 31  |....b`..y..e..61|
00000010  7a 45 c2 47 c7                                   |zE.G.|

[1785500221.041016] TX fd=12 bytes=23 path=/dev/cu.usbmodem1234561
00000000  a1 00 17 60 fa 3a 47 6d c0 92 fd ac 71 a5 bc 7c  |...`.:Gm....q..||
00000010  1c 90 e4 66 88 df 5a                             |...f..Z|

[1785500221.041577] RX fd=12 bytes=21 path=/dev/cu.usbmodem1234561
00000000  b1 00 15 a4 62 60 0c 84 79 b8 90 65 0d 93 36 31  |....b`..y..e..61|
00000010  7a 45 c2 47 c7                                   |zE.G.|

[1785500221.141299] TX fd=12 bytes=23 path=/dev/cu.usbmodem1234561
00000000  a1 00 17 60 fa 3a 47 6d c0 92 fd ac 71 a5 bc 7c  |...`.:Gm....q..||
00000010  1c 90 e4 66 88 df 5a                             |...f..Z|

[1785500221.142078] RX fd=12 bytes=21 path=/dev/cu.usbmodem1234561
00000000  b1 00 15 be 9d 55 ae 4a c6 c2 bc 15 b4 34 6d f0  |.....U.J.....4m.|
00000010  62 47 31 e4 5d                                   |bG1.]|

[1785500221.241493] TX fd=12 bytes=23 path=/dev/cu.usbmodem1234561
00000000  a1 00 17 60 fa 3a 47 6d c0 92 fd ac 71 a5 bc 7c  |...`.:Gm....q..||
00000010  1c 90 e4 66 88 df 5a                             |...f..Z|

[1785500221.242313] RX fd=12 bytes=21 path=/dev/cu.usbmodem1234561
00000000  b1 00 15 d2 bb 1d d8 2c fd 11 ff 63 24 dc 4c d2  |.......,...c$.L.|
00000010  1c 06 ee 13 67                                   |....g|

[1785500221.341656] TX fd=12 bytes=23 path=/dev/cu.usbmodem1234561
00000000  a1 00 17 60 fa 3a 47 6d c0 92 fd ac 71 a5 bc 7c  |...`.:Gm....q..||
00000010  1c 90 e4 66 88 df 5a                             |...f..Z|

[1785500221.342408] RX fd=12 bytes=21 path=/dev/cu.usbmodem1234561
00000000  b1 00 15 37 08 d3 a5 63 44 36 cc e1 fc fa 84 ab  |...7...cD6......|
00000010  34 fe 93 97 b7                                   |4....|

[1785500221.441569] TX fd=12 bytes=23 path=/dev/cu.usbmodem1234561
00000000  a1 00 17 60 fa 3a 47 6d c0 92 fd ac 71 a5 bc 7c  |...`.:Gm....q..||
00000010  1c 90 e4 66 88 df 5a                             |...f..Z|

[1785500221.442341] RX fd=12 bytes=21 path=/dev/cu.usbmodem1234561
00000000  b1 00 15 14 80 e5 d3 f5 db be 23 1f 4b 6f 4f 0f  |..........#.KoO.|
00000010  34 4e eb ef 0d                                   |4N...|

[1785500221.541345] TX fd=12 bytes=23 path=/dev/cu.usbmodem1234561
00000000  a1 00 17 60 fa 3a 47 6d c0 92 fd ac 71 a5 bc 7c  |...`.:Gm....q..||
00000010  1c 90 e4 66 88 df 5a                             |...f..Z|

[1785500221.541790] RX fd=12 bytes=21 path=/dev/cu.usbmodem1234561
00000000  b1 00 15 14 80 e5 d3 f5 db be 23 1f 4b 6f 4f 0f  |..........#.KoO.|
00000010  34 4e eb ef 0d                                   |4N...|

[1785500221.640807] TX fd=12 bytes=23 path=/dev/cu.usbmodem1234561
00000000  a1 00 17 60 fa 3a 47 6d c0 92 fd ac 71 a5 bc 7c  |...`.:Gm....q..||
00000010  1c 90 e4 66 88 df 5a                             |...f..Z|

[1785500221.641601] RX fd=12 bytes=21 path=/dev/cu.usbmodem1234561
00000000  b1 00 15 0d 27 8a ef b0 ee 2a 40 d6 f9 51 3b a8  |....'....*@..Q;.|
00000010  b4 82 f1 ea 7c                                   |....||

[1785500221.740488] TX fd=12 bytes=23 path=/dev/cu.usbmodem1234561
00000000  a1 00 17 60 fa 3a 47 6d c0 92 fd ac 71 a5 bc 7c  |...`.:Gm....q..||
00000010  1c 90 e4 66 88 df 5a                             |...f..Z|

[1785500221.741281] RX fd=12 bytes=21 path=/dev/cu.usbmodem1234561
00000000  b1 00 15 84 5c ed e0 0e 56 bf 1b 57 0d 02 d3 32  |....\...V..W...2|
00000010  94 0f e0 78 ea                                   |...x.|

[1785500221.841390] TX fd=12 bytes=23 path=/dev/cu.usbmodem1234561
00000000  a1 00 17 60 fa 3a 47 6d c0 92 fd ac 71 a5 bc 7c  |...`.:Gm....q..||
00000010  1c 90 e4 66 88 df 5a                             |...f..Z|

[1785500221.841989] RX fd=12 bytes=21 path=/dev/cu.usbmodem1234561
00000000  b1 00 15 84 5c ed e0 0e 56 bf 1b 57 0d 02 d3 32  |....\...V..W...2|
00000010  94 0f e0 78 ea                                   |...x.|

[1785500221.941758] TX fd=12 bytes=23 path=/dev/cu.usbmodem1234561
00000000  a1 00 17 60 fa 3a 47 6d c0 92 fd ac 71 a5 bc 7c  |...`.:Gm....q..||
00000010  1c 90 e4 66 88 df 5a                             |...f..Z|

[1785500221.942581] RX fd=12 bytes=21 path=/dev/cu.usbmodem1234561
00000000  b1 00 15 50 52 71 7c 26 90 df 07 03 55 7d f0 ca  |...PRq|&....U}..|
00000010  3c 79 23 fe 32                                   |<y#.2|

[1785500222.041316] TX fd=12 bytes=23 path=/dev/cu.usbmodem1234561
00000000  a1 00 17 60 fa 3a 47 6d c0 92 fd ac 71 a5 bc 7c  |...`.:Gm....q..||
00000010  1c 90 e4 66 88 df 5a                             |...f..Z|

[1785500222.041969] RX fd=12 bytes=21 path=/dev/cu.usbmodem1234561
00000000  b1 00 15 7e 99 46 50 18 36 a1 b9 9d a7 03 5f 3a  |...~.FP.6....._:|
00000010  15 a8 ba b6 53                                   |....S|

[1785500222.141510] TX fd=12 bytes=23 path=/dev/cu.usbmodem1234561
00000000  a1 00 17 60 fa 3a 47 6d c0 92 fd ac 71 a5 bc 7c  |...`.:Gm....q..||
00000010  1c 90 e4 66 88 df 5a                             |...f..Z|

[1785500222.142337] RX fd=12 bytes=21 path=/dev/cu.usbmodem1234561
00000000  b1 00 15 9a 6e 98 4c 83 ce db bb 32 86 61 24 2a  |....n.L....2.a$*|
00000010  b1 6e 0d 40 58                                   |.n.@X|

[1785500222.240940] TX fd=12 bytes=23 path=/dev/cu.usbmodem1234561
00000000  a1 00 17 60 fa 3a 47 6d c0 92 fd ac 71 a5 bc 7c  |...`.:Gm....q..||
00000010  1c 90 e4 66 88 df 5a                             |...f..Z|

[1785500222.241717] RX fd=12 bytes=21 path=/dev/cu.usbmodem1234561
00000000  b1 00 15 f1 d0 29 f1 db ff 5c d5 dc e5 aa 4a 8a  |.....)...\....J.|
00000010  56 99 c1 61 fc                                   |V..a.|

[1785500222.340581] TX fd=12 bytes=23 path=/dev/cu.usbmodem1234561
00000000  a1 00 17 60 fa 3a 47 6d c0 92 fd ac 71 a5 bc 7c  |...`.:Gm....q..||
00000010  1c 90 e4 66 88 df 5a                             |...f..Z|

[1785500222.341013] RX fd=12 bytes=21 path=/dev/cu.usbmodem1234561
00000000  b1 00 15 f1 d0 29 f1 db ff 5c d5 dc e5 aa 4a 8a  |.....)...\....J.|
00000010  56 99 c1 61 fc                                   |V..a.|

[1785500222.441584] TX fd=12 bytes=23 path=/dev/cu.usbmodem1234561
00000000  a1 00 17 60 fa 3a 47 6d c0 92 fd ac 71 a5 bc 7c  |...`.:Gm....q..||
00000010  1c 90 e4 66 88 df 5a                             |...f..Z|

[1785500222.442396] RX fd=12 bytes=21 path=/dev/cu.usbmodem1234561
00000000  b1 00 15 7e ed 85 0a c5 4a 4b 46 c8 53 81 fd 48  |...~....JKF.S..H|
00000010  58 55 0d 5c 93                                   |XU.\.|

[1785500222.541495] TX fd=12 bytes=23 path=/dev/cu.usbmodem1234561
00000000  a1 00 17 60 fa 3a 47 6d c0 92 fd ac 71 a5 bc 7c  |...`.:Gm....q..||
00000010  1c 90 e4 66 88 df 5a                             |...f..Z|

[1785500222.542279] RX fd=12 bytes=21 path=/dev/cu.usbmodem1234561
00000000  b1 00 15 60 48 73 f9 08 4e ca cd 1c ad 88 81 e9  |...`Hs..N.......|
00000010  d7 73 60 06 9a                                   |.s`..|

[1785500222.641177] TX fd=12 bytes=23 path=/dev/cu.usbmodem1234561
00000000  a1 00 17 60 fa 3a 47 6d c0 92 fd ac 71 a5 bc 7c  |...`.:Gm....q..||
00000010  1c 90 e4 66 88 df 5a                             |...f..Z|

[1785500222.641999] RX fd=12 bytes=21 path=/dev/cu.usbmodem1234561
00000000  b1 00 15 10 55 44 a2 e6 4e 25 30 f3 b5 ed 3c 29  |....UD..N%0...<)|
00000010  be 41 32 1b f9                                   |.A2..|

[1785500222.741774] TX fd=12 bytes=23 path=/dev/cu.usbmodem1234561
00000000  a1 00 17 60 fa 3a 47 6d c0 92 fd ac 71 a5 bc 7c  |...`.:Gm....q..||
00000010  1c 90 e4 66 88 df 5a                             |...f..Z|

[1785500222.742591] RX fd=12 bytes=21 path=/dev/cu.usbmodem1234561
00000000  b1 00 15 5b 7c 52 66 6b 61 46 de 06 33 ea 19 32  |...[|RfkaF..3..2|
00000010  46 10 b5 72 c7                                   |F..r.|

[1785500222.840771] TX fd=12 bytes=23 path=/dev/cu.usbmodem1234561
00000000  a1 00 17 23 6e 82 73 5f ae 14 14 a2 05 1d 9e ac  |...#n.s_........|
00000010  82 16 7d 66 88 ab 13                             |..}f...|

[1785500222.841401] RX fd=12 bytes=21 path=/dev/cu.usbmodem1234561
00000000  b1 00 15 bf 13 53 5a 1c 3b 36 f4 5c bf ce dd b2  |.....SZ.;6.\....|
00000010  04 d1 ef c4 a4                                   |.....|

[1785500222.861853] TX fd=12 bytes=23 path=/dev/cu.usbmodem1234561
00000000  a1 00 17 60 fa 3a 47 6d c0 92 fd ac 71 a5 bc 7c  |...`.:Gm....q..||
00000010  1c 90 e4 66 88 df 5a                             |...f..Z|

[1785500222.862455] RX fd=12 bytes=21 path=/dev/cu.usbmodem1234561
00000000  b1 00 15 67 1f c0 d8 15 32 2a 69 fc 4c 39 c0 a4  |...g....2*i.L9..|
00000010  4e 6d 4e 5b 93                                   |NmN[.|

[1785500222.941668] TX fd=12 bytes=23 path=/dev/cu.usbmodem1234561
00000000  a1 00 17 60 fa 3a 47 6d c0 92 fd ac 71 a5 bc 7c  |...`.:Gm....q..||
00000010  1c 90 e4 66 88 df 5a                             |...f..Z|

[1785500222.942337] RX fd=12 bytes=21 path=/dev/cu.usbmodem1234561
00000000  b1 00 15 8c 8b b2 41 1e 1e 5f 3d 0b dc 85 5b a8  |......A.._=...[.|
00000010  e7 9f ad b8 15                                   |.....|

[1785500223.041185] TX fd=12 bytes=23 path=/dev/cu.usbmodem1234561
00000000  a1 00 17 60 fa 3a 47 6d c0 92 fd ac 71 a5 bc 7c  |...`.:Gm....q..||
00000010  1c 90 e4 66 88 df 5a                             |...f..Z|

[1785500223.041981] RX fd=12 bytes=21 path=/dev/cu.usbmodem1234561
00000000  b1 00 15 41 a3 5e 97 08 db e6 09 d0 aa ef f4 a4  |...A.^..........|
00000010  0b a8 b3 e4 44                                   |....D|

[1785500223.141314] TX fd=12 bytes=23 path=/dev/cu.usbmodem1234561
00000000  a1 00 17 60 fa 3a 47 6d c0 92 fd ac 71 a5 bc 7c  |...`.:Gm....q..||
00000010  1c 90 e4 66 88 df 5a                             |...f..Z|

[1785500223.142134] RX fd=12 bytes=21 path=/dev/cu.usbmodem1234561
00000000  b1 00 15 64 ad 94 04 92 1c 0e 5b 6f e1 c8 08 14  |...d......[o....|
00000010  bb 7b 7a 87 5f                                   |.{z._|

[1785500223.241985] TX fd=12 bytes=23 path=/dev/cu.usbmodem1234561
00000000  a1 00 17 60 fa 3a 47 6d c0 92 fd ac 71 a5 bc 7c  |...`.:Gm....q..||
00000010  1c 90 e4 66 88 df 5a                             |...f..Z|

[1785500223.242721] RX fd=12 bytes=21 path=/dev/cu.usbmodem1234561
00000000  b1 00 15 ad 5d bd f1 e6 f9 f8 a4 bb 28 1a 52 27  |....].......(.R'|
00000010  e5 d0 5c 42 3e                                   |..\B>|

[1785500223.341414] TX fd=12 bytes=23 path=/dev/cu.usbmodem1234561
00000000  a1 00 17 60 fa 3a 47 6d c0 92 fd ac 71 a5 bc 7c  |...`.:Gm....q..||
00000010  1c 90 e4 66 88 df 5a                             |...f..Z|

[1785500223.342227] RX fd=12 bytes=21 path=/dev/cu.usbmodem1234561
00000000  b1 00 15 a4 2d e2 49 13 f9 53 aa 7e a4 63 65 ed  |....-.I..S.~.ce.|
00000010  68 6c c5 b3 bc                                   |hl...|

[1785500223.441605] TX fd=12 bytes=23 path=/dev/cu.usbmodem1234561
00000000  a1 00 17 60 fa 3a 47 6d c0 92 fd ac 71 a5 bc 7c  |...`.:Gm....q..||
00000010  1c 90 e4 66 88 df 5a                             |...f..Z|

[1785500223.442050] RX fd=12 bytes=21 path=/dev/cu.usbmodem1234561
00000000  b1 00 15 a4 2d e2 49 13 f9 53 aa 7e a4 63 65 ed  |....-.I..S.~.ce.|
00000010  68 6c c5 b3 bc                                   |hl...|

[1785500223.540735] TX fd=12 bytes=23 path=/dev/cu.usbmodem1234561
00000000  a1 00 17 60 fa 3a 47 6d c0 92 fd ac 71 a5 bc 7c  |...`.:Gm....q..||
00000010  1c 90 e4 66 88 df 5a                             |...f..Z|

[1785500223.541597] RX fd=12 bytes=21 path=/dev/cu.usbmodem1234561
00000000  b1 00 15 23 bc 33 79 5c c8 f0 31 dd ca ed 77 49  |...#.3y\..1...wI|
00000010  11 a1 0c 65 36                                   |...e6|

[1785500223.641039] TX fd=12 bytes=23 path=/dev/cu.usbmodem1234561
00000000  a1 00 17 60 fa 3a 47 6d c0 92 fd ac 71 a5 bc 7c  |...`.:Gm....q..||
00000010  1c 90 e4 66 88 df 5a                             |...f..Z|

[1785500223.641837] RX fd=12 bytes=21 path=/dev/cu.usbmodem1234561
00000000  b1 00 15 6b cf 43 40 03 40 31 b5 f5 c0 8b 6a 1a  |...k.C@.@1....j.|
00000010  c4 25 27 ac 59                                   |.%'.Y|

[1785500223.741141] TX fd=12 bytes=23 path=/dev/cu.usbmodem1234561
00000000  a1 00 17 60 fa 3a 47 6d c0 92 fd ac 71 a5 bc 7c  |...`.:Gm....q..||
00000010  1c 90 e4 66 88 df 5a                             |...f..Z|

[1785500223.741725] RX fd=12 bytes=21 path=/dev/cu.usbmodem1234561
00000000  b1 00 15 9a 4e 63 b3 26 21 db b1 85 25 73 c0 89  |....Nc.&!...%s..|
00000010  bf 84 d5 dd 2c                                   |....,|

[1785500223.840815] TX fd=12 bytes=23 path=/dev/cu.usbmodem1234561
00000000  a1 00 17 60 fa 3a 47 6d c0 92 fd ac 71 a5 bc 7c  |...`.:Gm....q..||
00000010  1c 90 e4 66 88 df 5a                             |...f..Z|

[1785500223.841599] RX fd=12 bytes=21 path=/dev/cu.usbmodem1234561
00000000  b1 00 15 bc 7f ec 67 76 d4 c4 5c 18 34 14 f4 e4  |......gv..\.4...|
00000010  36 57 e8 f5 d1                                   |6W...|

[1785500223.941530] TX fd=12 bytes=23 path=/dev/cu.usbmodem1234561
00000000  a1 00 17 60 fa 3a 47 6d c0 92 fd ac 71 a5 bc 7c  |...`.:Gm....q..||
00000010  1c 90 e4 66 88 df 5a                             |...f..Z|

[1785500223.942159] RX fd=12 bytes=21 path=/dev/cu.usbmodem1234561
00000000  b1 00 15 2c 93 33 8d e0 44 b6 a5 f3 e9 6b fa ed  |...,.3..D....k..|
00000010  c5 fb 9c 13 db                                   |.....|

[1785500224.040610] TX fd=12 bytes=23 path=/dev/cu.usbmodem1234561
00000000  a1 00 17 60 fa 3a 47 6d c0 92 fd ac 71 a5 bc 7c  |...`.:Gm....q..||
00000010  1c 90 e4 66 88 df 5a                             |...f..Z|

[1785500224.041431] RX fd=12 bytes=21 path=/dev/cu.usbmodem1234561
00000000  b1 00 15 41 db 74 e6 4b 1c cb 3e bc 34 df 38 0d  |...A.t.K..>.4.8.|
00000010  0a 3a 36 62 92                                   |.:6b.|

[1785500224.140887] TX fd=12 bytes=23 path=/dev/cu.usbmodem1234561
00000000  a1 00 17 60 fa 3a 47 6d c0 92 fd ac 71 a5 bc 7c  |...`.:Gm....q..||
00000010  1c 90 e4 66 88 df 5a                             |...f..Z|

[1785500224.141654] RX fd=12 bytes=21 path=/dev/cu.usbmodem1234561
00000000  b1 00 15 07 d4 db d8 95 ee b8 f5 b4 86 81 0d 86  |................|
00000010  96 b7 9e 13 4a                                   |....J|

[1785500224.241686] TX fd=12 bytes=23 path=/dev/cu.usbmodem1234561
00000000  a1 00 17 60 fa 3a 47 6d c0 92 fd ac 71 a5 bc 7c  |...`.:Gm....q..||
00000010  1c 90 e4 66 88 df 5a                             |...f..Z|

[1785500224.242303] RX fd=12 bytes=21 path=/dev/cu.usbmodem1234561
00000000  b1 00 15 20 b5 56 91 2c b0 b4 d0 67 68 aa fd e2  |... .V.,...gh...|
00000010  c0 e4 b3 58 21                                   |...X!|

[1785500224.341079] TX fd=12 bytes=23 path=/dev/cu.usbmodem1234561
00000000  a1 00 17 60 fa 3a 47 6d c0 92 fd ac 71 a5 bc 7c  |...`.:Gm....q..||
00000010  1c 90 e4 66 88 df 5a                             |...f..Z|

[1785500224.341781] RX fd=12 bytes=21 path=/dev/cu.usbmodem1234561
00000000  b1 00 15 20 b5 56 91 2c b0 b4 d0 67 68 aa fd e2  |... .V.,...gh...|
00000010  c0 e4 b3 58 21                                   |...X!|

[1785500224.441083] TX fd=12 bytes=23 path=/dev/cu.usbmodem1234561
00000000  a1 00 17 60 fa 3a 47 6d c0 92 fd ac 71 a5 bc 7c  |...`.:Gm....q..||
00000010  1c 90 e4 66 88 df 5a                             |...f..Z|

[1785500224.441876] RX fd=12 bytes=21 path=/dev/cu.usbmodem1234561
00000000  b1 00 15 e2 92 02 91 5a 73 1a 0c 15 d8 3b 89 04  |.......Zs....;..|
00000010  5d aa d2 a8 39                                   |]...9|

[1785500224.541944] TX fd=12 bytes=23 path=/dev/cu.usbmodem1234561
00000000  a1 00 17 60 fa 3a 47 6d c0 92 fd ac 71 a5 bc 7c  |...`.:Gm....q..||
00000010  1c 90 e4 66 88 df 5a                             |...f..Z|

[1785500224.542799] RX fd=12 bytes=21 path=/dev/cu.usbmodem1234561
00000000  b1 00 15 a6 0a f0 6b a6 5e 09 1b 1c 8b af 56 48  |......k.^.....VH|
00000010  83 88 98 44 bd                                   |...D.|

[1785500224.641196] TX fd=12 bytes=23 path=/dev/cu.usbmodem1234561
00000000  a1 00 17 60 fa 3a 47 6d c0 92 fd ac 71 a5 bc 7c  |...`.:Gm....q..||
00000010  1c 90 e4 66 88 df 5a                             |...f..Z|

[1785500224.641987] RX fd=12 bytes=21 path=/dev/cu.usbmodem1234561
00000000  b1 00 15 05 b5 c2 d5 24 17 df 35 c6 f2 84 7d 6b  |.......$..5...}k|
00000010  94 ad a2 b4 17                                   |.....|

[1785500224.740783] TX fd=12 bytes=23 path=/dev/cu.usbmodem1234561
00000000  a1 00 17 60 fa 3a 47 6d c0 92 fd ac 71 a5 bc 7c  |...`.:Gm....q..||
00000010  1c 90 e4 66 88 df 5a                             |...f..Z|

[1785500224.741387] RX fd=12 bytes=21 path=/dev/cu.usbmodem1234561
00000000  b1 00 15 e3 53 f2 a5 7b 04 f6 19 e6 05 dc 29 f6  |....S..{......).|
00000010  cf 4f 32 6b 73                                   |.O2ks|

[1785500224.841452] TX fd=12 bytes=23 path=/dev/cu.usbmodem1234561
00000000  a1 00 17 60 fa 3a 47 6d c0 92 fd ac 71 a5 bc 7c  |...`.:Gm....q..||
00000010  1c 90 e4 66 88 df 5a                             |...f..Z|

[1785500224.842183] RX fd=12 bytes=21 path=/dev/cu.usbmodem1234561
00000000  b1 00 15 e3 53 f2 a5 7b 04 f6 19 e6 05 dc 29 f6  |....S..{......).|
00000010  cf 4f 32 6b 73                                   |.O2ks|

[1785500224.941439] TX fd=12 bytes=23 path=/dev/cu.usbmodem1234561
00000000  a1 00 17 60 fa 3a 47 6d c0 92 fd ac 71 a5 bc 7c  |...`.:Gm....q..||
00000010  1c 90 e4 66 88 df 5a                             |...f..Z|

[1785500224.942265] RX fd=12 bytes=21 path=/dev/cu.usbmodem1234561
00000000  b1 00 15 6e 24 3a 31 bf 0c e2 9f b3 f7 eb c5 7e  |...n$:1........~|
00000010  e3 dd d3 4d d1                                   |...M.|

[1785500225.041076] TX fd=12 bytes=23 path=/dev/cu.usbmodem1234561
00000000  a1 00 17 60 fa 3a 47 6d c0 92 fd ac 71 a5 bc 7c  |...`.:Gm....q..||
00000010  1c 90 e4 66 88 df 5a                             |...f..Z|

[1785500225.041906] RX fd=12 bytes=21 path=/dev/cu.usbmodem1234561
00000000  b1 00 15 a1 d8 51 ee 2a ed 61 1e e6 45 96 73 7a  |.....Q.*.a..E.sz|
00000010  25 70 49 8a e6                                   |%pI..|

[1785500225.141294] TX fd=12 bytes=23 path=/dev/cu.usbmodem1234561
00000000  a1 00 17 60 fa 3a 47 6d c0 92 fd ac 71 a5 bc 7c  |...`.:Gm....q..||
00000010  1c 90 e4 66 88 df 5a                             |...f..Z|

[1785500225.142102] RX fd=12 bytes=21 path=/dev/cu.usbmodem1234561
00000000  b1 00 15 b2 ce 4e 59 8c ae dc 82 c3 ad 0f 93 23  |.....NY........#|
00000010  de ce 5a 24 1b                                   |..Z$.|

[1785500225.241370] TX fd=12 bytes=23 path=/dev/cu.usbmodem1234561
00000000  a1 00 17 60 fa 3a 47 6d c0 92 fd ac 71 a5 bc 7c  |...`.:Gm....q..||
00000010  1c 90 e4 66 88 df 5a                             |...f..Z|

[1785500225.242112] RX fd=12 bytes=21 path=/dev/cu.usbmodem1234561
00000000  b1 00 15 93 bd 8b 05 26 b7 2c 04 4e 06 26 32 2e  |.......&.,.N.&2.|
00000010  d1 23 d3 eb db                                   |.#...|

[1785500225.341125] TX fd=12 bytes=23 path=/dev/cu.usbmodem1234561
00000000  a1 00 17 60 fa 3a 47 6d c0 92 fd ac 71 a5 bc 7c  |...`.:Gm....q..||
00000010  1c 90 e4 66 88 df 5a                             |...f..Z|

[1785500225.341675] RX fd=12 bytes=21 path=/dev/cu.usbmodem1234561
00000000  b1 00 15 93 bd 8b 05 26 b7 2c 04 4e 06 26 32 2e  |.......&.,.N.&2.|
00000010  d1 23 d3 eb db                                   |.#...|

[1785500225.441870] TX fd=12 bytes=23 path=/dev/cu.usbmodem1234561
00000000  a1 00 17 60 fa 3a 47 6d c0 92 fd ac 71 a5 bc 7c  |...`.:Gm....q..||
00000010  1c 90 e4 66 88 df 5a                             |...f..Z|

[1785500225.442709] RX fd=12 bytes=21 path=/dev/cu.usbmodem1234561
00000000  b1 00 15 7d 5b b8 37 e3 24 f1 2e 3a 43 aa db 3b  |...}[.7.$..:C..;|
00000010  81 e5 2c b9 30                                   |..,.0|

[1785500225.541920] TX fd=12 bytes=23 path=/dev/cu.usbmodem1234561
00000000  a1 00 17 60 fa 3a 47 6d c0 92 fd ac 71 a5 bc 7c  |...`.:Gm....q..||
00000010  1c 90 e4 66 88 df 5a                             |...f..Z|

[1785500225.542602] RX fd=12 bytes=21 path=/dev/cu.usbmodem1234561
00000000  b1 00 15 30 7c f5 e5 01 10 76 24 70 e6 ea eb 42  |...0|....v$p...B|
00000010  79 f9 9b ad 2e                                   |y....|

[1785500225.641071] TX fd=12 bytes=23 path=/dev/cu.usbmodem1234561
00000000  a1 00 17 60 fa 3a 47 6d c0 92 fd ac 71 a5 bc 7c  |...`.:Gm....q..||
00000010  1c 90 e4 66 88 df 5a                             |...f..Z|

[1785500225.641534] RX fd=12 bytes=21 path=/dev/cu.usbmodem1234561
00000000  b1 00 15 30 7c f5 e5 01 10 76 24 70 e6 ea eb 42  |...0|....v$p...B|
00000010  79 f9 9b ad 2e                                   |y....|

[1785500225.740897] TX fd=12 bytes=23 path=/dev/cu.usbmodem1234561
00000000  a1 00 17 60 fa 3a 47 6d c0 92 fd ac 71 a5 bc 7c  |...`.:Gm....q..||
00000010  1c 90 e4 66 88 df 5a                             |...f..Z|

[1785500225.741614] RX fd=12 bytes=21 path=/dev/cu.usbmodem1234561
00000000  b1 00 15 90 70 67 f0 28 e6 91 21 9c 82 24 80 1c  |....pg.(..!..$..|
00000010  46 03 e9 5b e1                                   |F..[.|

[1785500225.841390] TX fd=12 bytes=23 path=/dev/cu.usbmodem1234561
00000000  a1 00 17 23 6e 82 73 5f ae 14 14 a2 05 1d 9e ac  |...#n.s_........|
00000010  82 16 7d 66 88 ab 13                             |..}f...|

[1785500225.842081] RX fd=12 bytes=21 path=/dev/cu.usbmodem1234561
00000000  b1 00 15 bf 13 53 5a 1c 3b 36 f4 5c bf ce dd b2  |.....SZ.;6.\....|
00000010  04 d1 ef c4 a4                                   |.....|

[1785500225.860654] TX fd=12 bytes=23 path=/dev/cu.usbmodem1234561
00000000  a1 00 17 60 fa 3a 47 6d c0 92 fd ac 71 a5 bc 7c  |...`.:Gm....q..||
00000010  1c 90 e4 66 88 df 5a                             |...f..Z|

[1785500225.861229] RX fd=12 bytes=21 path=/dev/cu.usbmodem1234561
00000000  b1 00 15 90 60 12 65 18 77 0c f9 b1 f2 b7 1b fa  |....`.e.w.......|
00000010  b3 58 1c 9a 5d                                   |.X..]|

[1785500225.941347] TX fd=12 bytes=23 path=/dev/cu.usbmodem1234561
00000000  a1 00 17 60 fa 3a 47 6d c0 92 fd ac 71 a5 bc 7c  |...`.:Gm....q..||
00000010  1c 90 e4 66 88 df 5a                             |...f..Z|

[1785500225.941990] RX fd=12 bytes=21 path=/dev/cu.usbmodem1234561
00000000  b1 00 15 f6 04 44 4f 33 a0 71 46 e3 90 bc c8 69  |.....DO3.qF....i|
00000010  d2 40 c0 4f 02                                   |.@.O.|

[1785500226.040966] TX fd=12 bytes=23 path=/dev/cu.usbmodem1234561
00000000  a1 00 17 60 fa 3a 47 6d c0 92 fd ac 71 a5 bc 7c  |...`.:Gm....q..||
00000010  1c 90 e4 66 88 df 5a                             |...f..Z|

[1785500226.041625] RX fd=12 bytes=21 path=/dev/cu.usbmodem1234561
00000000  b1 00 15 46 e3 4b e1 9b 55 d5 80 89 83 3e 9e ed  |...F.K..U....>..|
00000010  05 cd 67 bb ff                                   |..g..|

[1785500226.141491] TX fd=12 bytes=23 path=/dev/cu.usbmodem1234561
00000000  a1 00 17 60 fa 3a 47 6d c0 92 fd ac 71 a5 bc 7c  |...`.:Gm....q..||
00000010  1c 90 e4 66 88 df 5a                             |...f..Z|

[1785500226.141943] RX fd=12 bytes=21 path=/dev/cu.usbmodem1234561
00000000  b1 00 15 46 e3 4b e1 9b 55 d5 80 89 83 3e 9e ed  |...F.K..U....>..|
00000010  05 cd 67 bb ff                                   |..g..|

[1785500226.241289] TX fd=12 bytes=23 path=/dev/cu.usbmodem1234561
00000000  a1 00 17 60 fa 3a 47 6d c0 92 fd ac 71 a5 bc 7c  |...`.:Gm....q..||
00000010  1c 90 e4 66 88 df 5a                             |...f..Z|

[1785500226.241889] RX fd=12 bytes=21 path=/dev/cu.usbmodem1234561
00000000  b1 00 15 7e bf 1c 66 6b 20 77 1d ff ac 08 cd b1  |...~..fk w......|
00000010  77 4c 72 33 be                                   |wLr3.|

[1785500226.341691] TX fd=12 bytes=23 path=/dev/cu.usbmodem1234561
00000000  a1 00 17 60 fa 3a 47 6d c0 92 fd ac 71 a5 bc 7c  |...`.:Gm....q..||
00000010  1c 90 e4 66 88 df 5a                             |...f..Z|

[1785500226.342317] RX fd=12 bytes=21 path=/dev/cu.usbmodem1234561
00000000  b1 00 15 32 65 54 27 42 4d 50 e8 2b 1e ac d4 e8  |...2eT'BMP.+....|
00000010  58 5f b5 6d 2b                                   |X_.m+|

[1785500226.441262] TX fd=12 bytes=23 path=/dev/cu.usbmodem1234561
00000000  a1 00 17 60 fa 3a 47 6d c0 92 fd ac 71 a5 bc 7c  |...`.:Gm....q..||
00000010  1c 90 e4 66 88 df 5a                             |...f..Z|

[1785500226.441907] RX fd=12 bytes=21 path=/dev/cu.usbmodem1234561
00000000  b1 00 15 7e 5b 80 c8 28 b4 c1 80 41 71 73 3e a5  |...~[..(...Aqs>.|
00000010  31 5b 7a b1 f8                                   |1[z..|

[1785500226.540642] TX fd=12 bytes=23 path=/dev/cu.usbmodem1234561
00000000  a1 00 17 60 fa 3a 47 6d c0 92 fd ac 71 a5 bc 7c  |...`.:Gm....q..||
00000010  1c 90 e4 66 88 df 5a                             |...f..Z|

[1785500226.541254] RX fd=12 bytes=21 path=/dev/cu.usbmodem1234561
00000000  b1 00 15 b4 d8 0e 76 21 57 55 41 84 43 95 43 54  |......v!WUA.C.CT|
00000010  c0 18 89 45 64                                   |...Ed|

[1785500226.641030] TX fd=12 bytes=23 path=/dev/cu.usbmodem1234561
00000000  a1 00 17 60 fa 3a 47 6d c0 92 fd ac 71 a5 bc 7c  |...`.:Gm....q..||
00000010  1c 90 e4 66 88 df 5a                             |...f..Z|

[1785500226.641623] RX fd=12 bytes=21 path=/dev/cu.usbmodem1234561
00000000  b1 00 15 6b 0c 06 ac a1 65 f1 3e 9e 36 d8 8e f0  |...k....e.>.6...|
00000010  77 57 cd 3c 2e                                   |wW.<.|

[1785500226.740740] TX fd=12 bytes=23 path=/dev/cu.usbmodem1234561
00000000  a1 00 17 60 fa 3a 47 6d c0 92 fd ac 71 a5 bc 7c  |...`.:Gm....q..||
00000010  1c 90 e4 66 88 df 5a                             |...f..Z|

[1785500226.741305] RX fd=12 bytes=21 path=/dev/cu.usbmodem1234561
00000000  b1 00 15 7a 94 d1 e9 39 d2 97 d3 9f 85 12 69 08  |...z...9......i.|
00000010  e1 cb 32 38 58                                   |..28X|

[1785500226.841608] TX fd=12 bytes=23 path=/dev/cu.usbmodem1234561
00000000  a1 00 17 60 fa 3a 47 6d c0 92 fd ac 71 a5 bc 7c  |...`.:Gm....q..||
00000010  1c 90 e4 66 88 df 5a                             |...f..Z|

[1785500226.842255] RX fd=12 bytes=21 path=/dev/cu.usbmodem1234561
00000000  b1 00 15 c9 e7 9a 61 ca 7b ac 5f 09 29 70 ec 88  |......a.{._.)p..|
00000010  54 4b 54 a7 eb                                   |TKT..|

[1785500226.941441] TX fd=12 bytes=23 path=/dev/cu.usbmodem1234561
00000000  a1 00 17 60 fa 3a 47 6d c0 92 fd ac 71 a5 bc 7c  |...`.:Gm....q..||
00000010  1c 90 e4 66 88 df 5a                             |...f..Z|

[1785500226.942127] RX fd=12 bytes=21 path=/dev/cu.usbmodem1234561
00000000  b1 00 15 50 67 fb a4 17 fb 78 c4 4a df 00 6a 41  |...Pg....x.J..jA|
00000010  21 aa a4 3d 82                                   |!..=.|

[1785500227.041143] TX fd=12 bytes=23 path=/dev/cu.usbmodem1234561
00000000  a1 00 17 60 fa 3a 47 6d c0 92 fd ac 71 a5 bc 7c  |...`.:Gm....q..||
00000010  1c 90 e4 66 88 df 5a                             |...f..Z|

[1785500227.041723] RX fd=12 bytes=21 path=/dev/cu.usbmodem1234561
00000000  b1 00 15 76 25 98 86 ea 49 a6 fb 44 51 29 57 9a  |...v%...I..DQ)W.|
00000010  d0 bd 5f 0b 2c                                   |.._.,|

[1785500227.140546] TX fd=12 bytes=23 path=/dev/cu.usbmodem1234561
00000000  a1 00 17 60 fa 3a 47 6d c0 92 fd ac 71 a5 bc 7c  |...`.:Gm....q..||
00000010  1c 90 e4 66 88 df 5a                             |...f..Z|

[1785500227.141195] RX fd=12 bytes=21 path=/dev/cu.usbmodem1234561
00000000  b1 00 15 66 91 e3 d2 56 fa e3 32 3e 4f d6 2e 51  |...f...V..2>O..Q|
00000010  c6 8b da e5 d9                                   |.....|

[1785500227.241846] TX fd=12 bytes=23 path=/dev/cu.usbmodem1234561
00000000  a1 00 17 60 fa 3a 47 6d c0 92 fd ac 71 a5 bc 7c  |...`.:Gm....q..||
00000010  1c 90 e4 66 88 df 5a                             |...f..Z|

[1785500227.242296] RX fd=12 bytes=21 path=/dev/cu.usbmodem1234561
00000000  b1 00 15 66 91 e3 d2 56 fa e3 32 3e 4f d6 2e 51  |...f...V..2>O..Q|
00000010  c6 8b da e5 d9                                   |.....|

[1785500227.341393] TX fd=12 bytes=23 path=/dev/cu.usbmodem1234561
00000000  a1 00 17 60 fa 3a 47 6d c0 92 fd ac 71 a5 bc 7c  |...`.:Gm....q..||
00000010  1c 90 e4 66 88 df 5a                             |...f..Z|

[1785500227.342019] RX fd=12 bytes=21 path=/dev/cu.usbmodem1234561
00000000  b1 00 15 24 bc 3e e4 c4 5a cc 4d 03 a2 b4 3c 64  |...$.>..Z.M...<d|
00000010  8b 14 c0 23 7f                                   |...#.|

[1785500227.441832] TX fd=12 bytes=23 path=/dev/cu.usbmodem1234561
00000000  a1 00 17 60 fa 3a 47 6d c0 92 fd ac 71 a5 bc 7c  |...`.:Gm....q..||
00000010  1c 90 e4 66 88 df 5a                             |...f..Z|

[1785500227.442501] RX fd=12 bytes=21 path=/dev/cu.usbmodem1234561
00000000  b1 00 15 8b 3a db 72 75 63 28 d0 59 83 7a cd c8  |....:.ruc(.Y.z..|
00000010  ee 53 12 95 a1                                   |.S...|

[1785500227.541882] TX fd=12 bytes=23 path=/dev/cu.usbmodem1234561
00000000  a1 00 17 60 fa 3a 47 6d c0 92 fd ac 71 a5 bc 7c  |...`.:Gm....q..||
00000010  1c 90 e4 66 88 df 5a                             |...f..Z|

[1785500227.542307] RX fd=12 bytes=21 path=/dev/cu.usbmodem1234561
00000000  b1 00 15 8b 3a db 72 75 63 28 d0 59 83 7a cd c8  |....:.ruc(.Y.z..|
00000010  ee 53 12 95 a1                                   |.S...|

[1785500227.641551] TX fd=12 bytes=23 path=/dev/cu.usbmodem1234561
00000000  a1 00 17 60 fa 3a 47 6d c0 92 fd ac 71 a5 bc 7c  |...`.:Gm....q..||
00000010  1c 90 e4 66 88 df 5a                             |...f..Z|

[1785500227.642159] RX fd=12 bytes=21 path=/dev/cu.usbmodem1234561
00000000  b1 00 15 54 02 51 1f 60 fe c3 ae c1 c1 3f fc 36  |...T.Q.`.....?.6|
00000010  cf 33 79 3d 6d                                   |.3y=m|

[1785500227.741444] TX fd=12 bytes=23 path=/dev/cu.usbmodem1234561
00000000  a1 00 17 60 fa 3a 47 6d c0 92 fd ac 71 a5 bc 7c  |...`.:Gm....q..||
00000010  1c 90 e4 66 88 df 5a                             |...f..Z|

[1785500227.742105] RX fd=12 bytes=21 path=/dev/cu.usbmodem1234561
00000000  b1 00 15 95 05 4e de f8 0d 04 26 7a d8 d6 82 d2  |.....N....&z....|
00000010  79 d6 11 2e 10                                   |y....|

[1785500227.840860] TX fd=12 bytes=23 path=/dev/cu.usbmodem1234561
00000000  a1 00 17 60 fa 3a 47 6d c0 92 fd ac 71 a5 bc 7c  |...`.:Gm....q..||
00000010  1c 90 e4 66 88 df 5a                             |...f..Z|

[1785500227.841483] RX fd=12 bytes=21 path=/dev/cu.usbmodem1234561
00000000  b1 00 15 23 1f 60 b1 41 4c d4 08 95 76 8c 4d 38  |...#.`.AL...v.M8|
00000010  76 c4 78 6b 9d                                   |v.xk.|

[1785500227.941407] TX fd=12 bytes=23 path=/dev/cu.usbmodem1234561
00000000  a1 00 17 60 fa 3a 47 6d c0 92 fd ac 71 a5 bc 7c  |...`.:Gm....q..||
00000010  1c 90 e4 66 88 df 5a                             |...f..Z|

[1785500227.942049] RX fd=12 bytes=21 path=/dev/cu.usbmodem1234561
00000000  b1 00 15 d7 1b 9c 15 67 ce 89 9c 08 fc e7 db ad  |.......g........|
00000010  e7 8b e0 fc b8                                   |.....|

[1785500228.041477] TX fd=12 bytes=23 path=/dev/cu.usbmodem1234561
00000000  a1 00 17 60 fa 3a 47 6d c0 92 fd ac 71 a5 bc 7c  |...`.:Gm....q..||
00000010  1c 90 e4 66 88 df 5a                             |...f..Z|

[1785500228.042076] RX fd=12 bytes=21 path=/dev/cu.usbmodem1234561
00000000  b1 00 15 85 91 b0 7e 4e ee 49 cc 8c e5 2d f5 00  |......~N.I...-..|
00000010  ed 52 1f e7 3e                                   |.R..>|

[1785500228.140617] TX fd=12 bytes=23 path=/dev/cu.usbmodem1234561
00000000  a1 00 17 60 fa 3a 47 6d c0 92 fd ac 71 a5 bc 7c  |...`.:Gm....q..||
00000010  1c 90 e4 66 88 df 5a                             |...f..Z|

[1785500228.141208] RX fd=12 bytes=21 path=/dev/cu.usbmodem1234561
00000000  b1 00 15 44 b5 3c 1b 3f d2 b4 05 e7 7b 20 cd 53  |...D.<.?....{ .S|
00000010  66 0f 89 aa 1c                                   |f....|

[1785500228.240408] TX fd=12 bytes=23 path=/dev/cu.usbmodem1234561
00000000  a1 00 17 60 fa 3a 47 6d c0 92 fd ac 71 a5 bc 7c  |...`.:Gm....q..||
00000010  1c 90 e4 66 88 df 5a                             |...f..Z|

[1785500228.241037] RX fd=12 bytes=21 path=/dev/cu.usbmodem1234561
00000000  b1 00 15 6a b1 f5 37 f3 46 8a 0d bf f7 96 91 4a  |...j..7.F......J|
00000010  68 d6 71 ce 0c                                   |h.q..|

[1785500228.341529] TX fd=12 bytes=23 path=/dev/cu.usbmodem1234561
00000000  a1 00 17 60 fa 3a 47 6d c0 92 fd ac 71 a5 bc 7c  |...`.:Gm....q..||
00000010  1c 90 e4 66 88 df 5a                             |...f..Z|

[1785500228.342176] RX fd=12 bytes=21 path=/dev/cu.usbmodem1234561
00000000  b1 00 15 a7 a1 56 ae 36 2e 5b 0b db 84 1d 83 2c  |.....V.6.[.....,|
00000010  d7 7a 05 d6 6f                                   |.z..o|

[1785500228.441419] TX fd=12 bytes=23 path=/dev/cu.usbmodem1234561
00000000  a1 00 17 60 fa 3a 47 6d c0 92 fd ac 71 a5 bc 7c  |...`.:Gm....q..||
00000010  1c 90 e4 66 88 df 5a                             |...f..Z|

[1785500228.442044] RX fd=12 bytes=21 path=/dev/cu.usbmodem1234561
00000000  b1 00 15 47 16 6e 43 90 13 d2 f6 01 50 90 09 33  |...G.nC.....P..3|
00000010  0c c0 f9 1e 2b                                   |....+|

[1785500228.541481] TX fd=12 bytes=23 path=/dev/cu.usbmodem1234561
00000000  a1 00 17 60 fa 3a 47 6d c0 92 fd ac 71 a5 bc 7c  |...`.:Gm....q..||
00000010  1c 90 e4 66 88 df 5a                             |...f..Z|

[1785500228.542127] RX fd=12 bytes=21 path=/dev/cu.usbmodem1234561
00000000  b1 00 15 bd aa a7 72 84 5c 64 b2 7a 3a 42 96 45  |......r.\d.z:B.E|
00000010  62 89 8c 3d 5b                                   |b..=[|

[1785500228.641983] TX fd=12 bytes=23 path=/dev/cu.usbmodem1234561
00000000  a1 00 17 60 fa 3a 47 6d c0 92 fd ac 71 a5 bc 7c  |...`.:Gm....q..||
00000010  1c 90 e4 66 88 df 5a                             |...f..Z|

[1785500228.642416] RX fd=12 bytes=21 path=/dev/cu.usbmodem1234561
00000000  b1 00 15 bd aa a7 72 84 5c 64 b2 7a 3a 42 96 45  |......r.\d.z:B.E|
00000010  62 89 8c 3d 5b                                   |b..=[|

[1785500228.741835] TX fd=12 bytes=23 path=/dev/cu.usbmodem1234561
00000000  a1 00 17 60 fa 3a 47 6d c0 92 fd ac 71 a5 bc 7c  |...`.:Gm....q..||
00000010  1c 90 e4 66 88 df 5a                             |...f..Z|

[1785500228.742480] RX fd=12 bytes=21 path=/dev/cu.usbmodem1234561
00000000  b1 00 15 89 65 e6 2a 73 12 3c 54 aa d2 4e b6 a7  |....e.*s.<T..N..|
00000010  b6 ff d0 39 3f                                   |...9?|

[1785500228.841424] TX fd=12 bytes=23 path=/dev/cu.usbmodem1234561
00000000  a1 00 17 23 6e 82 73 5f ae 14 14 a2 05 1d 9e ac  |...#n.s_........|
00000010  82 16 7d 66 88 ab 13                             |..}f...|

[1785500228.842159] RX fd=12 bytes=21 path=/dev/cu.usbmodem1234561
00000000  b1 00 15 bf 13 53 5a 1c 3b 36 f4 5c bf ce dd b2  |.....SZ.;6.\....|
00000010  04 d1 ef c4 a4                                   |.....|

[1785500228.861233] TX fd=12 bytes=23 path=/dev/cu.usbmodem1234561
00000000  a1 00 17 60 fa 3a 47 6d c0 92 fd ac 71 a5 bc 7c  |...`.:Gm....q..||
00000010  1c 90 e4 66 88 df 5a                             |...f..Z|

[1785500228.861768] RX fd=12 bytes=21 path=/dev/cu.usbmodem1234561
00000000  b1 00 15 1f 39 72 ee 03 f9 60 b6 a7 46 c2 7e 5c  |....9r...`..F.~\|
00000010  05 c1 40 53 11                                   |..@S.|

[1785500228.941822] TX fd=12 bytes=23 path=/dev/cu.usbmodem1234561
00000000  a1 00 17 60 fa 3a 47 6d c0 92 fd ac 71 a5 bc 7c  |...`.:Gm....q..||
00000010  1c 90 e4 66 88 df 5a                             |...f..Z|

[1785500228.942330] RX fd=12 bytes=21 path=/dev/cu.usbmodem1234561
00000000  b1 00 15 1f 39 72 ee 03 f9 60 b6 a7 46 c2 7e 5c  |....9r...`..F.~\|
00000010  05 c1 40 53 11                                   |..@S.|

[1785500229.041507] TX fd=12 bytes=23 path=/dev/cu.usbmodem1234561
00000000  a1 00 17 60 fa 3a 47 6d c0 92 fd ac 71 a5 bc 7c  |...`.:Gm....q..||
00000010  1c 90 e4 66 88 df 5a                             |...f..Z|

[1785500229.042145] RX fd=12 bytes=21 path=/dev/cu.usbmodem1234561
00000000  b1 00 15 c9 46 43 27 d7 c3 87 ae 63 3b a9 b2 3c  |....FC'....c;..<|
00000010  36 ad 32 f1 a0                                   |6.2..|

[1785500229.141342] TX fd=12 bytes=23 path=/dev/cu.usbmodem1234561
00000000  a1 00 17 60 fa 3a 47 6d c0 92 fd ac 71 a5 bc 7c  |...`.:Gm....q..||
00000010  1c 90 e4 66 88 df 5a                             |...f..Z|

[1785500229.141826] RX fd=12 bytes=21 path=/dev/cu.usbmodem1234561
00000000  b1 00 15 c9 46 43 27 d7 c3 87 ae 63 3b a9 b2 3c  |....FC'....c;..<|
00000010  36 ad 32 f1 a0                                   |6.2..|

[1785500229.241753] TX fd=12 bytes=23 path=/dev/cu.usbmodem1234561
00000000  a1 00 17 60 fa 3a 47 6d c0 92 fd ac 71 a5 bc 7c  |...`.:Gm....q..||
00000010  1c 90 e4 66 88 df 5a                             |...f..Z|

[1785500229.242239] RX fd=12 bytes=21 path=/dev/cu.usbmodem1234561
00000000  b1 00 15 c9 46 43 27 d7 c3 87 ae 63 3b a9 b2 3c  |....FC'....c;..<|
00000010  36 ad 32 f1 a0                                   |6.2..|

[1785500229.341664] TX fd=12 bytes=23 path=/dev/cu.usbmodem1234561
00000000  a1 00 17 60 fa 3a 47 6d c0 92 fd ac 71 a5 bc 7c  |...`.:Gm....q..||
00000010  1c 90 e4 66 88 df 5a                             |...f..Z|

[1785500229.342121] RX fd=12 bytes=21 path=/dev/cu.usbmodem1234561
00000000  b1 00 15 c9 46 43 27 d7 c3 87 ae 63 3b a9 b2 3c  |....FC'....c;..<|
00000010  36 ad 32 f1 a0                                   |6.2..|

[1785500229.441910] TX fd=12 bytes=23 path=/dev/cu.usbmodem1234561
00000000  a1 00 17 60 fa 3a 47 6d c0 92 fd ac 71 a5 bc 7c  |...`.:Gm....q..||
00000010  1c 90 e4 66 88 df 5a                             |...f..Z|

[1785500229.442363] RX fd=12 bytes=21 path=/dev/cu.usbmodem1234561
00000000  b1 00 15 c9 46 43 27 d7 c3 87 ae 63 3b a9 b2 3c  |....FC'....c;..<|
00000010  36 ad 32 f1 a0                                   |6.2..|

[1785500229.541836] TX fd=12 bytes=23 path=/dev/cu.usbmodem1234561
00000000  a1 00 17 60 fa 3a 47 6d c0 92 fd ac 71 a5 bc 7c  |...`.:Gm....q..||
00000010  1c 90 e4 66 88 df 5a                             |...f..Z|

[1785500229.542290] RX fd=12 bytes=21 path=/dev/cu.usbmodem1234561
00000000  b1 00 15 c9 46 43 27 d7 c3 87 ae 63 3b a9 b2 3c  |....FC'....c;..<|
00000010  36 ad 32 f1 a0                                   |6.2..|

[1785500229.640913] TX fd=12 bytes=23 path=/dev/cu.usbmodem1234561
00000000  a1 00 17 60 fa 3a 47 6d c0 92 fd ac 71 a5 bc 7c  |...`.:Gm....q..||
00000010  1c 90 e4 66 88 df 5a                             |...f..Z|

[1785500229.641349] RX fd=12 bytes=21 path=/dev/cu.usbmodem1234561
00000000  b1 00 15 c9 46 43 27 d7 c3 87 ae 63 3b a9 b2 3c  |....FC'....c;..<|
00000010  36 ad 32 f1 a0                                   |6.2..|

[1785500229.741627] TX fd=12 bytes=23 path=/dev/cu.usbmodem1234561
00000000  a1 00 17 60 fa 3a 47 6d c0 92 fd ac 71 a5 bc 7c  |...`.:Gm....q..||
00000010  1c 90 e4 66 88 df 5a                             |...f..Z|

[1785500229.742103] RX fd=12 bytes=21 path=/dev/cu.usbmodem1234561
00000000  b1 00 15 c9 46 43 27 d7 c3 87 ae 63 3b a9 b2 3c  |....FC'....c;..<|
00000010  36 ad 32 f1 a0                                   |6.2..|

[1785500229.841536] TX fd=12 bytes=23 path=/dev/cu.usbmodem1234561
00000000  a1 00 17 60 fa 3a 47 6d c0 92 fd ac 71 a5 bc 7c  |...`.:Gm....q..||
00000010  1c 90 e4 66 88 df 5a                             |...f..Z|

[1785500229.842006] RX fd=12 bytes=21 path=/dev/cu.usbmodem1234561
00000000  b1 00 15 c9 46 43 27 d7 c3 87 ae 63 3b a9 b2 3c  |....FC'....c;..<|
00000010  36 ad 32 f1 a0                                   |6.2..|

[1785500229.941461] TX fd=12 bytes=23 path=/dev/cu.usbmodem1234561
00000000  a1 00 17 60 fa 3a 47 6d c0 92 fd ac 71 a5 bc 7c  |...`.:Gm....q..||
00000010  1c 90 e4 66 88 df 5a                             |...f..Z|

[1785500229.941939] RX fd=12 bytes=21 path=/dev/cu.usbmodem1234561
00000000  b1 00 15 c9 46 43 27 d7 c3 87 ae 63 3b a9 b2 3c  |....FC'....c;..<|
00000010  36 ad 32 f1 a0                                   |6.2..|

[1785500230.041294] TX fd=12 bytes=23 path=/dev/cu.usbmodem1234561
00000000  a1 00 17 60 fa 3a 47 6d c0 92 fd ac 71 a5 bc 7c  |...`.:Gm....q..||
00000010  1c 90 e4 66 88 df 5a                             |...f..Z|

[1785500230.041726] RX fd=12 bytes=21 path=/dev/cu.usbmodem1234561
00000000  b1 00 15 c9 46 43 27 d7 c3 87 ae 63 3b a9 b2 3c  |....FC'....c;..<|
00000010  36 ad 32 f1 a0                                   |6.2..|

[1785500230.141631] TX fd=12 bytes=23 path=/dev/cu.usbmodem1234561
00000000  a1 00 17 60 fa 3a 47 6d c0 92 fd ac 71 a5 bc 7c  |...`.:Gm....q..||
00000010  1c 90 e4 66 88 df 5a                             |...f..Z|

[1785500230.142113] RX fd=12 bytes=21 path=/dev/cu.usbmodem1234561
00000000  b1 00 15 c9 46 43 27 d7 c3 87 ae 63 3b a9 b2 3c  |....FC'....c;..<|
00000010  36 ad 32 f1 a0                                   |6.2..|

[1785500230.240872] TX fd=12 bytes=23 path=/dev/cu.usbmodem1234561
00000000  a1 00 17 60 fa 3a 47 6d c0 92 fd ac 71 a5 bc 7c  |...`.:Gm....q..||
00000010  1c 90 e4 66 88 df 5a                             |...f..Z|

[1785500230.241327] RX fd=12 bytes=21 path=/dev/cu.usbmodem1234561
00000000  b1 00 15 c9 46 43 27 d7 c3 87 ae 63 3b a9 b2 3c  |....FC'....c;..<|
00000010  36 ad 32 f1 a0                                   |6.2..|

[1785500230.341751] TX fd=12 bytes=23 path=/dev/cu.usbmodem1234561
00000000  a1 00 17 60 fa 3a 47 6d c0 92 fd ac 71 a5 bc 7c  |...`.:Gm....q..||
00000010  1c 90 e4 66 88 df 5a                             |...f..Z|

[1785500230.342197] RX fd=12 bytes=21 path=/dev/cu.usbmodem1234561
00000000  b1 00 15 c9 46 43 27 d7 c3 87 ae 63 3b a9 b2 3c  |....FC'....c;..<|
00000010  36 ad 32 f1 a0                                   |6.2..|

[1785500230.441629] TX fd=12 bytes=23 path=/dev/cu.usbmodem1234561
00000000  a1 00 17 60 fa 3a 47 6d c0 92 fd ac 71 a5 bc 7c  |...`.:Gm....q..||
00000010  1c 90 e4 66 88 df 5a                             |...f..Z|

[1785500230.442066] RX fd=12 bytes=21 path=/dev/cu.usbmodem1234561
00000000  b1 00 15 c9 46 43 27 d7 c3 87 ae 63 3b a9 b2 3c  |....FC'....c;..<|
00000010  36 ad 32 f1 a0                                   |6.2..|

[1785500230.541576] TX fd=12 bytes=23 path=/dev/cu.usbmodem1234561
00000000  a1 00 17 60 fa 3a 47 6d c0 92 fd ac 71 a5 bc 7c  |...`.:Gm....q..||
00000010  1c 90 e4 66 88 df 5a                             |...f..Z|

[1785500230.541992] RX fd=12 bytes=21 path=/dev/cu.usbmodem1234561
00000000  b1 00 15 c9 46 43 27 d7 c3 87 ae 63 3b a9 b2 3c  |....FC'....c;..<|
00000010  36 ad 32 f1 a0                                   |6.2..|

[1785500230.641058] TX fd=12 bytes=23 path=/dev/cu.usbmodem1234561
00000000  a1 00 17 60 fa 3a 47 6d c0 92 fd ac 71 a5 bc 7c  |...`.:Gm....q..||
00000010  1c 90 e4 66 88 df 5a                             |...f..Z|

[1785500230.641538] RX fd=12 bytes=21 path=/dev/cu.usbmodem1234561
00000000  b1 00 15 c9 46 43 27 d7 c3 87 ae 63 3b a9 b2 3c  |....FC'....c;..<|
00000010  36 ad 32 f1 a0                                   |6.2..|

[1785500230.741765] TX fd=12 bytes=23 path=/dev/cu.usbmodem1234561
00000000  a1 00 17 60 fa 3a 47 6d c0 92 fd ac 71 a5 bc 7c  |...`.:Gm....q..||
00000010  1c 90 e4 66 88 df 5a                             |...f..Z|

[1785500230.742234] RX fd=12 bytes=21 path=/dev/cu.usbmodem1234561
00000000  b1 00 15 c9 46 43 27 d7 c3 87 ae 63 3b a9 b2 3c  |....FC'....c;..<|
00000010  36 ad 32 f1 a0                                   |6.2..|

[1785500230.841289] TX fd=12 bytes=23 path=/dev/cu.usbmodem1234561
00000000  a1 00 17 60 fa 3a 47 6d c0 92 fd ac 71 a5 bc 7c  |...`.:Gm....q..||
00000010  1c 90 e4 66 88 df 5a                             |...f..Z|

[1785500230.841725] RX fd=12 bytes=21 path=/dev/cu.usbmodem1234561
00000000  b1 00 15 c9 46 43 27 d7 c3 87 ae 63 3b a9 b2 3c  |....FC'....c;..<|
00000010  36 ad 32 f1 a0                                   |6.2..|

[1785500230.941953] TX fd=12 bytes=23 path=/dev/cu.usbmodem1234561
00000000  a1 00 17 60 fa 3a 47 6d c0 92 fd ac 71 a5 bc 7c  |...`.:Gm....q..||
00000010  1c 90 e4 66 88 df 5a                             |...f..Z|

[1785500230.942392] RX fd=12 bytes=21 path=/dev/cu.usbmodem1234561
00000000  b1 00 15 c9 46 43 27 d7 c3 87 ae 63 3b a9 b2 3c  |....FC'....c;..<|
00000010  36 ad 32 f1 a0                                   |6.2..|

[1785500231.041812] TX fd=12 bytes=23 path=/dev/cu.usbmodem1234561
00000000  a1 00 17 60 fa 3a 47 6d c0 92 fd ac 71 a5 bc 7c  |...`.:Gm....q..||
00000010  1c 90 e4 66 88 df 5a                             |...f..Z|

[1785500231.042263] RX fd=12 bytes=21 path=/dev/cu.usbmodem1234561
00000000  b1 00 15 c9 46 43 27 d7 c3 87 ae 63 3b a9 b2 3c  |....FC'....c;..<|
00000010  36 ad 32 f1 a0                                   |6.2..|

[1785500231.141334] TX fd=12 bytes=23 path=/dev/cu.usbmodem1234561
00000000  a1 00 17 60 fa 3a 47 6d c0 92 fd ac 71 a5 bc 7c  |...`.:Gm....q..||
00000010  1c 90 e4 66 88 df 5a                             |...f..Z|

[1785500231.141801] RX fd=12 bytes=21 path=/dev/cu.usbmodem1234561
00000000  b1 00 15 c9 46 43 27 d7 c3 87 ae 63 3b a9 b2 3c  |....FC'....c;..<|
00000010  36 ad 32 f1 a0                                   |6.2..|

[1785500231.241546] TX fd=12 bytes=23 path=/dev/cu.usbmodem1234561
00000000  a1 00 17 60 fa 3a 47 6d c0 92 fd ac 71 a5 bc 7c  |...`.:Gm....q..||
00000010  1c 90 e4 66 88 df 5a                             |...f..Z|

[1785500231.242031] RX fd=12 bytes=21 path=/dev/cu.usbmodem1234561
00000000  b1 00 15 c9 46 43 27 d7 c3 87 ae 63 3b a9 b2 3c  |....FC'....c;..<|
00000010  36 ad 32 f1 a0                                   |6.2..|

[1785500231.341151] TX fd=12 bytes=23 path=/dev/cu.usbmodem1234561
00000000  a1 00 17 60 fa 3a 47 6d c0 92 fd ac 71 a5 bc 7c  |...`.:Gm....q..||
00000010  1c 90 e4 66 88 df 5a                             |...f..Z|

[1785500231.341571] RX fd=12 bytes=21 path=/dev/cu.usbmodem1234561
00000000  b1 00 15 c9 46 43 27 d7 c3 87 ae 63 3b a9 b2 3c  |....FC'....c;..<|
00000010  36 ad 32 f1 a0                                   |6.2..|

[1785500231.441611] TX fd=12 bytes=23 path=/dev/cu.usbmodem1234561
00000000  a1 00 17 60 fa 3a 47 6d c0 92 fd ac 71 a5 bc 7c  |...`.:Gm....q..||
00000010  1c 90 e4 66 88 df 5a                             |...f..Z|

[1785500231.442060] RX fd=12 bytes=21 path=/dev/cu.usbmodem1234561
00000000  b1 00 15 c9 46 43 27 d7 c3 87 ae 63 3b a9 b2 3c  |....FC'....c;..<|
00000010  36 ad 32 f1 a0                                   |6.2..|

[1785500231.541140] TX fd=12 bytes=23 path=/dev/cu.usbmodem1234561
00000000  a1 00 17 60 fa 3a 47 6d c0 92 fd ac 71 a5 bc 7c  |...`.:Gm....q..||
00000010  1c 90 e4 66 88 df 5a                             |...f..Z|

[1785500231.541603] RX fd=12 bytes=21 path=/dev/cu.usbmodem1234561
00000000  b1 00 15 c9 46 43 27 d7 c3 87 ae 63 3b a9 b2 3c  |....FC'....c;..<|
00000010  36 ad 32 f1 a0                                   |6.2..|

[1785500231.641758] TX fd=12 bytes=23 path=/dev/cu.usbmodem1234561
00000000  a1 00 17 60 fa 3a 47 6d c0 92 fd ac 71 a5 bc 7c  |...`.:Gm....q..||
00000010  1c 90 e4 66 88 df 5a                             |...f..Z|

[1785500231.642222] RX fd=12 bytes=21 path=/dev/cu.usbmodem1234561
00000000  b1 00 15 c9 46 43 27 d7 c3 87 ae 63 3b a9 b2 3c  |....FC'....c;..<|
00000010  36 ad 32 f1 a0                                   |6.2..|

[1785500231.741976] TX fd=12 bytes=23 path=/dev/cu.usbmodem1234561
00000000  a1 00 17 60 fa 3a 47 6d c0 92 fd ac 71 a5 bc 7c  |...`.:Gm....q..||
00000010  1c 90 e4 66 88 df 5a                             |...f..Z|

[1785500231.742438] RX fd=12 bytes=21 path=/dev/cu.usbmodem1234561
00000000  b1 00 15 c9 46 43 27 d7 c3 87 ae 63 3b a9 b2 3c  |....FC'....c;..<|
00000010  36 ad 32 f1 a0                                   |6.2..|

[1785500231.841739] TX fd=12 bytes=23 path=/dev/cu.usbmodem1234561
00000000  a1 00 17 23 6e 82 73 5f ae 14 14 a2 05 1d 9e ac  |...#n.s_........|
00000010  82 16 7d 66 88 ab 13                             |..}f...|

[1785500231.842201] RX fd=12 bytes=21 path=/dev/cu.usbmodem1234561
00000000  b1 00 15 bf 13 53 5a 1c 3b 36 f4 5c bf ce dd b2  |.....SZ.;6.\....|
00000010  04 d1 ef c4 a4                                   |.....|

[1785500231.861867] TX fd=12 bytes=23 path=/dev/cu.usbmodem1234561
00000000  a1 00 17 60 fa 3a 47 6d c0 92 fd ac 71 a5 bc 7c  |...`.:Gm....q..||
00000010  1c 90 e4 66 88 df 5a                             |...f..Z|

[1785500231.862313] RX fd=12 bytes=21 path=/dev/cu.usbmodem1234561
00000000  b1 00 15 c9 46 43 27 d7 c3 87 ae 63 3b a9 b2 3c  |....FC'....c;..<|
00000010  36 ad 32 f1 a0                                   |6.2..|

[1785500231.941141] TX fd=12 bytes=23 path=/dev/cu.usbmodem1234561
00000000  a1 00 17 60 fa 3a 47 6d c0 92 fd ac 71 a5 bc 7c  |...`.:Gm....q..||
00000010  1c 90 e4 66 88 df 5a                             |...f..Z|

[1785500231.941562] RX fd=12 bytes=21 path=/dev/cu.usbmodem1234561
00000000  b1 00 15 c9 46 43 27 d7 c3 87 ae 63 3b a9 b2 3c  |....FC'....c;..<|
00000010  36 ad 32 f1 a0                                   |6.2..|

[1785500232.041775] TX fd=12 bytes=23 path=/dev/cu.usbmodem1234561
00000000  a1 00 17 60 fa 3a 47 6d c0 92 fd ac 71 a5 bc 7c  |...`.:Gm....q..||
00000010  1c 90 e4 66 88 df 5a                             |...f..Z|

[1785500232.042243] RX fd=12 bytes=21 path=/dev/cu.usbmodem1234561
00000000  b1 00 15 c9 46 43 27 d7 c3 87 ae 63 3b a9 b2 3c  |....FC'....c;..<|
00000010  36 ad 32 f1 a0                                   |6.2..|

[1785500232.141200] TX fd=12 bytes=23 path=/dev/cu.usbmodem1234561
00000000  a1 00 17 60 fa 3a 47 6d c0 92 fd ac 71 a5 bc 7c  |...`.:Gm....q..||
00000010  1c 90 e4 66 88 df 5a                             |...f..Z|

[1785500232.141674] RX fd=12 bytes=21 path=/dev/cu.usbmodem1234561
00000000  b1 00 15 c9 46 43 27 d7 c3 87 ae 63 3b a9 b2 3c  |....FC'....c;..<|
00000010  36 ad 32 f1 a0                                   |6.2..|

[1785500232.241923] TX fd=12 bytes=23 path=/dev/cu.usbmodem1234561
00000000  a1 00 17 60 fa 3a 47 6d c0 92 fd ac 71 a5 bc 7c  |...`.:Gm....q..||
00000010  1c 90 e4 66 88 df 5a                             |...f..Z|

[1785500232.242385] RX fd=12 bytes=21 path=/dev/cu.usbmodem1234561
00000000  b1 00 15 c9 46 43 27 d7 c3 87 ae 63 3b a9 b2 3c  |....FC'....c;..<|
00000010  36 ad 32 f1 a0                                   |6.2..|

[1785500232.341748] TX fd=12 bytes=23 path=/dev/cu.usbmodem1234561
00000000  a1 00 17 60 fa 3a 47 6d c0 92 fd ac 71 a5 bc 7c  |...`.:Gm....q..||
00000010  1c 90 e4 66 88 df 5a                             |...f..Z|

[1785500232.342177] RX fd=12 bytes=21 path=/dev/cu.usbmodem1234561
00000000  b1 00 15 c9 46 43 27 d7 c3 87 ae 63 3b a9 b2 3c  |....FC'....c;..<|
00000010  36 ad 32 f1 a0                                   |6.2..|

[1785500232.441170] TX fd=12 bytes=23 path=/dev/cu.usbmodem1234561
00000000  a1 00 17 60 fa 3a 47 6d c0 92 fd ac 71 a5 bc 7c  |...`.:Gm....q..||
00000010  1c 90 e4 66 88 df 5a                             |...f..Z|

[1785500232.441594] RX fd=12 bytes=21 path=/dev/cu.usbmodem1234561
00000000  b1 00 15 c9 46 43 27 d7 c3 87 ae 63 3b a9 b2 3c  |....FC'....c;..<|
00000010  36 ad 32 f1 a0                                   |6.2..|

[1785500232.541686] TX fd=12 bytes=23 path=/dev/cu.usbmodem1234561
00000000  a1 00 17 60 fa 3a 47 6d c0 92 fd ac 71 a5 bc 7c  |...`.:Gm....q..||
00000010  1c 90 e4 66 88 df 5a                             |...f..Z|

[1785500232.542168] RX fd=12 bytes=21 path=/dev/cu.usbmodem1234561
00000000  b1 00 15 c9 46 43 27 d7 c3 87 ae 63 3b a9 b2 3c  |....FC'....c;..<|
00000010  36 ad 32 f1 a0                                   |6.2..|

[1785500232.641513] TX fd=12 bytes=23 path=/dev/cu.usbmodem1234561
00000000  a1 00 17 60 fa 3a 47 6d c0 92 fd ac 71 a5 bc 7c  |...`.:Gm....q..||
00000010  1c 90 e4 66 88 df 5a                             |...f..Z|

[1785500232.641994] RX fd=12 bytes=21 path=/dev/cu.usbmodem1234561
00000000  b1 00 15 c9 46 43 27 d7 c3 87 ae 63 3b a9 b2 3c  |....FC'....c;..<|
00000010  36 ad 32 f1 a0                                   |6.2..|

[1785500232.741407] TX fd=12 bytes=23 path=/dev/cu.usbmodem1234561
00000000  a1 00 17 60 fa 3a 47 6d c0 92 fd ac 71 a5 bc 7c  |...`.:Gm....q..||
00000010  1c 90 e4 66 88 df 5a                             |...f..Z|

[1785500232.741845] RX fd=12 bytes=21 path=/dev/cu.usbmodem1234561
00000000  b1 00 15 c9 46 43 27 d7 c3 87 ae 63 3b a9 b2 3c  |....FC'....c;..<|
00000010  36 ad 32 f1 a0                                   |6.2..|

[1785500232.841878] TX fd=12 bytes=23 path=/dev/cu.usbmodem1234561
00000000  a1 00 17 60 fa 3a 47 6d c0 92 fd ac 71 a5 bc 7c  |...`.:Gm....q..||
00000010  1c 90 e4 66 88 df 5a                             |...f..Z|

[1785500232.842331] RX fd=12 bytes=21 path=/dev/cu.usbmodem1234561
00000000  b1 00 15 c9 46 43 27 d7 c3 87 ae 63 3b a9 b2 3c  |....FC'....c;..<|
00000010  36 ad 32 f1 a0                                   |6.2..|

[1785500232.941727] TX fd=12 bytes=23 path=/dev/cu.usbmodem1234561
00000000  a1 00 17 60 fa 3a 47 6d c0 92 fd ac 71 a5 bc 7c  |...`.:Gm....q..||
00000010  1c 90 e4 66 88 df 5a                             |...f..Z|

[1785500232.942184] RX fd=12 bytes=21 path=/dev/cu.usbmodem1234561
00000000  b1 00 15 c9 46 43 27 d7 c3 87 ae 63 3b a9 b2 3c  |....FC'....c;..<|
00000010  36 ad 32 f1 a0                                   |6.2..|

[1785500233.041457] TX fd=12 bytes=23 path=/dev/cu.usbmodem1234561
00000000  a1 00 17 60 fa 3a 47 6d c0 92 fd ac 71 a5 bc 7c  |...`.:Gm....q..||
00000010  1c 90 e4 66 88 df 5a                             |...f..Z|

[1785500233.042003] RX fd=12 bytes=21 path=/dev/cu.usbmodem1234561
00000000  b1 00 15 c9 46 43 27 d7 c3 87 ae 63 3b a9 b2 3c  |....FC'....c;..<|
00000010  36 ad 32 f1 a0                                   |6.2..|

[1785500233.141682] TX fd=12 bytes=23 path=/dev/cu.usbmodem1234561
00000000  a1 00 17 60 fa 3a 47 6d c0 92 fd ac 71 a5 bc 7c  |...`.:Gm....q..||
00000010  1c 90 e4 66 88 df 5a                             |...f..Z|

[1785500233.142166] RX fd=12 bytes=21 path=/dev/cu.usbmodem1234561
00000000  b1 00 15 c9 46 43 27 d7 c3 87 ae 63 3b a9 b2 3c  |....FC'....c;..<|
00000010  36 ad 32 f1 a0                                   |6.2..|

[1785500233.241488] TX fd=12 bytes=23 path=/dev/cu.usbmodem1234561
00000000  a1 00 17 60 fa 3a 47 6d c0 92 fd ac 71 a5 bc 7c  |...`.:Gm....q..||
00000010  1c 90 e4 66 88 df 5a                             |...f..Z|

[1785500233.241956] RX fd=12 bytes=21 path=/dev/cu.usbmodem1234561
00000000  b1 00 15 c9 46 43 27 d7 c3 87 ae 63 3b a9 b2 3c  |....FC'....c;..<|
00000010  36 ad 32 f1 a0                                   |6.2..|

[1785500233.341458] TX fd=12 bytes=23 path=/dev/cu.usbmodem1234561
00000000  a1 00 17 60 fa 3a 47 6d c0 92 fd ac 71 a5 bc 7c  |...`.:Gm....q..||
00000010  1c 90 e4 66 88 df 5a                             |...f..Z|

[1785500233.341916] RX fd=12 bytes=21 path=/dev/cu.usbmodem1234561
00000000  b1 00 15 c9 46 43 27 d7 c3 87 ae 63 3b a9 b2 3c  |....FC'....c;..<|
00000010  36 ad 32 f1 a0                                   |6.2..|

[1785500233.441787] TX fd=12 bytes=23 path=/dev/cu.usbmodem1234561
00000000  a1 00 17 60 fa 3a 47 6d c0 92 fd ac 71 a5 bc 7c  |...`.:Gm....q..||
00000010  1c 90 e4 66 88 df 5a                             |...f..Z|

[1785500233.442266] RX fd=12 bytes=21 path=/dev/cu.usbmodem1234561
00000000  b1 00 15 c9 46 43 27 d7 c3 87 ae 63 3b a9 b2 3c  |....FC'....c;..<|
00000010  36 ad 32 f1 a0                                   |6.2..|

[1785500233.541667] TX fd=12 bytes=23 path=/dev/cu.usbmodem1234561
00000000  a1 00 17 60 fa 3a 47 6d c0 92 fd ac 71 a5 bc 7c  |...`.:Gm....q..||
00000010  1c 90 e4 66 88 df 5a                             |...f..Z|

[1785500233.542132] RX fd=12 bytes=21 path=/dev/cu.usbmodem1234561
00000000  b1 00 15 c9 46 43 27 d7 c3 87 ae 63 3b a9 b2 3c  |....FC'....c;..<|
00000010  36 ad 32 f1 a0                                   |6.2..|

[1785500233.641198] TX fd=12 bytes=23 path=/dev/cu.usbmodem1234561
00000000  a1 00 17 60 fa 3a 47 6d c0 92 fd ac 71 a5 bc 7c  |...`.:Gm....q..||
00000010  1c 90 e4 66 88 df 5a                             |...f..Z|

[1785500233.641688] RX fd=12 bytes=21 path=/dev/cu.usbmodem1234561
00000000  b1 00 15 c9 46 43 27 d7 c3 87 ae 63 3b a9 b2 3c  |....FC'....c;..<|
00000010  36 ad 32 f1 a0                                   |6.2..|

[1785500233.740669] TX fd=12 bytes=23 path=/dev/cu.usbmodem1234561
00000000  a1 00 17 60 fa 3a 47 6d c0 92 fd ac 71 a5 bc 7c  |...`.:Gm....q..||
00000010  1c 90 e4 66 88 df 5a                             |...f..Z|

[1785500233.741111] RX fd=12 bytes=21 path=/dev/cu.usbmodem1234561
00000000  b1 00 15 c9 46 43 27 d7 c3 87 ae 63 3b a9 b2 3c  |....FC'....c;..<|
00000010  36 ad 32 f1 a0                                   |6.2..|

[1785500233.841389] TX fd=12 bytes=23 path=/dev/cu.usbmodem1234561
00000000  a1 00 17 60 fa 3a 47 6d c0 92 fd ac 71 a5 bc 7c  |...`.:Gm....q..||
00000010  1c 90 e4 66 88 df 5a                             |...f..Z|

[1785500233.841826] RX fd=12 bytes=21 path=/dev/cu.usbmodem1234561
00000000  b1 00 15 c9 46 43 27 d7 c3 87 ae 63 3b a9 b2 3c  |....FC'....c;..<|
00000010  36 ad 32 f1 a0                                   |6.2..|

[1785500233.941155] TX fd=12 bytes=23 path=/dev/cu.usbmodem1234561
00000000  a1 00 17 60 fa 3a 47 6d c0 92 fd ac 71 a5 bc 7c  |...`.:Gm....q..||
00000010  1c 90 e4 66 88 df 5a                             |...f..Z|

[1785500233.941676] RX fd=12 bytes=21 path=/dev/cu.usbmodem1234561
00000000  b1 00 15 c9 46 43 27 d7 c3 87 ae 63 3b a9 b2 3c  |....FC'....c;..<|
00000010  36 ad 32 f1 a0                                   |6.2..|

[1785500234.041882] TX fd=12 bytes=23 path=/dev/cu.usbmodem1234561
00000000  a1 00 17 60 fa 3a 47 6d c0 92 fd ac 71 a5 bc 7c  |...`.:Gm....q..||
00000010  1c 90 e4 66 88 df 5a                             |...f..Z|

[1785500234.042346] RX fd=12 bytes=21 path=/dev/cu.usbmodem1234561
00000000  b1 00 15 c9 46 43 27 d7 c3 87 ae 63 3b a9 b2 3c  |....FC'....c;..<|
00000010  36 ad 32 f1 a0                                   |6.2..|

[1785500234.141761] TX fd=12 bytes=23 path=/dev/cu.usbmodem1234561
00000000  a1 00 17 60 fa 3a 47 6d c0 92 fd ac 71 a5 bc 7c  |...`.:Gm....q..||
00000010  1c 90 e4 66 88 df 5a                             |...f..Z|

[1785500234.142165] RX fd=12 bytes=21 path=/dev/cu.usbmodem1234561
00000000  b1 00 15 c9 46 43 27 d7 c3 87 ae 63 3b a9 b2 3c  |....FC'....c;..<|
00000010  36 ad 32 f1 a0                                   |6.2..|

[1785500234.241904] TX fd=12 bytes=23 path=/dev/cu.usbmodem1234561
00000000  a1 00 17 60 fa 3a 47 6d c0 92 fd ac 71 a5 bc 7c  |...`.:Gm....q..||
00000010  1c 90 e4 66 88 df 5a                             |...f..Z|

[1785500234.242350] RX fd=12 bytes=21 path=/dev/cu.usbmodem1234561
00000000  b1 00 15 c9 46 43 27 d7 c3 87 ae 63 3b a9 b2 3c  |....FC'....c;..<|
00000010  36 ad 32 f1 a0                                   |6.2..|

[1785500234.341506] TX fd=12 bytes=23 path=/dev/cu.usbmodem1234561
00000000  a1 00 17 60 fa 3a 47 6d c0 92 fd ac 71 a5 bc 7c  |...`.:Gm....q..||
00000010  1c 90 e4 66 88 df 5a                             |...f..Z|

[1785500234.341968] RX fd=12 bytes=21 path=/dev/cu.usbmodem1234561
00000000  b1 00 15 c9 46 43 27 d7 c3 87 ae 63 3b a9 b2 3c  |....FC'....c;..<|
00000010  36 ad 32 f1 a0                                   |6.2..|

[1785500234.441880] TX fd=12 bytes=23 path=/dev/cu.usbmodem1234561
00000000  a1 00 17 60 fa 3a 47 6d c0 92 fd ac 71 a5 bc 7c  |...`.:Gm....q..||
00000010  1c 90 e4 66 88 df 5a                             |...f..Z|

[1785500234.442343] RX fd=12 bytes=21 path=/dev/cu.usbmodem1234561
00000000  b1 00 15 c9 46 43 27 d7 c3 87 ae 63 3b a9 b2 3c  |....FC'....c;..<|
00000010  36 ad 32 f1 a0                                   |6.2..|

[1785500234.541520] TX fd=12 bytes=23 path=/dev/cu.usbmodem1234561
00000000  a1 00 17 60 fa 3a 47 6d c0 92 fd ac 71 a5 bc 7c  |...`.:Gm....q..||
00000010  1c 90 e4 66 88 df 5a                             |...f..Z|

[1785500234.542089] RX fd=12 bytes=21 path=/dev/cu.usbmodem1234561
00000000  b1 00 15 c9 46 43 27 d7 c3 87 ae 63 3b a9 b2 3c  |....FC'....c;..<|
00000010  36 ad 32 f1 a0                                   |6.2..|

[1785500234.641976] TX fd=12 bytes=23 path=/dev/cu.usbmodem1234561
00000000  a1 00 17 60 fa 3a 47 6d c0 92 fd ac 71 a5 bc 7c  |...`.:Gm....q..||
00000010  1c 90 e4 66 88 df 5a                             |...f..Z|

[1785500234.642415] RX fd=12 bytes=21 path=/dev/cu.usbmodem1234561
00000000  b1 00 15 c9 46 43 27 d7 c3 87 ae 63 3b a9 b2 3c  |....FC'....c;..<|
00000010  36 ad 32 f1 a0                                   |6.2..|

[1785500234.741673] TX fd=12 bytes=23 path=/dev/cu.usbmodem1234561
00000000  a1 00 17 60 fa 3a 47 6d c0 92 fd ac 71 a5 bc 7c  |...`.:Gm....q..||
00000010  1c 90 e4 66 88 df 5a                             |...f..Z|

[1785500234.742115] RX fd=12 bytes=21 path=/dev/cu.usbmodem1234561
00000000  b1 00 15 c9 46 43 27 d7 c3 87 ae 63 3b a9 b2 3c  |....FC'....c;..<|
00000010  36 ad 32 f1 a0                                   |6.2..|

[1785500234.841395] TX fd=12 bytes=23 path=/dev/cu.usbmodem1234561
00000000  a1 00 17 23 6e 82 73 5f ae 14 14 a2 05 1d 9e ac  |...#n.s_........|
00000010  82 16 7d 66 88 ab 13                             |..}f...|

[1785500234.841957] RX fd=12 bytes=21 path=/dev/cu.usbmodem1234561
00000000  b1 00 15 bf 13 53 5a 1c 3b 36 f4 5c bf ce dd b2  |.....SZ.;6.\....|
00000010  04 d1 ef c4 a4                                   |.....|

[1785500234.861517] TX fd=12 bytes=23 path=/dev/cu.usbmodem1234561
00000000  a1 00 17 60 fa 3a 47 6d c0 92 fd ac 71 a5 bc 7c  |...`.:Gm....q..||
00000010  1c 90 e4 66 88 df 5a                             |...f..Z|

[1785500234.861994] RX fd=12 bytes=21 path=/dev/cu.usbmodem1234561
00000000  b1 00 15 c9 46 43 27 d7 c3 87 ae 63 3b a9 b2 3c  |....FC'....c;..<|
00000010  36 ad 32 f1 a0                                   |6.2..|

[1785500234.941442] TX fd=12 bytes=23 path=/dev/cu.usbmodem1234561
00000000  a1 00 17 60 fa 3a 47 6d c0 92 fd ac 71 a5 bc 7c  |...`.:Gm....q..||
00000010  1c 90 e4 66 88 df 5a                             |...f..Z|

[1785500234.941903] RX fd=12 bytes=21 path=/dev/cu.usbmodem1234561
00000000  b1 00 15 c9 46 43 27 d7 c3 87 ae 63 3b a9 b2 3c  |....FC'....c;..<|
00000010  36 ad 32 f1 a0                                   |6.2..|

[1785500235.041671] TX fd=12 bytes=23 path=/dev/cu.usbmodem1234561
00000000  a1 00 17 60 fa 3a 47 6d c0 92 fd ac 71 a5 bc 7c  |...`.:Gm....q..||
00000010  1c 90 e4 66 88 df 5a                             |...f..Z|

[1785500235.042150] RX fd=12 bytes=21 path=/dev/cu.usbmodem1234561
00000000  b1 00 15 c9 46 43 27 d7 c3 87 ae 63 3b a9 b2 3c  |....FC'....c;..<|
00000010  36 ad 32 f1 a0                                   |6.2..|

[1785500235.141933] TX fd=12 bytes=23 path=/dev/cu.usbmodem1234561
00000000  a1 00 17 60 fa 3a 47 6d c0 92 fd ac 71 a5 bc 7c  |...`.:Gm....q..||
00000010  1c 90 e4 66 88 df 5a                             |...f..Z|

[1785500235.142353] RX fd=12 bytes=21 path=/dev/cu.usbmodem1234561
00000000  b1 00 15 c9 46 43 27 d7 c3 87 ae 63 3b a9 b2 3c  |....FC'....c;..<|
00000010  36 ad 32 f1 a0                                   |6.2..|

[1785500235.241653] TX fd=12 bytes=23 path=/dev/cu.usbmodem1234561
00000000  a1 00 17 60 fa 3a 47 6d c0 92 fd ac 71 a5 bc 7c  |...`.:Gm....q..||
00000010  1c 90 e4 66 88 df 5a                             |...f..Z|

[1785500235.242104] RX fd=12 bytes=21 path=/dev/cu.usbmodem1234561
00000000  b1 00 15 c9 46 43 27 d7 c3 87 ae 63 3b a9 b2 3c  |....FC'....c;..<|
00000010  36 ad 32 f1 a0                                   |6.2..|

[1785500235.340427] TX fd=12 bytes=23 path=/dev/cu.usbmodem1234561
00000000  a1 00 17 60 fa 3a 47 6d c0 92 fd ac 71 a5 bc 7c  |...`.:Gm....q..||
00000010  1c 90 e4 66 88 df 5a                             |...f..Z|

[1785500235.340900] RX fd=12 bytes=21 path=/dev/cu.usbmodem1234561
00000000  b1 00 15 c9 46 43 27 d7 c3 87 ae 63 3b a9 b2 3c  |....FC'....c;..<|
00000010  36 ad 32 f1 a0                                   |6.2..|

[1785500235.441054] TX fd=12 bytes=23 path=/dev/cu.usbmodem1234561
00000000  a1 00 17 60 fa 3a 47 6d c0 92 fd ac 71 a5 bc 7c  |...`.:Gm....q..||
00000010  1c 90 e4 66 88 df 5a                             |...f..Z|

[1785500235.441524] RX fd=12 bytes=21 path=/dev/cu.usbmodem1234561
00000000  b1 00 15 c9 46 43 27 d7 c3 87 ae 63 3b a9 b2 3c  |....FC'....c;..<|
00000010  36 ad 32 f1 a0                                   |6.2..|

[1785500235.541840] TX fd=12 bytes=23 path=/dev/cu.usbmodem1234561
00000000  a1 00 17 60 fa 3a 47 6d c0 92 fd ac 71 a5 bc 7c  |...`.:Gm....q..||
00000010  1c 90 e4 66 88 df 5a                             |...f..Z|

[1785500235.542316] RX fd=12 bytes=21 path=/dev/cu.usbmodem1234561
00000000  b1 00 15 c9 46 43 27 d7 c3 87 ae 63 3b a9 b2 3c  |....FC'....c;..<|
00000010  36 ad 32 f1 a0                                   |6.2..|

[1785500235.640606] TX fd=12 bytes=23 path=/dev/cu.usbmodem1234561
00000000  a1 00 17 60 fa 3a 47 6d c0 92 fd ac 71 a5 bc 7c  |...`.:Gm....q..||
00000010  1c 90 e4 66 88 df 5a                             |...f..Z|

[1785500235.641039] RX fd=12 bytes=21 path=/dev/cu.usbmodem1234561
00000000  b1 00 15 c9 46 43 27 d7 c3 87 ae 63 3b a9 b2 3c  |....FC'....c;..<|
00000010  36 ad 32 f1 a0                                   |6.2..|

[1785500235.741988] TX fd=12 bytes=23 path=/dev/cu.usbmodem1234561
00000000  a1 00 17 60 fa 3a 47 6d c0 92 fd ac 71 a5 bc 7c  |...`.:Gm....q..||
00000010  1c 90 e4 66 88 df 5a                             |...f..Z|

[1785500235.742429] RX fd=12 bytes=21 path=/dev/cu.usbmodem1234561
00000000  b1 00 15 c9 46 43 27 d7 c3 87 ae 63 3b a9 b2 3c  |....FC'....c;..<|
00000010  36 ad 32 f1 a0                                   |6.2..|

[1785500235.841210] TX fd=12 bytes=23 path=/dev/cu.usbmodem1234561
00000000  a1 00 17 60 fa 3a 47 6d c0 92 fd ac 71 a5 bc 7c  |...`.:Gm....q..||
00000010  1c 90 e4 66 88 df 5a                             |...f..Z|

[1785500235.841700] RX fd=12 bytes=21 path=/dev/cu.usbmodem1234561
00000000  b1 00 15 c9 46 43 27 d7 c3 87 ae 63 3b a9 b2 3c  |....FC'....c;..<|
00000010  36 ad 32 f1 a0                                   |6.2..|

[1785500235.941409] TX fd=12 bytes=23 path=/dev/cu.usbmodem1234561
00000000  a1 00 17 60 fa 3a 47 6d c0 92 fd ac 71 a5 bc 7c  |...`.:Gm....q..||
00000010  1c 90 e4 66 88 df 5a                             |...f..Z|

[1785500235.941877] RX fd=12 bytes=21 path=/dev/cu.usbmodem1234561
00000000  b1 00 15 c9 46 43 27 d7 c3 87 ae 63 3b a9 b2 3c  |....FC'....c;..<|
00000010  36 ad 32 f1 a0                                   |6.2..|

[1785500236.041819] TX fd=12 bytes=23 path=/dev/cu.usbmodem1234561
00000000  a1 00 17 60 fa 3a 47 6d c0 92 fd ac 71 a5 bc 7c  |...`.:Gm....q..||
00000010  1c 90 e4 66 88 df 5a                             |...f..Z|

[1785500236.042291] RX fd=12 bytes=21 path=/dev/cu.usbmodem1234561
00000000  b1 00 15 c9 46 43 27 d7 c3 87 ae 63 3b a9 b2 3c  |....FC'....c;..<|
00000010  36 ad 32 f1 a0                                   |6.2..|

[1785500236.141685] TX fd=12 bytes=23 path=/dev/cu.usbmodem1234561
00000000  a1 00 17 60 fa 3a 47 6d c0 92 fd ac 71 a5 bc 7c  |...`.:Gm....q..||
00000010  1c 90 e4 66 88 df 5a                             |...f..Z|

[1785500236.142128] RX fd=12 bytes=21 path=/dev/cu.usbmodem1234561
00000000  b1 00 15 c9 46 43 27 d7 c3 87 ae 63 3b a9 b2 3c  |....FC'....c;..<|
00000010  36 ad 32 f1 a0                                   |6.2..|

[1785500236.240453] TX fd=12 bytes=23 path=/dev/cu.usbmodem1234561
00000000  a1 00 17 60 fa 3a 47 6d c0 92 fd ac 71 a5 bc 7c  |...`.:Gm....q..||
00000010  1c 90 e4 66 88 df 5a                             |...f..Z|

[1785500236.240874] RX fd=12 bytes=21 path=/dev/cu.usbmodem1234561
00000000  b1 00 15 c9 46 43 27 d7 c3 87 ae 63 3b a9 b2 3c  |....FC'....c;..<|
00000010  36 ad 32 f1 a0                                   |6.2..|

[1785500236.341362] TX fd=12 bytes=23 path=/dev/cu.usbmodem1234561
00000000  a1 00 17 60 fa 3a 47 6d c0 92 fd ac 71 a5 bc 7c  |...`.:Gm....q..||
00000010  1c 90 e4 66 88 df 5a                             |...f..Z|

[1785500236.341838] RX fd=12 bytes=21 path=/dev/cu.usbmodem1234561
00000000  b1 00 15 c9 46 43 27 d7 c3 87 ae 63 3b a9 b2 3c  |....FC'....c;..<|
00000010  36 ad 32 f1 a0                                   |6.2..|

[1785500236.441356] TX fd=12 bytes=23 path=/dev/cu.usbmodem1234561
00000000  a1 00 17 60 fa 3a 47 6d c0 92 fd ac 71 a5 bc 7c  |...`.:Gm....q..||
00000010  1c 90 e4 66 88 df 5a                             |...f..Z|

[1785500236.441790] RX fd=12 bytes=21 path=/dev/cu.usbmodem1234561
00000000  b1 00 15 c9 46 43 27 d7 c3 87 ae 63 3b a9 b2 3c  |....FC'....c;..<|
00000010  36 ad 32 f1 a0                                   |6.2..|

[1785500236.541562] TX fd=12 bytes=23 path=/dev/cu.usbmodem1234561
00000000  a1 00 17 60 fa 3a 47 6d c0 92 fd ac 71 a5 bc 7c  |...`.:Gm....q..||
00000010  1c 90 e4 66 88 df 5a                             |...f..Z|

[1785500236.541992] RX fd=12 bytes=21 path=/dev/cu.usbmodem1234561
00000000  b1 00 15 c9 46 43 27 d7 c3 87 ae 63 3b a9 b2 3c  |....FC'....c;..<|
00000010  36 ad 32 f1 a0                                   |6.2..|

[1785500236.641419] TX fd=12 bytes=23 path=/dev/cu.usbmodem1234561
00000000  a1 00 17 60 fa 3a 47 6d c0 92 fd ac 71 a5 bc 7c  |...`.:Gm....q..||
00000010  1c 90 e4 66 88 df 5a                             |...f..Z|

[1785500236.641870] RX fd=12 bytes=21 path=/dev/cu.usbmodem1234561
00000000  b1 00 15 c9 46 43 27 d7 c3 87 ae 63 3b a9 b2 3c  |....FC'....c;..<|
00000010  36 ad 32 f1 a0                                   |6.2..|

[1785500236.741062] TX fd=12 bytes=23 path=/dev/cu.usbmodem1234561
00000000  a1 00 17 60 fa 3a 47 6d c0 92 fd ac 71 a5 bc 7c  |...`.:Gm....q..||
00000010  1c 90 e4 66 88 df 5a                             |...f..Z|

[1785500236.741524] RX fd=12 bytes=21 path=/dev/cu.usbmodem1234561
00000000  b1 00 15 c9 46 43 27 d7 c3 87 ae 63 3b a9 b2 3c  |....FC'....c;..<|
00000010  36 ad 32 f1 a0                                   |6.2..|

[1785500236.841343] TX fd=12 bytes=23 path=/dev/cu.usbmodem1234561
00000000  a1 00 17 60 fa 3a 47 6d c0 92 fd ac 71 a5 bc 7c  |...`.:Gm....q..||
00000010  1c 90 e4 66 88 df 5a                             |...f..Z|

[1785500236.841804] RX fd=12 bytes=21 path=/dev/cu.usbmodem1234561
00000000  b1 00 15 c9 46 43 27 d7 c3 87 ae 63 3b a9 b2 3c  |....FC'....c;..<|
00000010  36 ad 32 f1 a0                                   |6.2..|

[1785500236.941206] TX fd=12 bytes=23 path=/dev/cu.usbmodem1234561
00000000  a1 00 17 60 fa 3a 47 6d c0 92 fd ac 71 a5 bc 7c  |...`.:Gm....q..||
00000010  1c 90 e4 66 88 df 5a                             |...f..Z|

[1785500236.941711] RX fd=12 bytes=21 path=/dev/cu.usbmodem1234561
00000000  b1 00 15 c9 46 43 27 d7 c3 87 ae 63 3b a9 b2 3c  |....FC'....c;..<|
00000010  36 ad 32 f1 a0                                   |6.2..|

[1785500237.040544] TX fd=12 bytes=23 path=/dev/cu.usbmodem1234561
00000000  a1 00 17 60 fa 3a 47 6d c0 92 fd ac 71 a5 bc 7c  |...`.:Gm....q..||
00000010  1c 90 e4 66 88 df 5a                             |...f..Z|

[1785500237.040998] RX fd=12 bytes=21 path=/dev/cu.usbmodem1234561
00000000  b1 00 15 c9 46 43 27 d7 c3 87 ae 63 3b a9 b2 3c  |....FC'....c;..<|
00000010  36 ad 32 f1 a0                                   |6.2..|

[1785500237.141226] TX fd=12 bytes=23 path=/dev/cu.usbmodem1234561
00000000  a1 00 17 60 fa 3a 47 6d c0 92 fd ac 71 a5 bc 7c  |...`.:Gm....q..||
00000010  1c 90 e4 66 88 df 5a                             |...f..Z|

[1785500237.141710] RX fd=12 bytes=21 path=/dev/cu.usbmodem1234561
00000000  b1 00 15 c9 46 43 27 d7 c3 87 ae 63 3b a9 b2 3c  |....FC'....c;..<|
00000010  36 ad 32 f1 a0                                   |6.2..|

[1785500237.240948] TX fd=12 bytes=23 path=/dev/cu.usbmodem1234561
00000000  a1 00 17 60 fa 3a 47 6d c0 92 fd ac 71 a5 bc 7c  |...`.:Gm....q..||
00000010  1c 90 e4 66 88 df 5a                             |...f..Z|

[1785500237.241416] RX fd=12 bytes=21 path=/dev/cu.usbmodem1234561
00000000  b1 00 15 c9 46 43 27 d7 c3 87 ae 63 3b a9 b2 3c  |....FC'....c;..<|
00000010  36 ad 32 f1 a0                                   |6.2..|

[1785500237.341097] TX fd=12 bytes=23 path=/dev/cu.usbmodem1234561
00000000  a1 00 17 60 fa 3a 47 6d c0 92 fd ac 71 a5 bc 7c  |...`.:Gm....q..||
00000010  1c 90 e4 66 88 df 5a                             |...f..Z|

[1785500237.341566] RX fd=12 bytes=21 path=/dev/cu.usbmodem1234561
00000000  b1 00 15 c9 46 43 27 d7 c3 87 ae 63 3b a9 b2 3c  |....FC'....c;..<|
00000010  36 ad 32 f1 a0                                   |6.2..|

[1785500237.441772] TX fd=12 bytes=23 path=/dev/cu.usbmodem1234561
00000000  a1 00 17 60 fa 3a 47 6d c0 92 fd ac 71 a5 bc 7c  |...`.:Gm....q..||
00000010  1c 90 e4 66 88 df 5a                             |...f..Z|

[1785500237.442225] RX fd=12 bytes=21 path=/dev/cu.usbmodem1234561
00000000  b1 00 15 c9 46 43 27 d7 c3 87 ae 63 3b a9 b2 3c  |....FC'....c;..<|
00000010  36 ad 32 f1 a0                                   |6.2..|

[1785500237.541398] TX fd=12 bytes=23 path=/dev/cu.usbmodem1234561
00000000  a1 00 17 60 fa 3a 47 6d c0 92 fd ac 71 a5 bc 7c  |...`.:Gm....q..||
00000010  1c 90 e4 66 88 df 5a                             |...f..Z|

[1785500237.541824] RX fd=12 bytes=21 path=/dev/cu.usbmodem1234561
00000000  b1 00 15 c9 46 43 27 d7 c3 87 ae 63 3b a9 b2 3c  |....FC'....c;..<|
00000010  36 ad 32 f1 a0                                   |6.2..|

[1785500237.641662] TX fd=12 bytes=23 path=/dev/cu.usbmodem1234561
00000000  a1 00 17 60 fa 3a 47 6d c0 92 fd ac 71 a5 bc 7c  |...`.:Gm....q..||
00000010  1c 90 e4 66 88 df 5a                             |...f..Z|

[1785500237.642073] RX fd=12 bytes=21 path=/dev/cu.usbmodem1234561
00000000  b1 00 15 c9 46 43 27 d7 c3 87 ae 63 3b a9 b2 3c  |....FC'....c;..<|
00000010  36 ad 32 f1 a0                                   |6.2..|

[1785500237.741567] TX fd=12 bytes=23 path=/dev/cu.usbmodem1234561
00000000  a1 00 17 60 fa 3a 47 6d c0 92 fd ac 71 a5 bc 7c  |...`.:Gm....q..||
00000010  1c 90 e4 66 88 df 5a                             |...f..Z|

[1785500237.742050] RX fd=12 bytes=21 path=/dev/cu.usbmodem1234561
00000000  b1 00 15 c9 46 43 27 d7 c3 87 ae 63 3b a9 b2 3c  |....FC'....c;..<|
00000010  36 ad 32 f1 a0                                   |6.2..|

[1785500237.841053] TX fd=12 bytes=23 path=/dev/cu.usbmodem1234561
00000000  a1 00 17 23 6e 82 73 5f ae 14 14 a2 05 1d 9e ac  |...#n.s_........|
00000010  82 16 7d 66 88 ab 13                             |..}f...|

[1785500237.841536] RX fd=12 bytes=21 path=/dev/cu.usbmodem1234561
00000000  b1 00 15 bf 13 53 5a 1c 3b 36 f4 5c bf ce dd b2  |.....SZ.;6.\....|
00000010  04 d1 ef c4 a4                                   |.....|

[1785500237.861002] TX fd=12 bytes=23 path=/dev/cu.usbmodem1234561
00000000  a1 00 17 60 fa 3a 47 6d c0 92 fd ac 71 a5 bc 7c  |...`.:Gm....q..||
00000010  1c 90 e4 66 88 df 5a                             |...f..Z|

[1785500237.861453] RX fd=12 bytes=21 path=/dev/cu.usbmodem1234561
00000000  b1 00 15 c9 46 43 27 d7 c3 87 ae 63 3b a9 b2 3c  |....FC'....c;..<|
00000010  36 ad 32 f1 a0                                   |6.2..|

[1785500237.941118] TX fd=12 bytes=23 path=/dev/cu.usbmodem1234561
00000000  a1 00 17 60 fa 3a 47 6d c0 92 fd ac 71 a5 bc 7c  |...`.:Gm....q..||
00000010  1c 90 e4 66 88 df 5a                             |...f..Z|

[1785500237.941563] RX fd=12 bytes=21 path=/dev/cu.usbmodem1234561
00000000  b1 00 15 c9 46 43 27 d7 c3 87 ae 63 3b a9 b2 3c  |....FC'....c;..<|
00000010  36 ad 32 f1 a0                                   |6.2..|

[1785500238.041599] TX fd=12 bytes=23 path=/dev/cu.usbmodem1234561
00000000  a1 00 17 60 fa 3a 47 6d c0 92 fd ac 71 a5 bc 7c  |...`.:Gm....q..||
00000010  1c 90 e4 66 88 df 5a                             |...f..Z|

[1785500238.042032] RX fd=12 bytes=21 path=/dev/cu.usbmodem1234561
00000000  b1 00 15 c9 46 43 27 d7 c3 87 ae 63 3b a9 b2 3c  |....FC'....c;..<|
00000010  36 ad 32 f1 a0                                   |6.2..|

[1785500238.141898] TX fd=12 bytes=23 path=/dev/cu.usbmodem1234561
00000000  a1 00 17 60 fa 3a 47 6d c0 92 fd ac 71 a5 bc 7c  |...`.:Gm....q..||
00000010  1c 90 e4 66 88 df 5a                             |...f..Z|

[1785500238.142326] RX fd=12 bytes=21 path=/dev/cu.usbmodem1234561
00000000  b1 00 15 c9 46 43 27 d7 c3 87 ae 63 3b a9 b2 3c  |....FC'....c;..<|
00000010  36 ad 32 f1 a0                                   |6.2..|

[1785500238.241587] TX fd=12 bytes=23 path=/dev/cu.usbmodem1234561
00000000  a1 00 17 60 fa 3a 47 6d c0 92 fd ac 71 a5 bc 7c  |...`.:Gm....q..||
00000010  1c 90 e4 66 88 df 5a                             |...f..Z|

[1785500238.242053] RX fd=12 bytes=21 path=/dev/cu.usbmodem1234561
00000000  b1 00 15 c9 46 43 27 d7 c3 87 ae 63 3b a9 b2 3c  |....FC'....c;..<|
00000010  36 ad 32 f1 a0                                   |6.2..|

[1785500238.341350] TX fd=12 bytes=23 path=/dev/cu.usbmodem1234561
00000000  a1 00 17 60 fa 3a 47 6d c0 92 fd ac 71 a5 bc 7c  |...`.:Gm....q..||
00000010  1c 90 e4 66 88 df 5a                             |...f..Z|

[1785500238.341818] RX fd=12 bytes=21 path=/dev/cu.usbmodem1234561
00000000  b1 00 15 c9 46 43 27 d7 c3 87 ae 63 3b a9 b2 3c  |....FC'....c;..<|
00000010  36 ad 32 f1 a0                                   |6.2..|

[1785500238.440939] TX fd=12 bytes=23 path=/dev/cu.usbmodem1234561
00000000  a1 00 17 60 fa 3a 47 6d c0 92 fd ac 71 a5 bc 7c  |...`.:Gm....q..||
00000010  1c 90 e4 66 88 df 5a                             |...f..Z|

[1785500238.441398] RX fd=12 bytes=21 path=/dev/cu.usbmodem1234561
00000000  b1 00 15 c9 46 43 27 d7 c3 87 ae 63 3b a9 b2 3c  |....FC'....c;..<|
00000010  36 ad 32 f1 a0                                   |6.2..|

[1785500238.541268] TX fd=12 bytes=23 path=/dev/cu.usbmodem1234561
00000000  a1 00 17 60 fa 3a 47 6d c0 92 fd ac 71 a5 bc 7c  |...`.:Gm....q..||
00000010  1c 90 e4 66 88 df 5a                             |...f..Z|

[1785500238.541727] RX fd=12 bytes=21 path=/dev/cu.usbmodem1234561
00000000  b1 00 15 c9 46 43 27 d7 c3 87 ae 63 3b a9 b2 3c  |....FC'....c;..<|
00000010  36 ad 32 f1 a0                                   |6.2..|

[1785500238.641547] TX fd=12 bytes=23 path=/dev/cu.usbmodem1234561
00000000  a1 00 17 60 fa 3a 47 6d c0 92 fd ac 71 a5 bc 7c  |...`.:Gm....q..||
00000010  1c 90 e4 66 88 df 5a                             |...f..Z|

[1785500238.642029] RX fd=12 bytes=21 path=/dev/cu.usbmodem1234561
00000000  b1 00 15 c9 46 43 27 d7 c3 87 ae 63 3b a9 b2 3c  |....FC'....c;..<|
00000010  36 ad 32 f1 a0                                   |6.2..|

[1785500238.741566] TX fd=12 bytes=23 path=/dev/cu.usbmodem1234561
00000000  a1 00 17 60 fa 3a 47 6d c0 92 fd ac 71 a5 bc 7c  |...`.:Gm....q..||
00000010  1c 90 e4 66 88 df 5a                             |...f..Z|

[1785500238.742056] RX fd=12 bytes=21 path=/dev/cu.usbmodem1234561
00000000  b1 00 15 c9 46 43 27 d7 c3 87 ae 63 3b a9 b2 3c  |....FC'....c;..<|
00000010  36 ad 32 f1 a0                                   |6.2..|

[1785500238.841282] TX fd=12 bytes=23 path=/dev/cu.usbmodem1234561
00000000  a1 00 17 60 fa 3a 47 6d c0 92 fd ac 71 a5 bc 7c  |...`.:Gm....q..||
00000010  1c 90 e4 66 88 df 5a                             |...f..Z|

[1785500238.841741] RX fd=12 bytes=21 path=/dev/cu.usbmodem1234561
00000000  b1 00 15 c9 46 43 27 d7 c3 87 ae 63 3b a9 b2 3c  |....FC'....c;..<|
00000010  36 ad 32 f1 a0                                   |6.2..|

[1785500238.941570] TX fd=12 bytes=23 path=/dev/cu.usbmodem1234561
00000000  a1 00 17 60 fa 3a 47 6d c0 92 fd ac 71 a5 bc 7c  |...`.:Gm....q..||
00000010  1c 90 e4 66 88 df 5a                             |...f..Z|

[1785500238.942010] RX fd=12 bytes=21 path=/dev/cu.usbmodem1234561
00000000  b1 00 15 c9 46 43 27 d7 c3 87 ae 63 3b a9 b2 3c  |....FC'....c;..<|
00000010  36 ad 32 f1 a0                                   |6.2..|

[1785500239.041406] TX fd=12 bytes=23 path=/dev/cu.usbmodem1234561
00000000  a1 00 17 60 fa 3a 47 6d c0 92 fd ac 71 a5 bc 7c  |...`.:Gm....q..||
00000010  1c 90 e4 66 88 df 5a                             |...f..Z|

[1785500239.041871] RX fd=12 bytes=21 path=/dev/cu.usbmodem1234561
00000000  b1 00 15 c9 46 43 27 d7 c3 87 ae 63 3b a9 b2 3c  |....FC'....c;..<|
00000010  36 ad 32 f1 a0                                   |6.2..|

[1785500239.141137] TX fd=12 bytes=23 path=/dev/cu.usbmodem1234561
00000000  a1 00 17 60 fa 3a 47 6d c0 92 fd ac 71 a5 bc 7c  |...`.:Gm....q..||
00000010  1c 90 e4 66 88 df 5a                             |...f..Z|

[1785500239.141640] RX fd=12 bytes=21 path=/dev/cu.usbmodem1234561
00000000  b1 00 15 c9 46 43 27 d7 c3 87 ae 63 3b a9 b2 3c  |....FC'....c;..<|
00000010  36 ad 32 f1 a0                                   |6.2..|

[1785500239.240735] TX fd=12 bytes=23 path=/dev/cu.usbmodem1234561
00000000  a1 00 17 60 fa 3a 47 6d c0 92 fd ac 71 a5 bc 7c  |...`.:Gm....q..||
00000010  1c 90 e4 66 88 df 5a                             |...f..Z|

[1785500239.241234] RX fd=12 bytes=21 path=/dev/cu.usbmodem1234561
00000000  b1 00 15 c9 46 43 27 d7 c3 87 ae 63 3b a9 b2 3c  |....FC'....c;..<|
00000010  36 ad 32 f1 a0                                   |6.2..|

[1785500239.341809] TX fd=12 bytes=23 path=/dev/cu.usbmodem1234561
00000000  a1 00 17 60 fa 3a 47 6d c0 92 fd ac 71 a5 bc 7c  |...`.:Gm....q..||
00000010  1c 90 e4 66 88 df 5a                             |...f..Z|

[1785500239.342281] RX fd=12 bytes=21 path=/dev/cu.usbmodem1234561
00000000  b1 00 15 c9 46 43 27 d7 c3 87 ae 63 3b a9 b2 3c  |....FC'....c;..<|
00000010  36 ad 32 f1 a0                                   |6.2..|

[1785500239.441630] TX fd=12 bytes=23 path=/dev/cu.usbmodem1234561
00000000  a1 00 17 60 fa 3a 47 6d c0 92 fd ac 71 a5 bc 7c  |...`.:Gm....q..||
00000010  1c 90 e4 66 88 df 5a                             |...f..Z|

[1785500239.442073] RX fd=12 bytes=21 path=/dev/cu.usbmodem1234561
00000000  b1 00 15 c9 46 43 27 d7 c3 87 ae 63 3b a9 b2 3c  |....FC'....c;..<|
00000010  36 ad 32 f1 a0                                   |6.2..|

[1785500239.541758] TX fd=12 bytes=23 path=/dev/cu.usbmodem1234561
00000000  a1 00 17 60 fa 3a 47 6d c0 92 fd ac 71 a5 bc 7c  |...`.:Gm....q..||
00000010  1c 90 e4 66 88 df 5a                             |...f..Z|

[1785500239.542154] RX fd=12 bytes=21 path=/dev/cu.usbmodem1234561
00000000  b1 00 15 c9 46 43 27 d7 c3 87 ae 63 3b a9 b2 3c  |....FC'....c;..<|
00000010  36 ad 32 f1 a0                                   |6.2..|

[1785500239.641016] TX fd=12 bytes=23 path=/dev/cu.usbmodem1234561
00000000  a1 00 17 60 fa 3a 47 6d c0 92 fd ac 71 a5 bc 7c  |...`.:Gm....q..||
00000010  1c 90 e4 66 88 df 5a                             |...f..Z|

[1785500239.641488] RX fd=12 bytes=21 path=/dev/cu.usbmodem1234561
00000000  b1 00 15 c9 46 43 27 d7 c3 87 ae 63 3b a9 b2 3c  |....FC'....c;..<|
00000010  36 ad 32 f1 a0                                   |6.2..|

[1785500239.741418] TX fd=12 bytes=23 path=/dev/cu.usbmodem1234561
00000000  a1 00 17 60 fa 3a 47 6d c0 92 fd ac 71 a5 bc 7c  |...`.:Gm....q..||
00000010  1c 90 e4 66 88 df 5a                             |...f..Z|

[1785500239.741915] RX fd=12 bytes=21 path=/dev/cu.usbmodem1234561
00000000  b1 00 15 c9 46 43 27 d7 c3 87 ae 63 3b a9 b2 3c  |....FC'....c;..<|
00000010  36 ad 32 f1 a0                                   |6.2..|

[1785500239.841669] TX fd=12 bytes=23 path=/dev/cu.usbmodem1234561
00000000  a1 00 17 60 fa 3a 47 6d c0 92 fd ac 71 a5 bc 7c  |...`.:Gm....q..||
00000010  1c 90 e4 66 88 df 5a                             |...f..Z|

[1785500239.842101] RX fd=12 bytes=21 path=/dev/cu.usbmodem1234561
00000000  b1 00 15 c9 46 43 27 d7 c3 87 ae 63 3b a9 b2 3c  |....FC'....c;..<|
00000010  36 ad 32 f1 a0                                   |6.2..|

[1785500239.941364] TX fd=12 bytes=23 path=/dev/cu.usbmodem1234561
00000000  a1 00 17 60 fa 3a 47 6d c0 92 fd ac 71 a5 bc 7c  |...`.:Gm....q..||
00000010  1c 90 e4 66 88 df 5a                             |...f..Z|

[1785500239.941811] RX fd=12 bytes=21 path=/dev/cu.usbmodem1234561
00000000  b1 00 15 c9 46 43 27 d7 c3 87 ae 63 3b a9 b2 3c  |....FC'....c;..<|
00000010  36 ad 32 f1 a0                                   |6.2..|

[1785500240.041681] TX fd=12 bytes=23 path=/dev/cu.usbmodem1234561
00000000  a1 00 17 60 fa 3a 47 6d c0 92 fd ac 71 a5 bc 7c  |...`.:Gm....q..||
00000010  1c 90 e4 66 88 df 5a                             |...f..Z|

[1785500240.042117] RX fd=12 bytes=21 path=/dev/cu.usbmodem1234561
00000000  b1 00 15 c9 46 43 27 d7 c3 87 ae 63 3b a9 b2 3c  |....FC'....c;..<|
00000010  36 ad 32 f1 a0                                   |6.2..|

[1785500240.141249] TX fd=12 bytes=23 path=/dev/cu.usbmodem1234561
00000000  a1 00 17 60 fa 3a 47 6d c0 92 fd ac 71 a5 bc 7c  |...`.:Gm....q..||
00000010  1c 90 e4 66 88 df 5a                             |...f..Z|

[1785500240.141742] RX fd=12 bytes=21 path=/dev/cu.usbmodem1234561
00000000  b1 00 15 c9 46 43 27 d7 c3 87 ae 63 3b a9 b2 3c  |....FC'....c;..<|
00000010  36 ad 32 f1 a0                                   |6.2..|

[1785500240.241618] TX fd=12 bytes=23 path=/dev/cu.usbmodem1234561
00000000  a1 00 17 60 fa 3a 47 6d c0 92 fd ac 71 a5 bc 7c  |...`.:Gm....q..||
00000010  1c 90 e4 66 88 df 5a                             |...f..Z|

[1785500240.242060] RX fd=12 bytes=21 path=/dev/cu.usbmodem1234561
00000000  b1 00 15 c9 46 43 27 d7 c3 87 ae 63 3b a9 b2 3c  |....FC'....c;..<|
00000010  36 ad 32 f1 a0                                   |6.2..|

[1785500240.341049] TX fd=12 bytes=23 path=/dev/cu.usbmodem1234561
00000000  a1 00 17 60 fa 3a 47 6d c0 92 fd ac 71 a5 bc 7c  |...`.:Gm....q..||
00000010  1c 90 e4 66 88 df 5a                             |...f..Z|

[1785500240.341475] RX fd=12 bytes=21 path=/dev/cu.usbmodem1234561
00000000  b1 00 15 c9 46 43 27 d7 c3 87 ae 63 3b a9 b2 3c  |....FC'....c;..<|
00000010  36 ad 32 f1 a0                                   |6.2..|

[1785500240.441560] TX fd=12 bytes=23 path=/dev/cu.usbmodem1234561
00000000  a1 00 17 60 fa 3a 47 6d c0 92 fd ac 71 a5 bc 7c  |...`.:Gm....q..||
00000010  1c 90 e4 66 88 df 5a                             |...f..Z|

[1785500240.442047] RX fd=12 bytes=21 path=/dev/cu.usbmodem1234561
00000000  b1 00 15 c9 46 43 27 d7 c3 87 ae 63 3b a9 b2 3c  |....FC'....c;..<|
00000010  36 ad 32 f1 a0                                   |6.2..|

[1785500240.541243] TX fd=12 bytes=23 path=/dev/cu.usbmodem1234561
00000000  a1 00 17 60 fa 3a 47 6d c0 92 fd ac 71 a5 bc 7c  |...`.:Gm....q..||
00000010  1c 90 e4 66 88 df 5a                             |...f..Z|

[1785500240.541665] RX fd=12 bytes=21 path=/dev/cu.usbmodem1234561
00000000  b1 00 15 c9 46 43 27 d7 c3 87 ae 63 3b a9 b2 3c  |....FC'....c;..<|
00000010  36 ad 32 f1 a0                                   |6.2..|

[1785500240.641987] TX fd=12 bytes=23 path=/dev/cu.usbmodem1234561
00000000  a1 00 17 60 fa 3a 47 6d c0 92 fd ac 71 a5 bc 7c  |...`.:Gm....q..||
00000010  1c 90 e4 66 88 df 5a                             |...f..Z|

[1785500240.642439] RX fd=12 bytes=21 path=/dev/cu.usbmodem1234561
00000000  b1 00 15 c9 46 43 27 d7 c3 87 ae 63 3b a9 b2 3c  |....FC'....c;..<|
00000010  36 ad 32 f1 a0                                   |6.2..|

[1785500240.740967] TX fd=12 bytes=23 path=/dev/cu.usbmodem1234561
00000000  a1 00 17 60 fa 3a 47 6d c0 92 fd ac 71 a5 bc 7c  |...`.:Gm....q..||
00000010  1c 90 e4 66 88 df 5a                             |...f..Z|

[1785500240.741507] RX fd=12 bytes=21 path=/dev/cu.usbmodem1234561
00000000  b1 00 15 c9 46 43 27 d7 c3 87 ae 63 3b a9 b2 3c  |....FC'....c;..<|
00000010  36 ad 32 f1 a0                                   |6.2..|

[1785500240.841753] TX fd=12 bytes=23 path=/dev/cu.usbmodem1234561
00000000  a1 00 17 23 6e 82 73 5f ae 14 14 a2 05 1d 9e ac  |...#n.s_........|
00000010  82 16 7d 66 88 ab 13                             |..}f...|

[1785500240.842209] RX fd=12 bytes=21 path=/dev/cu.usbmodem1234561
00000000  b1 00 15 bf 13 53 5a 1c 3b 36 f4 5c bf ce dd b2  |.....SZ.;6.\....|
00000010  04 d1 ef c4 a4                                   |.....|

[1785500240.861824] TX fd=12 bytes=23 path=/dev/cu.usbmodem1234561
00000000  a1 00 17 60 fa 3a 47 6d c0 92 fd ac 71 a5 bc 7c  |...`.:Gm....q..||
00000010  1c 90 e4 66 88 df 5a                             |...f..Z|

[1785500240.862285] RX fd=12 bytes=21 path=/dev/cu.usbmodem1234561
00000000  b1 00 15 c9 46 43 27 d7 c3 87 ae 63 3b a9 b2 3c  |....FC'....c;..<|
00000010  36 ad 32 f1 a0                                   |6.2..|

[1785500240.941213] TX fd=12 bytes=23 path=/dev/cu.usbmodem1234561
00000000  a1 00 17 60 fa 3a 47 6d c0 92 fd ac 71 a5 bc 7c  |...`.:Gm....q..||
00000010  1c 90 e4 66 88 df 5a                             |...f..Z|

[1785500240.941630] RX fd=12 bytes=21 path=/dev/cu.usbmodem1234561
00000000  b1 00 15 c9 46 43 27 d7 c3 87 ae 63 3b a9 b2 3c  |....FC'....c;..<|
00000010  36 ad 32 f1 a0                                   |6.2..|

[1785500241.041645] TX fd=12 bytes=23 path=/dev/cu.usbmodem1234561
00000000  a1 00 17 60 fa 3a 47 6d c0 92 fd ac 71 a5 bc 7c  |...`.:Gm....q..||
00000010  1c 90 e4 66 88 df 5a                             |...f..Z|

[1785500241.042098] RX fd=12 bytes=21 path=/dev/cu.usbmodem1234561
00000000  b1 00 15 c9 46 43 27 d7 c3 87 ae 63 3b a9 b2 3c  |....FC'....c;..<|
00000010  36 ad 32 f1 a0                                   |6.2..|

[1785500241.141951] TX fd=12 bytes=23 path=/dev/cu.usbmodem1234561
00000000  a1 00 17 60 fa 3a 47 6d c0 92 fd ac 71 a5 bc 7c  |...`.:Gm....q..||
00000010  1c 90 e4 66 88 df 5a                             |...f..Z|

[1785500241.142568] RX fd=12 bytes=21 path=/dev/cu.usbmodem1234561
00000000  b1 00 15 c9 46 43 27 d7 c3 87 ae 63 3b a9 b2 3c  |....FC'....c;..<|
00000010  36 ad 32 f1 a0                                   |6.2..|

[1785500241.241804] TX fd=12 bytes=23 path=/dev/cu.usbmodem1234561
00000000  a1 00 17 60 fa 3a 47 6d c0 92 fd ac 71 a5 bc 7c  |...`.:Gm....q..||
00000010  1c 90 e4 66 88 df 5a                             |...f..Z|

[1785500241.242234] RX fd=12 bytes=21 path=/dev/cu.usbmodem1234561
00000000  b1 00 15 c9 46 43 27 d7 c3 87 ae 63 3b a9 b2 3c  |....FC'....c;..<|
00000010  36 ad 32 f1 a0                                   |6.2..|

[1785500241.341047] TX fd=12 bytes=23 path=/dev/cu.usbmodem1234561
00000000  a1 00 17 60 fa 3a 47 6d c0 92 fd ac 71 a5 bc 7c  |...`.:Gm....q..||
00000010  1c 90 e4 66 88 df 5a                             |...f..Z|

[1785500241.341472] RX fd=12 bytes=21 path=/dev/cu.usbmodem1234561
00000000  b1 00 15 c9 46 43 27 d7 c3 87 ae 63 3b a9 b2 3c  |....FC'....c;..<|
00000010  36 ad 32 f1 a0                                   |6.2..|

[1785500241.441122] TX fd=12 bytes=23 path=/dev/cu.usbmodem1234561
00000000  a1 00 17 60 fa 3a 47 6d c0 92 fd ac 71 a5 bc 7c  |...`.:Gm....q..||
00000010  1c 90 e4 66 88 df 5a                             |...f..Z|

[1785500241.441553] RX fd=12 bytes=21 path=/dev/cu.usbmodem1234561
00000000  b1 00 15 c9 46 43 27 d7 c3 87 ae 63 3b a9 b2 3c  |....FC'....c;..<|
00000010  36 ad 32 f1 a0                                   |6.2..|

[1785500241.541471] TX fd=12 bytes=23 path=/dev/cu.usbmodem1234561
00000000  a1 00 17 60 fa 3a 47 6d c0 92 fd ac 71 a5 bc 7c  |...`.:Gm....q..||
00000010  1c 90 e4 66 88 df 5a                             |...f..Z|

[1785500241.541907] RX fd=12 bytes=21 path=/dev/cu.usbmodem1234561
00000000  b1 00 15 c9 46 43 27 d7 c3 87 ae 63 3b a9 b2 3c  |....FC'....c;..<|
00000010  36 ad 32 f1 a0                                   |6.2..|

[1785500241.641150] TX fd=12 bytes=23 path=/dev/cu.usbmodem1234561
00000000  a1 00 17 60 fa 3a 47 6d c0 92 fd ac 71 a5 bc 7c  |...`.:Gm....q..||
00000010  1c 90 e4 66 88 df 5a                             |...f..Z|

[1785500241.641594] RX fd=12 bytes=21 path=/dev/cu.usbmodem1234561
00000000  b1 00 15 c9 46 43 27 d7 c3 87 ae 63 3b a9 b2 3c  |....FC'....c;..<|
00000010  36 ad 32 f1 a0                                   |6.2..|

[1785500241.742029] TX fd=12 bytes=23 path=/dev/cu.usbmodem1234561
00000000  a1 00 17 60 fa 3a 47 6d c0 92 fd ac 71 a5 bc 7c  |...`.:Gm....q..||
00000010  1c 90 e4 66 88 df 5a                             |...f..Z|

[1785500241.742501] RX fd=12 bytes=21 path=/dev/cu.usbmodem1234561
00000000  b1 00 15 c9 46 43 27 d7 c3 87 ae 63 3b a9 b2 3c  |....FC'....c;..<|
00000010  36 ad 32 f1 a0                                   |6.2..|

[1785500241.817284] RX fd=12 bytes=21 path=/dev/cu.usbmodem1234561
00000000  b1 00 15 0d f4 dc db d7 7e 37 67 6c 38 0b 4a 83  |........~7gl8.J.|
00000010  50 32 c2 64 d9                                   |P2.d.|

[1785500241.817971] RX fd=12 bytes=21 path=/dev/cu.usbmodem1234561
00000000  b1 00 15 fe 6c 82 52 52 ed c3 bf 40 d8 b7 4b fb  |....l.RR...@..K.|
00000010  99 c1 99 50 aa                                   |...P.|

[1785500241.972589] TX fd=12 bytes=23 path=/dev/cu.usbmodem1234561
00000000  a1 00 17 60 fa 3a 47 6d c0 92 fd ac 71 a5 bc 7c  |...`.:Gm....q..||
00000010  1c 90 e4 66 88 df 5a                             |...f..Z|

[1785500241.973260] RX fd=12 bytes=21 path=/dev/cu.usbmodem1234561
00000000  b1 00 15 c9 46 43 27 d7 c3 87 ae 63 3b a9 b2 3c  |....FC'....c;..<|
00000010  36 ad 32 f1 a0                                   |6.2..|

[1785500243.832649] TX fd=12 bytes=23 path=/dev/cu.usbmodem1234561
00000000  a1 00 17 23 6e 82 73 5f ae 14 14 a2 05 1d 9e ac  |...#n.s_........|
00000010  82 16 7d 66 88 ab 13                             |..}f...|

[1785500243.833108] RX fd=12 bytes=21 path=/dev/cu.usbmodem1234561
00000000  b1 00 15 68 9e 4d 78 c0 eb b7 af 17 e1 39 b1 de  |...h.Mx......9..|
00000010  9d 68 91 79 a8                                   |.h.y.|
